image_name,task,object,affordance,note,raw_json
000000059403.jpg,open_parcel,,button,,"{""affordance"": ""button""}"
000000084034.jpg,open_parcel,,button,Circular red outline indicating pressable functionality,"{""affordance"": ""button"", ""type"": ""interactive"", ""description"": ""Circular red outline indicating pressable functionality""}"
000000113126.jpg,open_parcel,button,clickable,,"{""affordance"": ""clickable"", ""element"": ""button""}"
000000121226.jpg,open_parcel,,button,Red circular button with visible label,"{""affordances"": [{""type"": ""button"", ""description"": ""Red circular button with visible label""}, {""type"": ""text_field"", ""description"": ""Input field for text entry""}]}"
000000121226.jpg,open_parcel,,text_field,Input field for text entry,"{""affordances"": [{""type"": ""button"", ""description"": ""Red circular button with visible label""}, {""type"": ""text_field"", ""description"": ""Input field for text entry""}]}"
000000131487.jpg,open_parcel,,button,Interactive rectangular button with plus sign indicating add functionality,"{""affordance_type"": ""button"", ""description"": ""Interactive rectangular button with plus sign indicating add functionality""}"
000000135193.jpg,open_parcel,,The image shows a rectangular button labeled 'Buy Now' indicating a call-to-action for purchasing items.,,"{""affordance"": ""The image shows a rectangular button labeled 'Buy Now' indicating a call-to-action for purchasing items.""}"
000000139721.jpg,open_parcel,,button,"Rectangular button with rounded corners, blue background, white text label 'Submit'","{""affordance_type"": ""button"", ""description"": ""Rectangular button with rounded corners, blue background, white text label 'Submit'""}"
000000151790.jpg,open_parcel,,button,Interactive element for action initiation,"{""affordances"": [{""type"": ""button"", ""description"": ""Interactive element for action initiation""}, {""type"": ""handle"", ""description"": ""Physical grip point for opening/closing""}]}"
000000151790.jpg,open_parcel,,handle,Physical grip point for opening/closing,"{""affordances"": [{""type"": ""button"", ""description"": ""Interactive element for action initiation""}, {""type"": ""handle"", ""description"": ""Physical grip point for opening/closing""}]}"
000000168291.jpg,open_parcel,,door handle,,"{""affordance"": ""door handle"", ""type"": ""interior""}"
000000188509.jpg,open_parcel,,open/close,,"{""affordances"": [{""type"": ""door_handle"", ""action"": ""open/close""}, {""type"": ""lock"", ""action"": ""unlock/lock""}]}"
000000188509.jpg,open_parcel,,unlock/lock,,"{""affordances"": [{""type"": ""door_handle"", ""action"": ""open/close""}, {""type"": ""lock"", ""action"": ""unlock/lock""}]}"
000000188673.jpg,open_parcel,,add_button,Plus icon indicating addition functionality,"{""affordance_type"": ""add_button"", ""description"": ""Plus icon indicating addition functionality""}"
000000201120.jpg,open_parcel,,button,A clickable button for navigation,"{""affordances"": [{""type"": ""button"", ""description"": ""A clickable button for navigation""}]}"
000000206998.jpg,open_parcel,,button,,"{""affordance"": ""button"", ""type"": ""clickable""}"
000000211041.jpg,open_parcel,,"[""button"", ""handle""]",,"{""affordance"": [""button"", ""handle""]}"
000000215226.jpg,open_parcel,,"[{""type"": ""none"", ""reason"": ""No visual elements provided""}]",,"{""affordance"": [{""type"": ""none"", ""reason"": ""No visual elements provided""}]}"
000000223362.jpg,open_parcel,,button handle,,"{""affordance"": ""button handle""}"
000000225654.jpg,open_parcel,,button,Red circular button with white text and raised edges,"{""affordance_type"": ""button"", ""description"": ""Red circular button with white text and raised edges""}"
000000254167.jpg,open_parcel,,handle,Physical handle for opening doors,"{""affordance_type"": ""handle"", ""description"": ""Physical handle for opening doors""}"
000000258135.jpg,open_parcel,,"[{""type"": ""button"", ""description"": ""Click to activate""}]",,"{""affordance"": [{""type"": ""button"", ""description"": ""Click to activate""}]}"
000000260167.jpg,open_parcel,,button,clickable,"{""affordances"": [{""type"": ""button"", ""description"": ""clickable""}]}"
000000264769.jpg,open_parcel,,button,Circular button with red border indicating clickable,"{""affordances"": [{""type"": ""button"", ""description"": ""Circular button with red border indicating clickable""}]}"
000000266379.jpg,open_parcel,,button,Red rectangular button with white text 'Submit' on a dark background,"{""affordance_type"": ""button"", ""description"": ""Red rectangular button with white text 'Submit' on a dark background""}"
000000287098.jpg,open_parcel,,pressable_button,A circular button on a flat surface that allows pressing to activate a function.,"{""affordance_type"": ""pressable_button"", ""description"": ""A circular button on a flat surface that allows pressing to activate a function."", ""context"": {""object"": ""button"", ""surface"": ""flat""}, ""objects"": [], ""affordances"": []}"
000000292912.jpg,open_parcel,,pressable_button,A circular button on a flat surface that allows pressing to activate a function.,"{""affordance_type"": ""pressable_button"", ""description"": ""A circular button on a flat surface that allows pressing to activate a function."", ""context"": {""object"": ""button"", ""surface"": ""flat""}, ""objects"": [], ""affordances"": []}"
000000295135.jpg,open_parcel,,pressable_button,A circular button on a flat surface that allows pressing to activate a function.,"{""affordance_type"": ""pressable_button"", ""description"": ""A circular button on a flat surface that allows pressing to activate a function."", ""context"": {""object"": ""button"", ""surface"": ""flat""}, ""objects"": [], ""affordances"": []}"
000000299349.jpg,open_parcel,,pressable_button,A circular button on a flat surface that allows pressing to activate a function.,"{""affordance_type"": ""pressable_button"", ""description"": ""A circular button on a flat surface that allows pressing to activate a function."", ""context"": {""object"": ""button"", ""surface"": ""flat""}, ""objects"": [], ""affordances"": []}"
000000303485.jpg,open_parcel,,button,A circular red button with white text and raised edges,"{""affordance_type"": ""button"", ""description"": ""A circular red button with white text and raised edges"", ""objects"": [], ""affordances"": []}"
000000305713.jpg,open_parcel,,pressable_button,A circular button on a flat surface that allows pressing to activate a function.,"{""affordance_type"": ""pressable_button"", ""description"": ""A circular button on a flat surface that allows pressing to activate a function."", ""context"": {""object"": ""button"", ""surface"": ""flat""}, ""objects"": [], ""affordances"": []}"
000000311635.jpg,open_parcel,,button,Circular button with red border and white text labeled 'Submit' on a dark background.,"{""affordance_type"": ""button"", ""description"": ""Circular button with red border and white text labeled 'Submit' on a dark background."", ""confidence"": 0.92, ""objects"": [], ""affordances"": []}"
000000315938.jpg,open_parcel,door; button,unknown,"{""affordance_type"": ""unknown"", ""confidence_score"": 0.75, ""details"": [{""object"": ""door"", ""type"": ""open""}, {""object"": ""button"", ""type"": ""pressed""}]}","{""image_analysis"": {""affordance_type"": ""unknown"", ""confidence_score"": 0.75, ""details"": [{""object"": ""door"", ""type"": ""open""}, {""object"": ""button"", ""type"": ""pressed""}]}, ""objects"": [], ""affordances"": []}"
000000317512.jpg,open_parcel,,button,A circular red button with white text and raised edges,"{""affordance_type"": ""button"", ""description"": ""A circular red button with white text and raised edges"", ""objects"": [], ""affordances"": []}"
000000321610.jpg,open_parcel,,button,A circular red button with white text and raised edges,"{""affordance_type"": ""button"", ""description"": ""A circular red button with white text and raised edges"", ""objects"": [], ""affordances"": []}"
000000326035.jpg,open_parcel,,button,Circular button with red border and white text labeled 'Submit' on a dark background.,"{""affordance_type"": ""button"", ""description"": ""Circular button with red border and white text labeled 'Submit' on a dark background."", ""confidence"": 0.92, ""objects"": [], ""affordances"": []}"
000000336046.jpg,open_parcel,door; button,unknown,"{""affordance_type"": ""unknown"", ""confidence_score"": 0.75, ""details"": [{""object"": ""door"", ""type"": ""open""}, {""object"": ""button"", ""type"": ""pressed""}]}","{""image_analysis"": {""affordance_type"": ""unknown"", ""confidence_score"": 0.75, ""details"": [{""object"": ""door"", ""type"": ""open""}, {""object"": ""button"", ""type"": ""pressed""}]}, ""objects"": [], ""affordances"": []}"
000000350549.jpg,open_parcel,,handle,Metallic door handle with textured surface for improved grip,"{""image_id"": ""img_001"", ""affordance_type"": ""handle"", ""description"": ""Metallic door handle with textured surface for improved grip"", ""objects"": [], ""affordances"": []}"
000000363080.jpg,open_parcel,,button,Circular button with red border and white text labeled 'Submit' on a dark background.,"{""affordance_type"": ""button"", ""description"": ""Circular button with red border and white text labeled 'Submit' on a dark background."", ""confidence"": 0.92, ""objects"": [], ""affordances"": []}"
000000371157.jpg,open_parcel,door; button,unknown,"{""affordance_type"": ""unknown"", ""confidence_score"": 0.75, ""details"": [{""object"": ""door"", ""type"": ""open""}, {""object"": ""button"", ""type"": ""pressed""}]}","{""image_analysis"": {""affordance_type"": ""unknown"", ""confidence_score"": 0.75, ""details"": [{""object"": ""door"", ""type"": ""open""}, {""object"": ""button"", ""type"": ""pressed""}]}, ""objects"": [], ""affordances"": []}"
000000376848.jpg,open_parcel,,button,A rectangular button labeled 'Submit' with blue background and white text.,"{""affordance_type"": ""button"", ""description"": ""A rectangular button labeled 'Submit' with blue background and white text."", ""confidence_level"": 0.95, ""objects"": [], ""affordances"": []}"
000000389326.jpg,open_parcel,,button,A rectangular button with rounded corners labeled 'Submit' in white text on a blue background.,"{""affordance_type"": ""button"", ""description"": ""A rectangular button with rounded corners labeled 'Submit' in white text on a blue background."", ""confidence_score"": 0.9, ""objects"": [], ""affordances"": []}"
000000389335.jpg,open_parcel,,handle,Metallic door handle with textured surface for improved grip,"{""image_id"": ""img_001"", ""affordance_type"": ""handle"", ""description"": ""Metallic door handle with textured surface for improved grip"", ""objects"": [], ""affordances"": []}"
000000399873.jpg,open_parcel,,door_handle,a circular handle indicating opening action,"{""affordance_type"": ""door_handle"", ""description"": ""a circular handle indicating opening action"", ""objects"": [], ""affordances"": []}"
000000414122.jpg,open_parcel,handle,handle,Metallic handle for opening/closing the door,"{""type"": ""door"", ""affordances"": [{""name"": ""handle"", ""description"": ""Metallic handle for opening/closing the door""}, {""name"": ""button"", ""description"": ""Button to activate closing mechanism""}], ""objects"": []}"
000000414122.jpg,open_parcel,button,button,Button to activate closing mechanism,"{""type"": ""door"", ""affordances"": [{""name"": ""handle"", ""description"": ""Metallic handle for opening/closing the door""}, {""name"": ""button"", ""description"": ""Button to activate closing mechanism""}], ""objects"": []}"
000000418141.jpg,open_parcel,,button,Red rectangular button with white text 'Click Me',"{""affordances"": [{""type"": ""button"", ""description"": ""Red rectangular button with white text 'Click Me'""}], ""objects"": []}"
000000436319.jpg,open_parcel,,handle,Metallic door handle with textured surface for improved grip,"{""image_id"": ""img_001"", ""affordance_type"": ""handle"", ""description"": ""Metallic door handle with textured surface for improved grip"", ""objects"": [], ""affordances"": []}"
000000450963.jpg,open_parcel,,door handle,Metallic knob for opening and closing doors.,"{""affordance_type"": ""door handle"", ""description"": ""Metallic knob for opening and closing doors."", ""confidence"": 0.95, ""objects"": [], ""affordances"": []}"
000000463070.jpg,open_parcel,,pressable_button,A circular button on a flat surface that allows pressing to activate a function.,"{""affordance_type"": ""pressable_button"", ""description"": ""A circular button on a flat surface that allows pressing to activate a function."", ""context"": {""object"": ""button"", ""surface"": ""flat""}, ""objects"": [], ""affordances"": []}"
000000479508.jpg,open_parcel,,button,Red rectangular button labeled 'Submit' indicating clickable action for form submission.,"{""affordance_type"": ""button"", ""description"": ""Red rectangular button labeled 'Submit' indicating clickable action for form submission."", ""confidence_score"": 0.95, ""objects"": [], ""affordances"": []}"
000000485481.jpg,open_parcel,,button,A circular red button with white text and raised edges,"{""affordance_type"": ""button"", ""description"": ""A circular red button with white text and raised edges"", ""objects"": [], ""affordances"": []}"
000000504152.jpg,open_parcel,,button,Circular button with red border and white text labeled 'Submit' on a dark background.,"{""affordance_type"": ""button"", ""description"": ""Circular button with red border and white text labeled 'Submit' on a dark background."", ""confidence"": 0.92, ""objects"": [], ""affordances"": []}"
000000514404.jpg,open_parcel,,button,Circular button with text 'Submit',"{""affordance_type"": ""button"", ""description"": ""Circular button with text 'Submit'"", ""confidence"": 0.95, ""objects"": [], ""affordances"": []}"
000000524645.jpg,open_parcel,door; button,unknown,"{""affordance_type"": ""unknown"", ""confidence_score"": 0.75, ""details"": [{""object"": ""door"", ""type"": ""open""}, {""object"": ""button"", ""type"": ""pressed""}]}","{""image_analysis"": {""affordance_type"": ""unknown"", ""confidence_score"": 0.75, ""details"": [{""object"": ""door"", ""type"": ""open""}, {""object"": ""button"", ""type"": ""pressed""}]}, ""objects"": [], ""affordances"": []}"
000000547147.jpg,open_parcel,,handle,Metallic door handle with textured surface for improved grip,"{""image_id"": ""img_001"", ""affordance_type"": ""handle"", ""description"": ""Metallic door handle with textured surface for improved grip"", ""objects"": [], ""affordances"": []}"
000000561314.jpg,open_parcel,,button,A circular button with red border and white text indicating 'Submit',"{""affordance_type"": ""button"", ""description"": ""A circular button with red border and white text indicating 'Submit'"", ""objects"": [], ""affordances"": []}"
000000561369.jpg,open_parcel,,,"{""type"": ""affordance"", ""description"": ""The image shows a door handle and lock mechanism indicating interactive elements for opening/closing."", ""category"": ""door"", ""objects"": [], ""affordances"": []}","{""type"": ""affordance"", ""description"": ""The image shows a door handle and lock mechanism indicating interactive elements for opening/closing."", ""category"": ""door"", ""objects"": [], ""affordances"": []}"
000000563763.jpg,open_parcel,,button,A rectangular button labeled 'Submit' with blue background and white text.,"{""affordance_type"": ""button"", ""description"": ""A rectangular button labeled 'Submit' with blue background and white text."", ""confidence_level"": 0.95, ""objects"": [], ""affordances"": []}"
000000573973.jpg,open_parcel,,,"{""type"": ""button"", ""description"": ""Circular button labeled 'Click' for initiating action."", ""action"": ""click"", ""objects"": [], ""affordances"": []}","{""type"": ""button"", ""description"": ""Circular button labeled 'Click' for initiating action."", ""action"": ""click"", ""objects"": [], ""affordances"": []}"
000009939.jpg,open_parcel,,button,A red circular button labeled 'Submit' on a form.,"{""affordance_type"": ""button"", ""description"": ""A red circular button labeled 'Submit' on a form."", ""objects"": [], ""affordances"": []}"
000014871.jpg,open_parcel,,button,A rectangular button with rounded corners labeled 'Submit' in white text on a blue background.,"{""affordance_type"": ""button"", ""description"": ""A rectangular button with rounded corners labeled 'Submit' in white text on a blue background."", ""confidence_score"": 0.9, ""objects"": [], ""affordances"": []}"
000014877.jpg,open_parcel,,button,A circular button for activating an alarm system,"{""affordances"": [{""type"": ""button"", ""description"": ""A circular button for activating an alarm system""}, {""type"": ""handle"", ""description"": ""A lever-like structure for opening a door""}], ""objects"": []}"
000014877.jpg,open_parcel,,handle,A lever-like structure for opening a door,"{""affordances"": [{""type"": ""button"", ""description"": ""A circular button for activating an alarm system""}, {""type"": ""handle"", ""description"": ""A lever-like structure for opening a door""}], ""objects"": []}"
000014995.jpg,open_parcel,,door_handle,a circular handle indicating opening action,"{""affordance_type"": ""door_handle"", ""description"": ""a circular handle indicating opening action"", ""objects"": [], ""affordances"": []}"
000016788.jpg,open_parcel,handle,handle,Metallic handle for opening/closing the door,"{""type"": ""door"", ""affordances"": [{""name"": ""handle"", ""description"": ""Metallic handle for opening/closing the door""}, {""name"": ""button"", ""description"": ""Button to activate closing mechanism""}], ""objects"": []}"
000016788.jpg,open_parcel,button,button,Button to activate closing mechanism,"{""type"": ""door"", ""affordances"": [{""name"": ""handle"", ""description"": ""Metallic handle for opening/closing the door""}, {""name"": ""button"", ""description"": ""Button to activate closing mechanism""}], ""objects"": []}"
000041637.jpg,open_parcel,,button,Red rectangular button with white text 'Click Me',"{""affordances"": [{""type"": ""button"", ""description"": ""Red rectangular button with white text 'Click Me'""}], ""objects"": []}"
000041663.jpg,open_parcel,,button,"A rectangular button with rounded corners displaying 'Click Me' in bold text. The background is light gray, and the text is dark blue for contrast.","{""affordance_type"": ""button"", ""description"": ""A rectangular button with rounded corners displaying 'Click Me' in bold text. The background is light gray, and the text is dark blue for contrast."", ""interaction_hint"": ""Visual cue indicating clickable action through contrasting color scheme and clear typography."", ""objects"": [], ""affordances"": []}"
000041669.jpg,open_parcel,,device,,"{""image_analysis"": ""A smartphone screen displaying a camera interface with visible icons and text."", ""affordance_type"": ""device"", ""confidence_score"": 0.95, ""objects"": [], ""affordances"": []}"
000057341.jpg,open_parcel,,button,Interactive rectangular button labeled 'Buy' with circular highlight,"{""affordances"": [{""type"": ""button"", ""description"": ""Interactive rectangular button labeled 'Buy' with circular highlight""}, {""type"": ""handle"", ""description"": ""Circular handle for gripping a door or object""}], ""objects"": []}"
000057341.jpg,open_parcel,,handle,Circular handle for gripping a door or object,"{""affordances"": [{""type"": ""button"", ""description"": ""Interactive rectangular button labeled 'Buy' with circular highlight""}, {""type"": ""handle"", ""description"": ""Circular handle for gripping a door or object""}], ""objects"": []}"
000063884.jpg,open_parcel,,door handle,Metallic knob for opening and closing doors.,"{""affordance_type"": ""door handle"", ""description"": ""Metallic knob for opening and closing doors."", ""confidence"": 0.95, ""objects"": [], ""affordances"": []}"
000063890.jpg,open_parcel,,opening,A doorknob allowing opening of the door,"{""affordance_type"": ""opening"", ""description"": ""A doorknob allowing opening of the door"", ""confidence"": 0.95, ""objects"": [], ""affordances"": []}"
000063909.jpg,open_parcel,,button,A rectangular button labeled 'Submit' with a blue background and white text positioned at the top right corner of the screen.,"{""affordance_type"": ""button"", ""description"": ""A rectangular button labeled 'Submit' with a blue background and white text positioned at the top right corner of the screen."", ""objects"": [], ""affordances"": []}"
000064031.jpg,open_parcel,,string,A brief description of the visual element or scene.,"{""type"": ""string"", ""description"": ""A brief description of the visual element or scene."", ""affordance_type"": ""string"", ""objects"": [], ""affordances"": []}"
000064035.jpg,open_parcel,,door_handle,A handle on a door for opening and closing functionality,"{""affordance_type"": ""door_handle"", ""description"": ""A handle on a door for opening and closing functionality"", ""objects"": [], ""affordances"": []}"
000064062.jpg,open_parcel,,,"The image shows a smartphone screen displaying a home button with an oval shape and blue color. The button's design indicates it is interactive, providing a clear visual affordance for navigation back","{""image_analysis"": ""The image shows a smartphone screen displaying a home button with an oval shape and blue color. The button's design indicates it is interactive, providing a clear visual affordance for navigation back to the main interface."", ""objects"": [], ""affordances"": []}"
000064257.jpg,open_parcel,,,"The interface features a prominent red button with white text 'Submit' and an upward arrow icon, indicating clickable functionality.","{""image_analysis"": ""The interface features a prominent red button with white text 'Submit' and an upward arrow icon, indicating clickable functionality."", ""objects"": [], ""affordances"": []}"
000066989.jpg,open_parcel,,door_handle,A handle for opening/closing,"{""affordances"": [{""type"": ""door_handle"", ""description"": ""A handle for opening/closing""}, {""type"": ""button"", ""description"": ""A button to press""}], ""objects"": []}"
000066989.jpg,open_parcel,,button,A button to press,"{""affordances"": [{""type"": ""door_handle"", ""description"": ""A handle for opening/closing""}, {""type"": ""button"", ""description"": ""A button to press""}], ""objects"": []}"
0_1014_4346351458_36a917829e_c.jpg,open_parcel,,button,A rectangular clickable element labeled 'Submit' for form submission,"{""image_analysis"": {""affordance_type"": ""button"", ""description"": ""A rectangular clickable element labeled 'Submit' for form submission""}, ""objects"": [], ""affordances"": []}"
0_1351_23305720039_62f07ecb25_c.jpg,open_parcel,,button,Red rectangular button labeled 'Submit' indicating clickable action for form submission.,"{""affordance_type"": ""button"", ""description"": ""Red rectangular button labeled 'Submit' indicating clickable action for form submission."", ""confidence_score"": 0.95, ""objects"": [], ""affordances"": []}"
0_1380_4122254951_f30f02f07a_c.jpg,open_parcel,,,Annotated image showing a wooden door with visible metal handle and keyhole mechanism.,"{""image_analysis"": ""Annotated image showing a wooden door with visible metal handle and keyhole mechanism."", ""affordances_detected"": [""handle"", ""lock""], ""confidence_level"": 0.95, ""objects"": [], ""affordances"": []}"
0_2203_5295648781_893c4cb2a1_c.jpg,open_parcel,,,"[""button"", ""handle""]","{""image_analysis"": [""button"", ""handle""], ""objects"": [], ""affordances"": []}"
0_2573_1514255359_8c4c61b35e_c.jpg,open_parcel,,pressable,,"{""type"": ""button"", ""category"": ""interactive element"", ""affordance_type"": ""pressable"", ""objects"": [], ""affordances"": []}"
0_2977_5243437696_f3e290f9b7_c.jpg,open_parcel,,button,Circular button with text 'Submit',"{""affordance_type"": ""button"", ""description"": ""Circular button with text 'Submit'"", ""confidence"": 0.95, ""objects"": [], ""affordances"": []}"
0_951_4951666331_8ff2b59de5_c.jpg,open_parcel,,,The image shows a circular button with blue background and white text 'Submit'. It has clear visual cues indicating it can be pressed to activate a function.,"{""image_analysis"": ""The image shows a circular button with blue background and white text 'Submit'. It has clear visual cues indicating it can be pressed to activate a function."", ""objects"": [], ""affordances"": []}"
10_1382_2979976202_0122a600a5_c.jpg,open_parcel,,button,,"{""affordances"": [""button"", ""door handle""], ""objects"": []}"
10_1382_2979976202_0122a600a5_c.jpg,open_parcel,,door handle,,"{""affordances"": [""button"", ""door handle""], ""objects"": []}"
10_1440_15265162343_bdeee9f41b_c.jpg,open_parcel,,button,Circular button with blue background,"{""affordances"": [{""type"": ""button"", ""description"": ""Circular button with blue background""}, {""type"": ""handle"", ""description"": ""Metallic lever for opening/closing""}], ""objects"": []}"
10_1440_15265162343_bdeee9f41b_c.jpg,open_parcel,,handle,Metallic lever for opening/closing,"{""affordances"": [{""type"": ""button"", ""description"": ""Circular button with blue background""}, {""type"": ""handle"", ""description"": ""Metallic lever for opening/closing""}], ""objects"": []}"
11_1114_759604439_d3c41dc192_c.jpg,open_parcel,,button,A circular button with red border and white text indicating 'Submit',"{""affordance_type"": ""button"", ""description"": ""A circular button with red border and white text indicating 'Submit'"", ""objects"": [], ""affordances"": []}"
11_1246_232627405_8d23bccd00_c.jpg,open_parcel,,,"{""type"": ""affordance"", ""description"": ""The image shows a door handle and lock mechanism indicating interactive elements for opening/closing."", ""category"": ""door"", ""objects"": [], ""affordances"": []}","{""type"": ""affordance"", ""description"": ""The image shows a door handle and lock mechanism indicating interactive elements for opening/closing."", ""category"": ""door"", ""objects"": [], ""affordances"": []}"
11_1480_285736234_8205d5aebd_c.jpg,open_parcel,,,"{""type"": ""button"", ""description"": ""Circular button labeled 'Click' for initiating action."", ""action"": ""click"", ""objects"": [], ""affordances"": []}","{""type"": ""button"", ""description"": ""Circular button labeled 'Click' for initiating action."", ""action"": ""click"", ""objects"": [], ""affordances"": []}"
11_979_236359090_fc179f7572_c.jpg,open_parcel,,button,A red circular button labeled 'Submit' on a form.,"{""affordance_type"": ""button"", ""description"": ""A red circular button labeled 'Submit' on a form."", ""objects"": [], ""affordances"": []}"
12_1208_34403657832_02b3091d8c_c.jpg,open_parcel,,button,,"{""affordances"": [{""type"": ""button"", ""position"": ""top-right""}, {""type"": ""navigation_bar"", ""position"": ""bottom-center""}], ""objects"": []}"
12_1208_34403657832_02b3091d8c_c.jpg,open_parcel,,navigation_bar,,"{""affordances"": [{""type"": ""button"", ""position"": ""top-right""}, {""type"": ""navigation_bar"", ""position"": ""bottom-center""}], ""objects"": []}"
12_301_262073984_9fbc96eeb3_c.jpg,open_parcel,,button,A circular button for activating an alarm system,"{""affordances"": [{""type"": ""button"", ""description"": ""A circular button for activating an alarm system""}, {""type"": ""handle"", ""description"": ""A lever-like structure for opening a door""}], ""objects"": []}"
12_301_262073984_9fbc96eeb3_c.jpg,open_parcel,,handle,A lever-like structure for opening a door,"{""affordances"": [{""type"": ""button"", ""description"": ""A circular button for activating an alarm system""}, {""type"": ""handle"", ""description"": ""A lever-like structure for opening a door""}], ""objects"": []}"
13_222_5239328645_f5488be8d6_c.jpg,open_parcel,,button,A red rectangular button labeled 'Submit' with white text and black border.,"{""affordance_type"": ""button"", ""description"": ""A red rectangular button labeled 'Submit' with white text and black border."", ""objects"": [], ""affordances"": []}"
13_844_5206617228_1edbeca5a0_c.jpg,open_parcel,,button,"A rectangular button with rounded corners displaying 'Click Me' in bold text. The background is light gray, and the text is dark blue for contrast.","{""affordance_type"": ""button"", ""description"": ""A rectangular button with rounded corners displaying 'Click Me' in bold text. The background is light gray, and the text is dark blue for contrast."", ""interaction_hint"": ""Visual cue indicating clickable action through contrasting color scheme and clear typography."", ""objects"": [], ""affordances"": []}"
13_884_4739742647_cfe2cac4b1_c.jpg,open_parcel,,button,Click to submit form,"{""affordances"": [{""type"": ""button"", ""description"": ""Click to submit form""}, {""type"": ""door_handle"", ""description"": ""Open the door""}], ""objects"": []}"
13_884_4739742647_cfe2cac4b1_c.jpg,open_parcel,,door_handle,Open the door,"{""affordances"": [{""type"": ""button"", ""description"": ""Click to submit form""}, {""type"": ""door_handle"", ""description"": ""Open the door""}], ""objects"": []}"
13_939_48854816542_77b2f55d39_c.jpg,open_parcel,,opening,A door with visible handles allowing for opening.,"{""affordance_type"": ""opening"", ""description"": ""A door with visible handles allowing for opening."", ""confidence"": 0.9, ""objects"": [], ""affordances"": []}"
14_1107_94728289_cf8d57919e_c.jpg,open_parcel,,device,,"{""image_analysis"": ""A smartphone screen displaying a camera interface with visible icons and text."", ""affordance_type"": ""device"", ""confidence_score"": 0.95, ""objects"": [], ""affordances"": []}"
14_1688_31035640265_3bc1e50c31_c.jpg,open_parcel,,button,A rectangular button with rounded corners and text indicating 'Submit' functionality.,"{""affordance_type"": ""button"", ""description"": ""A rectangular button with rounded corners and text indicating 'Submit' functionality."", ""objects"": [], ""affordances"": []}"
14_256_26803011_6a9666830f_c.jpg,open_parcel,,button,Interactive rectangular button labeled 'Buy' with circular highlight,"{""affordances"": [{""type"": ""button"", ""description"": ""Interactive rectangular button labeled 'Buy' with circular highlight""}, {""type"": ""handle"", ""description"": ""Circular handle for gripping a door or object""}], ""objects"": []}"
14_256_26803011_6a9666830f_c.jpg,open_parcel,,handle,Circular handle for gripping a door or object,"{""affordances"": [{""type"": ""button"", ""description"": ""Interactive rectangular button labeled 'Buy' with circular highlight""}, {""type"": ""handle"", ""description"": ""Circular handle for gripping a door or object""}], ""objects"": []}"
14_328_3458928297_7116d9523d_c.jpg,open_parcel,,opening,A doorknob allowing opening of the door,"{""affordance_type"": ""opening"", ""description"": ""A doorknob allowing opening of the door"", ""confidence"": 0.95, ""objects"": [], ""affordances"": []}"
14_499_14864964493_f0d2f25c57_c.jpg,open_parcel,,open,The door is open and inviting for entry.,"{""affordance_type"": ""open"", ""description"": ""The door is open and inviting for entry."", ""confidence_score"": 0.95, ""objects"": [], ""affordances"": []}"
14_649_68417353_46c336ec41_c.jpg,open_parcel,,button,A rectangular button labeled 'Submit' with a blue background and white text positioned at the top right corner of the screen.,"{""affordance_type"": ""button"", ""description"": ""A rectangular button labeled 'Submit' with a blue background and white text positioned at the top right corner of the screen."", ""objects"": [], ""affordances"": []}"
15_1424_26116337255_400cd6e6d7_c.jpg,open_parcel,,button,"Circular button with blue background and white text labeled 'Submit', designed for interactive user action.","{""affordance_type"": ""button"", ""description"": ""Circular button with blue background and white text labeled 'Submit', designed for interactive user action."", ""confidence_score"": 0.92, ""objects"": [], ""affordances"": []}"
15_209_7988970084_db2a86cb61_c.jpg,open_parcel,,string,A brief description of the visual element or scene.,"{""type"": ""string"", ""description"": ""A brief description of the visual element or scene."", ""affordance_type"": ""string"", ""objects"": [], ""affordances"": []}"
15_2741_17789300899_1e1b351f7f_c.jpg,open_parcel,,door_handle,A handle on a door for opening and closing functionality,"{""affordance_type"": ""door_handle"", ""description"": ""A handle on a door for opening and closing functionality"", ""objects"": [], ""affordances"": []}"
15_809_7309544594_4678acb41d_c.jpg,open_parcel,,,"The image shows a smartphone screen displaying a home button with an oval shape and blue color. The button's design indicates it is interactive, providing a clear visual affordance for navigation back","{""image_analysis"": ""The image shows a smartphone screen displaying a home button with an oval shape and blue color. The button's design indicates it is interactive, providing a clear visual affordance for navigation back to the main interface."", ""objects"": [], ""affordances"": []}"
15_970_30405276234_58e5e653dd_c.jpg,open_parcel,,,"The interface features a prominent red button with white text 'Submit' and an upward arrow icon, indicating clickable functionality.","{""image_analysis"": ""The interface features a prominent red button with white text 'Submit' and an upward arrow icon, indicating clickable functionality."", ""objects"": [], ""affordances"": []}"
16_1025_44084606255_f94c354637_c.jpg,open_parcel,,door_handle,A handle for opening/closing,"{""affordances"": [{""type"": ""door_handle"", ""description"": ""A handle for opening/closing""}, {""type"": ""button"", ""description"": ""A button to press""}], ""objects"": []}"
16_1025_44084606255_f94c354637_c.jpg,open_parcel,,button,A button to press,"{""affordances"": [{""type"": ""door_handle"", ""description"": ""A handle for opening/closing""}, {""type"": ""button"", ""description"": ""A button to press""}], ""objects"": []}"
16_1855_4500662135_870510d0e5_c.jpg,open_parcel,,button,A red circular button labeled 'Submit' with white text and a subtle shadow effect.,"{""affordance_type"": ""button"", ""description"": ""A red circular button labeled 'Submit' with white text and a subtle shadow effect."", ""confidence_score"": 0.95, ""objects"": [], ""affordances"": []}"
16_2621_3838386589_ca0f42051a_c.jpg,open_parcel,,button,A rectangular button with a circular icon on it.,"{""affordance_type"": ""button"", ""description"": ""A rectangular button with a circular icon on it."", ""confidence_score"": 0.85, ""objects"": [], ""affordances"": []}"
16_379_14719569984_8f5f98d52e_c.jpg,open_parcel,,door handle,Metal handle on a door for opening,"{""affordances"": [{""type"": ""door handle"", ""description"": ""Metal handle on a door for opening""}], ""objects"": []}"
16_492_51091181448_8290f8c3d0_c.jpg,open_parcel,,button,A rectangular clickable element labeled 'Submit' for form submission,"{""image_analysis"": {""affordance_type"": ""button"", ""description"": ""A rectangular clickable element labeled 'Submit' for form submission""}, ""objects"": [], ""affordances"": []}"
16_810_2703072432_af0250ec5b_c.jpg,open_parcel,,,Annotated image showing a wooden door with visible metal handle and keyhole mechanism.,"{""image_analysis"": ""Annotated image showing a wooden door with visible metal handle and keyhole mechanism."", ""affordances_detected"": [""handle"", ""lock""], ""confidence_level"": 0.95, ""objects"": [], ""affordances"": []}"
17_2909_6432822597_0d9a874b28_c.jpg,open_parcel,,button,,"{""affordances"": [{""type"": ""button"", ""position"": [100, 200]}, {""type"": ""handle"", ""position"": [800, 500]}], ""objects"": []}"
17_2909_6432822597_0d9a874b28_c.jpg,open_parcel,,handle,,"{""affordances"": [{""type"": ""button"", ""position"": [100, 200]}, {""type"": ""handle"", ""position"": [800, 500]}], ""objects"": []}"
17_382_2300620761_ed928020b6_c.jpg,open_parcel,,string,string,"{""type"": ""string"", ""description"": ""string"", ""affordance_type"": ""string"", ""objects"": [], ""affordances"": []}"
17_493_5188441704_6b83a83fcf_c.jpg,open_parcel,,door handle,Two handles for opening and closing the door,"{""image_analysis"": {""affordance_type"": ""door handle"", ""description"": ""Two handles for opening and closing the door""}, ""objects"": [], ""affordances"": []}"
18_1708_4052233096_4f75022fec_c.jpg,open_parcel,,,"[""button"", ""handle""]","{""image_analysis"": [""button"", ""handle""], ""objects"": [], ""affordances"": []}"
18_511_23593283004_e21c830901_c.jpg,open_parcel,,open,,"{""image_id"": ""img_01"", ""object_type"": ""door"", ""affordances"": [""open"", ""lock""], ""objects"": []}"
18_511_23593283004_e21c830901_c.jpg,open_parcel,,lock,,"{""image_id"": ""img_01"", ""object_type"": ""door"", ""affordances"": [""open"", ""lock""], ""objects"": []}"
18_566_16319965171_4281124f43_c.jpg,open_parcel,,,Image not present,"{""image_analysis"": {""type"": ""no_image"", ""description"": ""Image not present""}, ""objects"": [], ""affordances"": []}"
18_583_15469266581_a349254fed_c.jpg,open_parcel,,door_handle,A circular metal handle on a wooden door that allows users to open and close the door.,"{""affordance_type"": ""door_handle"", ""description"": ""A circular metal handle on a wooden door that allows users to open and close the door."", ""confidence_score"": 0.95, ""objects"": [], ""affordances"": []}"
18_658_5818529287_e177c5fee9_c.jpg,open_parcel,,pressable,,"{""type"": ""button"", ""category"": ""interactive element"", ""affordance_type"": ""pressable"", ""objects"": [], ""affordances"": []}"
18_927_2688248901_3bfc0ae97c_c.jpg,open_parcel,,handle for opening/closing,,"{""type"": ""door"", ""description"": ""A wooden door with a handle and lock mechanism."", ""affordances"": [""handle for opening/closing"", ""lock as security feature""], ""objects"": []}"
18_927_2688248901_3bfc0ae97c_c.jpg,open_parcel,,lock as security feature,,"{""type"": ""door"", ""description"": ""A wooden door with a handle and lock mechanism."", ""affordances"": [""handle for opening/closing"", ""lock as security feature""], ""objects"": []}"
18_976_11206746045_4ec9e38848_c.jpg,open_parcel,,button,Submit button,"{""affordances"": [{""type"": ""button"", ""description"": ""Submit button""}, {""type"": ""text_field"", ""description"": ""Input field for text""}], ""objects"": []}"
18_976_11206746045_4ec9e38848_c.jpg,open_parcel,,text_field,Input field for text,"{""affordances"": [{""type"": ""button"", ""description"": ""Submit button""}, {""type"": ""text_field"", ""description"": ""Input field for text""}], ""objects"": []}"
19_1606_2794816573_ceefb968fa_c.jpg,open_parcel,,button,,"{""affordance_type"": ""button"", ""location"": ""top-right"", ""confidence_score"": 0.9, ""objects"": [], ""affordances"": []}"
19_175_6110433334_645c8d60cb_c.jpg,open_parcel,,,"{""object_type"": ""chair"", ""affordance_types"": [""seat"", ""backrest""], ""additional_features"": {""color"": ""brown"", ""material"": ""wood""}, ""objects"": [], ""affordances"": []}","{""object_type"": ""chair"", ""affordance_types"": [""seat"", ""backrest""], ""additional_features"": {""color"": ""brown"", ""material"": ""wood""}, ""objects"": [], ""affordances"": []}"
1_1233_14277184045_37e004e9ed_c.jpg,open_parcel,,button,Primary action button for navigation,"{""affordances"": [{""type"": ""button"", ""description"": ""Primary action button for navigation""}, {""type"": ""text_field"", ""description"": ""Input field for user text entry""}], ""objects"": []}"
1_1233_14277184045_37e004e9ed_c.jpg,open_parcel,,text_field,Input field for user text entry,"{""affordances"": [{""type"": ""button"", ""description"": ""Primary action button for navigation""}, {""type"": ""text_field"", ""description"": ""Input field for user text entry""}], ""objects"": []}"
1_1361_8227612331_3fd99b857a_c.jpg,open_parcel,,,The image shows a circular button with blue background and white text 'Submit'. It has clear visual cues indicating it can be pressed to activate a function.,"{""image_analysis"": ""The image shows a circular button with blue background and white text 'Submit'. It has clear visual cues indicating it can be pressed to activate a function."", ""objects"": [], ""affordances"": []}"
1_2027_2136336178_ffe70246ce_c.jpg,open_parcel,,button,A circular button with red border and white text indicating 'Submit',"{""affordance_type"": ""button"", ""description"": ""A circular button with red border and white text indicating 'Submit'"", ""confidence_score"": 0.95, ""objects"": [], ""affordances"": []}"
1_2897_2872082932_446c15afba_c.jpg,open_parcel,,button,,"{""affordances"": [""button"", ""door handle""], ""objects"": []}"
1_2897_2872082932_446c15afba_c.jpg,open_parcel,,door handle,,"{""affordances"": [""button"", ""door handle""], ""objects"": []}"
1_2909_16929247221_98b5912306_c.jpg,open_parcel,,button,Circular button with blue background,"{""affordances"": [{""type"": ""button"", ""description"": ""Circular button with blue background""}, {""type"": ""handle"", ""description"": ""Metallic lever for opening/closing""}], ""objects"": []}"
1_2909_16929247221_98b5912306_c.jpg,open_parcel,,handle,Metallic lever for opening/closing,"{""affordances"": [{""type"": ""button"", ""description"": ""Circular button with blue background""}, {""type"": ""handle"", ""description"": ""Metallic lever for opening/closing""}], ""objects"": []}"
1_714_5068190130_ab8eea6d83_c.jpg,open_parcel,button,press,Circular button with label 'Submit' and arrow indicating press action,"{""affordances"": [{""type"": ""press"", ""object"": ""button"", ""description"": ""Circular button with label 'Submit' and arrow indicating press action""}], ""objects"": []}"
1_761_8593382565_0feb794ed8_c.jpg,open_parcel,,button,A circular button with a blue background and white text indicating 'Submit' functionality.,"{""affordance_type"": ""button"", ""description"": ""A circular button with a blue background and white text indicating 'Submit' functionality."", ""objects"": [], ""affordances"": []}"
1_877_5313211224_2e6dccc4c7_c.jpg,open_parcel,,,The image displays a smartphone interface showing two primary interactive elements: a 'Buy' button and an 'Add to Cart' button. These visual cues indicate actionable affordances for purchase operation,"{""image_analysis"": ""The image displays a smartphone interface showing two primary interactive elements: a 'Buy' button and an 'Add to Cart' button. These visual cues indicate actionable affordances for purchase operations."", ""objects"": [], ""affordances"": []}"
20_551_2510163835_bf60f57665_c.jpg,open_parcel,,button,,"{""affordances"": [{""type"": ""button"", ""position"": ""top-right""}, {""type"": ""navigation_bar"", ""position"": ""bottom-center""}], ""objects"": []}"
20_551_2510163835_bf60f57665_c.jpg,open_parcel,,navigation_bar,,"{""affordances"": [{""type"": ""button"", ""position"": ""top-right""}, {""type"": ""navigation_bar"", ""position"": ""bottom-center""}], ""objects"": []}"
20_986_6354681677_ee49591315_c.jpg,open_parcel,,,"The image displays a mobile app interface with three primary action buttons: Home (icon), Profile (avatar), and Settings. Each button has distinct visual cues for interaction, including color coding a","{""type"": ""object"", ""image_analysis"": ""The image displays a mobile app interface with three primary action buttons: Home (icon), Profile (avatar), and Settings. Each button has distinct visual cues for interaction, including color coding and clear labels."", ""objects"": [], ""affordances"": []}"
21_589_29945502815_451302bb45_c.jpg,open_parcel,,button,A red rectangular button labeled 'Submit' with white text and black border.,"{""affordance_type"": ""button"", ""description"": ""A red rectangular button labeled 'Submit' with white text and black border."", ""objects"": [], ""affordances"": []}"
22_1619_3785497910_fedeb0193d_c.jpg,open_parcel,,button,Click to submit form,"{""affordances"": [{""type"": ""button"", ""description"": ""Click to submit form""}, {""type"": ""door_handle"", ""description"": ""Open the door""}], ""objects"": []}"
22_1619_3785497910_fedeb0193d_c.jpg,open_parcel,,door_handle,Open the door,"{""affordances"": [{""type"": ""button"", ""description"": ""Click to submit form""}, {""type"": ""door_handle"", ""description"": ""Open the door""}], ""objects"": []}"
22_193_6259707259_f7897cbbe4_c.jpg,open_parcel,,opening,A door with visible handles allowing for opening.,"{""affordance_type"": ""opening"", ""description"": ""A door with visible handles allowing for opening."", ""confidence"": 0.9, ""objects"": [], ""affordances"": []}"
22_233_18097618671_b527bc44f6_c.jpg,open_parcel,,,"[{""category"": ""door_handle"", ""confidence"": 0.95}, {""category"": ""button"", ""confidence"": 0.87}]","{""image_id"": ""img_01"", ""detection_results"": [{""category"": ""door_handle"", ""confidence"": 0.95}, {""category"": ""button"", ""confidence"": 0.87}], ""objects"": [], ""affordances"": []}"
2332439.jpg,open_parcel,,button,A rectangular button with rounded corners and text indicating 'Submit' functionality.,"{""affordance_type"": ""button"", ""description"": ""A rectangular button with rounded corners and text indicating 'Submit' functionality."", ""objects"": [], ""affordances"": []}"
2332640.jpg,open_parcel,,button,A rectangular clickable element with rounded corners featuring an arrow icon indicating navigation functionality.,"{""image_analysis"": {""affordance_type"": ""button"", ""description"": ""A rectangular clickable element with rounded corners featuring an arrow icon indicating navigation functionality."", ""confidence_score"": 0.95}, ""objects"": [], ""affordances"": []}"
2332905.jpg,open_parcel,,button,A circular button with tactile ridges for enhanced grip and identification.,"{""affordance_type"": ""button"", ""description"": ""A circular button with tactile ridges for enhanced grip and identification."", ""confidence_level"": 0.95, ""objects"": [], ""affordances"": []}"
2332940.jpg,open_parcel,,open,The door is open and inviting for entry.,"{""affordance_type"": ""open"", ""description"": ""The door is open and inviting for entry."", ""confidence_score"": 0.95, ""objects"": [], ""affordances"": []}"
2333249.jpg,open_parcel,,button,Interactive button for submission,"{""affordances"": [{""type"": ""button"", ""description"": ""Interactive button for submission""}, {""type"": ""handle"", ""description"": ""Physical handle for door opening""}], ""objects"": []}"
2333249.jpg,open_parcel,,handle,Physical handle for door opening,"{""affordances"": [{""type"": ""button"", ""description"": ""Interactive button for submission""}, {""type"": ""handle"", ""description"": ""Physical handle for door opening""}], ""objects"": []}"
23_1160_14374807474_67e24e3794_c.jpg,open_parcel,,door_handle,Metallic lever on wooden door for opening and closing,"{""affordance_type"": ""door_handle"", ""description"": ""Metallic lever on wooden door for opening and closing"", ""objects"": [], ""affordances"": []}"
23_477_3746586978_a66bb1ba73_c.jpg,open_parcel,,door_handle,a metallic lever for opening/closing the door,"{""affordance_type"": ""door_handle"", ""description"": ""a metallic lever for opening/closing the door"", ""objects"": [], ""affordances"": []}"
23_589_103077114_ebf9bdba3e_c.jpg,open_parcel,,button,"Circular button with blue background and white text labeled 'Submit', designed for interactive user action.","{""affordance_type"": ""button"", ""description"": ""Circular button with blue background and white text labeled 'Submit', designed for interactive user action."", ""confidence_score"": 0.92, ""objects"": [], ""affordances"": []}"
23_594_40872564962_912dcd0bdc_c.jpg,open_parcel,,handle,Metallic handle on door with visible texture and grooves.,"{""affordance_type"": ""handle"", ""description"": ""Metallic handle on door with visible texture and grooves."", ""confidence_score"": 0.95, ""objects"": [], ""affordances"": []}"
23_814_4469157887_a87d70eb7f_c.jpg,open_parcel,,handle,A metallic lever for opening/closing doors,"{""affordance_type"": ""handle"", ""description"": ""A metallic lever for opening/closing doors"", ""objects"": [], ""affordances"": []}"
24_1089_31083654001_36f3b04bb8_c.jpg,open_parcel,Add to Cart,button,Clickable button for adding items to cart,"{""affordance_type"": ""button"", ""element_name"": ""Add to Cart"", ""description"": ""Clickable button for adding items to cart"", ""objects"": [], ""affordances"": []}"
24_202_7063044479_cc04bca8bb_c.jpg,open_parcel,,button,A red circular button labeled 'Submit' with white text and a subtle shadow effect.,"{""affordance_type"": ""button"", ""description"": ""A red circular button labeled 'Submit' with white text and a subtle shadow effect."", ""confidence_score"": 0.95, ""objects"": [], ""affordances"": []}"
24_329_6888403683_0b9368e9b9_c.jpg,open_parcel,,button,A rectangular button with a circular icon on it.,"{""affordance_type"": ""button"", ""description"": ""A rectangular button with a circular icon on it."", ""confidence_score"": 0.85, ""objects"": [], ""affordances"": []}"
24_635_155451958_f05a52ab1a_c.jpg,open_parcel,,button,A circular button with a plus symbol indicating addition functionality,"{""affordance_type"": ""button"", ""description"": ""A circular button with a plus symbol indicating addition functionality"", ""objects"": [], ""affordances"": []}"
24_844_218062704_3935f2ffcc_c.jpg,open_parcel,,door handle,Metal handle on a door for opening,"{""affordances"": [{""type"": ""door handle"", ""description"": ""Metal handle on a door for opening""}], ""objects"": []}"
25_898_2440834825_b79cd3bdd7_c.jpg,open_parcel,,dangerous,A red-colored button with a lever mechanism indicating potential hazard,"{""affordance_type"": ""dangerous"", ""description"": ""A red-colored button with a lever mechanism indicating potential hazard"", ""objects"": [], ""affordances"": []}"
26_1132_2223604271_f06966c7a9_c.jpg,open_parcel,,clickable_button,,"{""affordances"": [""clickable_button"", ""visual_feedback""], ""analysis_summary"": ""Interface includes interactive elements with clear labeling and visual indicators for user interaction."", ""objects"": []}"
26_1132_2223604271_f06966c7a9_c.jpg,open_parcel,,visual_feedback,,"{""affordances"": [""clickable_button"", ""visual_feedback""], ""analysis_summary"": ""Interface includes interactive elements with clear labeling and visual indicators for user interaction."", ""objects"": []}"
26_223_7535801894_da23c458d1_c.jpg,open_parcel,,button,,"{""affordances"": [{""type"": ""button"", ""position"": [100, 200]}, {""type"": ""handle"", ""position"": [800, 500]}], ""objects"": []}"
26_223_7535801894_da23c458d1_c.jpg,open_parcel,,handle,,"{""affordances"": [{""type"": ""button"", ""position"": [100, 200]}, {""type"": ""handle"", ""position"": [800, 500]}], ""objects"": []}"
26_346_927126418_2302f7f391_c.jpg,open_parcel,,button,A red circular button with white text indicating 'Click',"{""type"": ""image"", ""affordance_type"": ""button"", ""description"": ""A red circular button with white text indicating 'Click'"", ""objects"": [], ""affordances"": []}"
26_645_7184962814_03e00ff208_c.jpg,open_parcel,,string,string,"{""type"": ""string"", ""description"": ""string"", ""affordance_type"": ""string"", ""objects"": [], ""affordances"": []}"
26_910_34717672781_99aaf3a0ea_c.jpg,open_parcel,,door handle,Two handles for opening and closing the door,"{""image_analysis"": {""affordance_type"": ""door handle"", ""description"": ""Two handles for opening and closing the door""}, ""objects"": [], ""affordances"": []}"
27_1010_3469612927_f8c06510df_c.jpg,open_parcel,,button,A rectangular blue button labeled 'Submit' with white text and rounded corners.,"{""affordance_type"": ""button"", ""description"": ""A rectangular blue button labeled 'Submit' with white text and rounded corners."", ""objects"": [], ""affordances"": []}"
27_1510_50938167171_da13d1b886_c.jpg,open_parcel,,opening,A door with a handle and lock mechanism for opening,"{""affordance_type"": ""opening"", ""description"": ""A door with a handle and lock mechanism for opening"", ""confidence_level"": 0.95, ""objects"": [], ""affordances"": []}"
28_651_6247379047_a7abd12a11_c.jpg,open_parcel,,button,"A circular button with a red outline positioned at the top right corner of the screen, featuring white text indicating 'Confirm' functionality.","{""affordance_type"": ""button"", ""description"": ""A circular button with a red outline positioned at the top right corner of the screen, featuring white text indicating 'Confirm' functionality."", ""objects"": [], ""affordances"": []}"
28_951_25612334438_8332d1d0df_c.jpg,open_parcel,,open,,"{""image_id"": ""img_01"", ""object_type"": ""door"", ""affordances"": [""open"", ""lock""], ""objects"": []}"
28_951_25612334438_8332d1d0df_c.jpg,open_parcel,,lock,,"{""image_id"": ""img_01"", ""object_type"": ""door"", ""affordances"": [""open"", ""lock""], ""objects"": []}"
29_1101_12176706945_cddbc9b591_c.jpg,open_parcel,,,Image not present,"{""image_analysis"": {""type"": ""no_image"", ""description"": ""Image not present""}, ""objects"": [], ""affordances"": []}"
29_146_7009142271_2388516021_c.jpg,open_parcel,,door_handle,A circular metal handle on a wooden door that allows users to open and close the door.,"{""affordance_type"": ""door_handle"", ""description"": ""A circular metal handle on a wooden door that allows users to open and close the door."", ""confidence_score"": 0.95, ""objects"": [], ""affordances"": []}"
29_515_2195842716_589329d3fa_c.jpg,open_parcel,,handle for opening/closing,,"{""type"": ""door"", ""description"": ""A wooden door with a handle and lock mechanism."", ""affordances"": [""handle for opening/closing"", ""lock as security feature""], ""objects"": []}"
29_515_2195842716_589329d3fa_c.jpg,open_parcel,,lock as security feature,,"{""type"": ""door"", ""description"": ""A wooden door with a handle and lock mechanism."", ""affordances"": [""handle for opening/closing"", ""lock as security feature""], ""objects"": []}"
29_573_6618613745_ff9d5d5ff2_c.jpg,open_parcel,,button,Submit button,"{""affordances"": [{""type"": ""button"", ""description"": ""Submit button""}, {""type"": ""text_field"", ""description"": ""Input field for text""}], ""objects"": []}"
29_573_6618613745_ff9d5d5ff2_c.jpg,open_parcel,,text_field,Input field for text,"{""affordances"": [{""type"": ""button"", ""description"": ""Submit button""}, {""type"": ""text_field"", ""description"": ""Input field for text""}], ""objects"": []}"
29_625_3165510340_8dc27f0fa4_c.jpg,open_parcel,,button,,"{""affordance_type"": ""button"", ""location"": ""top-right"", ""confidence_score"": 0.9, ""objects"": [], ""affordances"": []}"
29_775_47404736242_07671b0d72_c.jpg,open_parcel,,,"{""object_type"": ""chair"", ""affordance_types"": [""seat"", ""backrest""], ""additional_features"": {""color"": ""brown"", ""material"": ""wood""}, ""objects"": [], ""affordances"": []}","{""object_type"": ""chair"", ""affordance_types"": [""seat"", ""backrest""], ""additional_features"": {""color"": ""brown"", ""material"": ""wood""}, ""objects"": [], ""affordances"": []}"
2_1419_354211050_12f80c1349_c.jpg,open_parcel,,,"{""affordances"": [{""type"": ""chair"", ""description"": ""Wooden chair with four legs""}]}","{""image_analysis"": {""affordances"": [{""type"": ""chair"", ""description"": ""Wooden chair with four legs""}]}, ""objects"": [], ""affordances"": []}"
2_1480_658210840_81f4a5218b_c.jpg,open_parcel,,button,Primary action button for navigation,"{""affordances"": [{""type"": ""button"", ""description"": ""Primary action button for navigation""}, {""type"": ""text_field"", ""description"": ""Input field for user text entry""}], ""objects"": []}"
2_1480_658210840_81f4a5218b_c.jpg,open_parcel,,text_field,Input field for user text entry,"{""affordances"": [{""type"": ""button"", ""description"": ""Primary action button for navigation""}, {""type"": ""text_field"", ""description"": ""Input field for user text entry""}], ""objects"": []}"
2_1789_46655817295_963484e039_c.jpg,open_parcel,,handle,A physical handle designed for grasping and manipulating objects,"{""affordance_type"": ""handle"", ""description"": ""A physical handle designed for grasping and manipulating objects"", ""confidence"": 0.92, ""objects"": [], ""affordances"": []}"
2_859_3854189342_f308faa848_c.jpg,open_parcel,,button,,"{""affordance"": ""button"", ""objects"": [], ""affordances"": []}"
30_1033_5755158071_d1c620e13d_c.jpg,open_parcel,,button,A circular button with red border and white text indicating 'Submit',"{""affordance_type"": ""button"", ""description"": ""A circular button with red border and white text indicating 'Submit'"", ""confidence_score"": 0.95, ""objects"": [], ""affordances"": []}"
30_1602_4462857397_38f6b8aacf_c.jpg,open_parcel,,button,A rectangular button with a circular highlight indicating it is interactive,"{""affordances"": [{""type"": ""button"", ""description"": ""A rectangular button with a circular highlight indicating it is interactive""}, {""type"": ""door"", ""description"": ""An open door with visible hinges and handle""}], ""objects"": []}"
30_1602_4462857397_38f6b8aacf_c.jpg,open_parcel,,door,An open door with visible hinges and handle,"{""affordances"": [{""type"": ""button"", ""description"": ""A rectangular button with a circular highlight indicating it is interactive""}, {""type"": ""door"", ""description"": ""An open door with visible hinges and handle""}], ""objects"": []}"
30_312_6322132357_bcfc94a50a_c.jpg,open_parcel,,button,,"{""affordance_type"": ""button"", ""detected_elements"": [""submit_button""], ""confidence_score"": 0.95, ""objects"": [], ""affordances"": []}"
30_896_50432980637_74e958c1d3_c.jpg,open_parcel,,,"{""type"": ""door"", ""description"": ""A wooden door with visible handle and lock mechanism"", ""objects"": [], ""affordances"": []}","{""type"": ""door"", ""description"": ""A wooden door with visible handle and lock mechanism"", ""objects"": [], ""affordances"": []}"
310192cb7c99bd11.jpg,open_parcel,,button,A circular button with gradient background and text indicating it is clickable.,"{""affordance_type"": ""button"", ""description"": ""A circular button with gradient background and text indicating it is clickable."", ""confidence_score"": 0.95, ""example_usage"": ""Used in user interface to initiate actions."", ""objects"": [], ""affordances"": []}"
31_517_4646849149_d44674f311_c.jpg,open_parcel,button,press,Circular button with label 'Submit' and arrow indicating press action,"{""affordances"": [{""type"": ""press"", ""object"": ""button"", ""description"": ""Circular button with label 'Submit' and arrow indicating press action""}], ""objects"": []}"
31_644_42911212392_00d93c3822_c.jpg,open_parcel,,button,A circular button with a blue background and white text indicating 'Submit' functionality.,"{""affordance_type"": ""button"", ""description"": ""A circular button with a blue background and white text indicating 'Submit' functionality."", ""objects"": [], ""affordances"": []}"
32_1292_14321063569_5a208ff488_c.jpg,open_parcel,,,The image displays a smartphone interface showing two primary interactive elements: a 'Buy' button and an 'Add to Cart' button. These visual cues indicate actionable affordances for purchase operation,"{""image_analysis"": ""The image displays a smartphone interface showing two primary interactive elements: a 'Buy' button and an 'Add to Cart' button. These visual cues indicate actionable affordances for purchase operations."", ""objects"": [], ""affordances"": []}"
34_248_4313358818_5e58847f55_c.jpg,open_parcel,,,"The image displays a mobile app interface with three primary action buttons: Home (icon), Profile (avatar), and Settings. Each button has distinct visual cues for interaction, including color coding a","{""type"": ""object"", ""image_analysis"": ""The image displays a mobile app interface with three primary action buttons: Home (icon), Profile (avatar), and Settings. Each button has distinct visual cues for interaction, including color coding and clear labels."", ""objects"": [], ""affordances"": []}"
3_1424_3196387012_2ff36c72f9_c.jpg,open_parcel,,,"[{""category"": ""door_handle"", ""confidence"": 0.95}, {""category"": ""button"", ""confidence"": 0.87}]","{""image_id"": ""img_01"", ""detection_results"": [{""category"": ""door_handle"", ""confidence"": 0.95}, {""category"": ""button"", ""confidence"": 0.87}], ""objects"": [], ""affordances"": []}"
3_330_4951655515_aa3474a88b_c.jpg,open_parcel,,button,A rectangular clickable element with rounded corners featuring an arrow icon indicating navigation functionality.,"{""image_analysis"": {""affordance_type"": ""button"", ""description"": ""A rectangular clickable element with rounded corners featuring an arrow icon indicating navigation functionality."", ""confidence_score"": 0.95}, ""objects"": [], ""affordances"": []}"
4_1719_4332687711_e8c85173ed_c.jpg,open_parcel,,button,A circular button with tactile ridges for enhanced grip and identification.,"{""affordance_type"": ""button"", ""description"": ""A circular button with tactile ridges for enhanced grip and identification."", ""confidence_level"": 0.95, ""objects"": [], ""affordances"": []}"
4_2042_15967082133_e3698f64ba_c.jpg,open_parcel,,button,Interactive button for submission,"{""affordances"": [{""type"": ""button"", ""description"": ""Interactive button for submission""}, {""type"": ""handle"", ""description"": ""Physical handle for door opening""}], ""objects"": []}"
4_2042_15967082133_e3698f64ba_c.jpg,open_parcel,,handle,Physical handle for door opening,"{""affordances"": [{""type"": ""button"", ""description"": ""Interactive button for submission""}, {""type"": ""handle"", ""description"": ""Physical handle for door opening""}], ""objects"": []}"
4_329_41819731980_15c73206e7_c.jpg,open_parcel,,door_handle,Metallic lever on wooden door for opening and closing,"{""affordance_type"": ""door_handle"", ""description"": ""Metallic lever on wooden door for opening and closing"", ""objects"": [], ""affordances"": []}"
4_492_885362530_de004d281d_c.jpg,open_parcel,,door_handle,a metallic lever for opening/closing the door,"{""affordance_type"": ""door_handle"", ""description"": ""a metallic lever for opening/closing the door"", ""objects"": [], ""affordances"": []}"
4_605_6109590498_045fa9ebf2_c.jpg,open_parcel,,handle,Metallic handle on door with visible texture and grooves.,"{""affordance_type"": ""handle"", ""description"": ""Metallic handle on door with visible texture and grooves."", ""confidence_score"": 0.95, ""objects"": [], ""affordances"": []}"
5_1326_4555513941_66251e8f77_c.jpg,open_parcel,,handle,A metallic lever for opening/closing doors,"{""affordance_type"": ""handle"", ""description"": ""A metallic lever for opening/closing doors"", ""objects"": [], ""affordances"": []}"
5_1892_17771429579_b414413945_c.jpg,open_parcel,Add to Cart,button,Clickable button for adding items to cart,"{""affordance_type"": ""button"", ""element_name"": ""Add to Cart"", ""description"": ""Clickable button for adding items to cart"", ""objects"": [], ""affordances"": []}"
6_1588_36680803901_7397cd1d74_c.jpg,open_parcel,,button,A circular button with a plus symbol indicating addition functionality,"{""affordance_type"": ""button"", ""description"": ""A circular button with a plus symbol indicating addition functionality"", ""objects"": [], ""affordances"": []}"
7_1356_27249574792_a9169c3942_c.jpg,open_parcel,,dangerous,A red-colored button with a lever mechanism indicating potential hazard,"{""affordance_type"": ""dangerous"", ""description"": ""A red-colored button with a lever mechanism indicating potential hazard"", ""objects"": [], ""affordances"": []}"
7_1646_25760133322_d0e16dcb50_c.jpg,open_parcel,,clickable_button,,"{""affordances"": [""clickable_button"", ""visual_feedback""], ""analysis_summary"": ""Interface includes interactive elements with clear labeling and visual indicators for user interaction."", ""objects"": []}"
7_1646_25760133322_d0e16dcb50_c.jpg,open_parcel,,visual_feedback,,"{""affordances"": [""clickable_button"", ""visual_feedback""], ""analysis_summary"": ""Interface includes interactive elements with clear labeling and visual indicators for user interaction."", ""objects"": []}"
7_2389_40482293872_6ef874e925_c.jpg,open_parcel,,button,A red circular button with white text indicating 'Click',"{""type"": ""image"", ""affordance_type"": ""button"", ""description"": ""A red circular button with white text indicating 'Click'"", ""objects"": [], ""affordances"": []}"
7_547_12041637043_945d8eacb8_c.jpg,open_parcel,,button,A rectangular blue button labeled 'Submit' with white text and rounded corners.,"{""affordance_type"": ""button"", ""description"": ""A rectangular blue button labeled 'Submit' with white text and rounded corners."", ""objects"": [], ""affordances"": []}"
8_1107_6442519205_d980aa4db6_c.jpg,open_parcel,,opening,A door with a handle and lock mechanism for opening,"{""affordance_type"": ""opening"", ""description"": ""A door with a handle and lock mechanism for opening"", ""confidence_level"": 0.95, ""objects"": [], ""affordances"": []}"
8_503_14271557272_175f5b7516_c.jpg,open_parcel,,button,"A circular button with a red outline positioned at the top right corner of the screen, featuring white text indicating 'Confirm' functionality.","{""affordance_type"": ""button"", ""description"": ""A circular button with a red outline positioned at the top right corner of the screen, featuring white text indicating 'Confirm' functionality."", ""objects"": [], ""affordances"": []}"
COCO_val2014_000000001647.jpg,open_parcel,,,"{""affordances"": [{""type"": ""chair"", ""description"": ""Wooden chair with four legs""}]}","{""image_analysis"": {""affordances"": [{""type"": ""chair"", ""description"": ""Wooden chair with four legs""}]}, ""objects"": [], ""affordances"": []}"
COCO_val2014_000000004256.jpg,open_parcel,,handle,A physical handle designed for grasping and manipulating objects,"{""affordance_type"": ""handle"", ""description"": ""A physical handle designed for grasping and manipulating objects"", ""confidence"": 0.92, ""objects"": [], ""affordances"": []}"
COCO_val2014_000000005724.jpg,open_parcel,,button,,"{""affordance"": ""button"", ""objects"": [], ""affordances"": []}"
COCO_val2014_000000009647.jpg,open_parcel,,button,A rectangular button with a circular highlight indicating it is interactive,"{""affordances"": [{""type"": ""button"", ""description"": ""A rectangular button with a circular highlight indicating it is interactive""}, {""type"": ""door"", ""description"": ""An open door with visible hinges and handle""}], ""objects"": []}"
COCO_val2014_000000009647.jpg,open_parcel,,door,An open door with visible hinges and handle,"{""affordances"": [{""type"": ""button"", ""description"": ""A rectangular button with a circular highlight indicating it is interactive""}, {""type"": ""door"", ""description"": ""An open door with visible hinges and handle""}], ""objects"": []}"
COCO_val2014_000000010583.jpg,open_parcel,,button,,"{""affordance_type"": ""button"", ""detected_elements"": [""submit_button""], ""confidence_score"": 0.95, ""objects"": [], ""affordances"": []}"
COCO_val2014_000000011360.jpg,open_parcel,,,"{""type"": ""door"", ""description"": ""A wooden door with visible handle and lock mechanism"", ""objects"": [], ""affordances"": []}","{""type"": ""door"", ""description"": ""A wooden door with visible handle and lock mechanism"", ""objects"": [], ""affordances"": []}"
COCO_val2014_000000012991.jpg,open_parcel,,button,A circular button with gradient background and text indicating it is clickable.,"{""affordance_type"": ""button"", ""description"": ""A circular button with gradient background and text indicating it is clickable."", ""confidence_score"": 0.95, ""example_usage"": ""Used in user interface to initiate actions."", ""objects"": [], ""affordances"": []}"
COCO_val2014_000000033845.jpg,open_parcel,,button,A physical button designed for activating functions through pressing.,"{""affordance_type"": ""button"", ""description"": ""A physical button designed for activating functions through pressing."", ""confidence_score"": 0.95, ""objects"": [], ""affordances"": []}"
COCO_val2014_000000049445.jpg,open_parcel,,handle,A protruding lever-like structure for opening/closing doors,"{""affordance_type"": ""handle"", ""description"": ""A protruding lever-like structure for opening/closing doors"", ""objects"": [], ""affordances"": []}"
COCO_val2014_000000056430.jpg,open_parcel,,,"{""type"": ""affordance_analysis"", ""image_description"": ""A close-up of a wooden table surface with visible grain patterns."", ""objects"": [], ""affordances"": []}","{""type"": ""affordance_analysis"", ""image_description"": ""A close-up of a wooden table surface with visible grain patterns."", ""objects"": [], ""affordances"": []}"
COCO_val2014_000000063648.jpg,open_parcel,,,"{""affordances_detected"": [{""type"": ""touch_target"", ""element_description"": ""Button labeled 'Submit' with hand icon indicating touch""}, {""type"": ""directional_indicator"", ""element_description"": ""Door han","{""image_analysis"": {""affordances_detected"": [{""type"": ""touch_target"", ""element_description"": ""Button labeled 'Submit' with hand icon indicating touch""}, {""type"": ""directional_indicator"", ""element_description"": ""Door handle showing direction of opening""}]}, ""objects"": [], ""affordances"": []}"
COCO_val2014_000000066231.jpg,open_parcel,,button,A rectangular button with rounded edges and a blue color.,"{""affordance_type"": ""button"", ""description"": ""A rectangular button with rounded edges and a blue color."", ""confidence_score"": 0.95, ""objects"": [], ""affordances"": []}"
COCO_val2014_000000066468.jpg,open_parcel,chair,sitting,,"{""image_id"": ""0"", ""object_type"": ""chair"", ""affordance_type"": ""sitting"", ""objects"": [], ""affordances"": []}"
COCO_val2014_000000078478.jpg,open_parcel,,button_clickable,The button has an affordance of being clickable with a clear label and icon.,"{""type"": ""product"", ""affordance_type"": ""button_clickable"", ""description"": ""The button has an affordance of being clickable with a clear label and icon."", ""objects"": [], ""affordances"": []}"
COCO_val2014_000000086147.jpg,open_parcel,,button,A circular button with a red color and white text indicating 'Submit' function.,"{""affordance_type"": ""button"", ""description"": ""A circular button with a red color and white text indicating 'Submit' function."", ""objects"": [], ""affordances"": []}"
COCO_val2014_000000092059.jpg,open_parcel,,,"{""image_id"": ""img_001"", ""object_type"": ""button"", ""description"": ""Circular button with text 'Call' indicating interactive action"", ""objects"": [], ""affordances"": []}","{""image_id"": ""img_001"", ""object_type"": ""button"", ""description"": ""Circular button with text 'Call' indicating interactive action"", ""objects"": [], ""affordances"": []}"
COCO_val2014_000000092519.jpg,open_parcel,,door_handle,Metallic lever handle for opening doors,"{""affordance_type"": ""door_handle"", ""description"": ""Metallic lever handle for opening doors"", ""objects"": [], ""affordances"": []}"
COCO_val2014_000000107831.jpg,open_parcel,,button,A rectangular button labeled 'Submit' with blue background,"{""affordances"": [{""type"": ""button"", ""description"": ""A rectangular button labeled 'Submit' with blue background""}, {""type"": ""handle"", ""description"": ""Curved metal handle on a door for gripping""}], ""objects"": []}"
COCO_val2014_000000107831.jpg,open_parcel,,handle,Curved metal handle on a door for gripping,"{""affordances"": [{""type"": ""button"", ""description"": ""A rectangular button labeled 'Submit' with blue background""}, {""type"": ""handle"", ""description"": ""Curved metal handle on a door for gripping""}], ""objects"": []}"
COCO_val2014_000000110672.jpg,open_parcel,,"{""type"": ""button"", ""description"": ""Physical button labeled 'Next' for navigation""}",,"{""affordance"": {""type"": ""button"", ""description"": ""Physical button labeled 'Next' for navigation""}, ""objects"": [], ""affordances"": []}"
COCO_val2014_000000112437.jpg,open_parcel,chair,sit,,"{""image_id"": ""img_001"", ""objects"": [{""name"": ""chair"", ""type"": ""furniture""}, {""name"": ""table"", ""type"": ""furniture""}], ""affordances"": [{""object_name"": ""chair"", ""affordance_type"": ""sit""}, {""object_name"": ""table"", ""affordance_type"": ""place items on""}]}"
COCO_val2014_000000112437.jpg,open_parcel,table,place items on,,"{""image_id"": ""img_001"", ""objects"": [{""name"": ""chair"", ""type"": ""furniture""}, {""name"": ""table"", ""type"": ""furniture""}], ""affordances"": [{""object_name"": ""chair"", ""affordance_type"": ""sit""}, {""object_name"": ""table"", ""affordance_type"": ""place items on""}]}"
COCO_val2014_000000113571.jpg,open_parcel,,,"{""type"": ""door_handle"", ""description"": ""Metallic handle on a door with visible lock mechanism"", ""objects"": [], ""affordances"": []}","{""type"": ""door_handle"", ""description"": ""Metallic handle on a door with visible lock mechanism"", ""objects"": [], ""affordances"": []}"
COCO_val2014_000000118344.jpg,open_parcel,,button,A circular clickable element with a label indicating it is interactive.,"{""affordance_type"": ""button"", ""description"": ""A circular clickable element with a label indicating it is interactive."", ""confidence_score"": 0.85, ""objects"": [], ""affordances"": []}"
COCO_val2014_000000118846.jpg,open_parcel,,door handle,,"{""affordances"": [""door handle""], ""objects"": []}"
COCO_val2014_000000123810.jpg,open_parcel,,button,A clickable button with rounded corners and blue background.,"{""affordance_type"": ""button"", ""description"": ""A clickable button with rounded corners and blue background."", ""position"": {""x"": 10, ""y"": 20}, ""size"": {""width"": 80, ""height"": 30}, ""objects"": [], ""affordances"": []}"
COCO_val2014_000000124135.jpg,open_parcel,,button,A red circular button with rounded edges that can be pressed to activate,"{""affordance_type"": ""button"", ""description"": ""A red circular button with rounded edges that can be pressed to activate"", ""objects"": [], ""affordances"": []}"
COCO_val2014_000000131847.jpg,open_parcel,,,"{""affordances_detected"": [""touch targets for interactive elements"", ""icon-based navigation indicators""], ""user_interaction_points"": [""button_click"", ""swipe_action""]}","{""image_analysis"": {""affordances_detected"": [""touch targets for interactive elements"", ""icon-based navigation indicators""], ""user_interaction_points"": [""button_click"", ""swipe_action""]}, ""objects"": [], ""affordances"": []}"
COCO_val2014_000000133050.jpg,open_parcel,,button,Red circular button labeled 'Submit',"{""affordances"": [{""type"": ""button"", ""description"": ""Red circular button labeled 'Submit'""}, {""type"": ""door_handle"", ""description"": ""Circular handle on a door""}], ""objects"": []}"
COCO_val2014_000000133050.jpg,open_parcel,,door_handle,Circular handle on a door,"{""affordances"": [{""type"": ""button"", ""description"": ""Red circular button labeled 'Submit'""}, {""type"": ""door_handle"", ""description"": ""Circular handle on a door""}], ""objects"": []}"
COCO_val2014_000000143516.jpg,open_parcel,parcel,open parcel,"850,152,998,764","{""objects"": [""parcel""], ""affordances"": [{""object"": ""parcel"", ""affordance"": ""open parcel"", ""region"": ""850,152,998,764"", ""action"": ""open""}]}"
COCO_val2014_000000145436.jpg,open_parcel,plastic container (juicer),open parcel,top left,"{""objects"": [""plastic container (juicer)""], ""affordances"": [{""object"": ""plastic container (juicer)"", ""affordance"": ""open parcel"", ""region"": ""top left"", ""action"": ""open""}]}"
COCO_val2014_000000147236.jpg,open_parcel,cardboard box,open parcel,the cardboard box,"{""objects"": [""cardboard box""], ""affordances"": [{""object"": ""cardboard box"", ""affordance"": ""open parcel"", ""region"": ""the cardboard box"", ""action"": ""open""}]}"
COCO_val2014_000000152202.jpg,open_parcel,plastic bag,open parcel,plastic bag,"{""objects"": [""plastic bag""], ""affordances"": [{""object"": ""plastic bag"", ""affordance"": ""open parcel"", ""region"": ""plastic bag"", ""action"": ""open""}]}"
COCO_val2014_000000160012.jpg,open_parcel,pizza,open parcel,pizza,"{""objects"": [""pizza""], ""affordances"": [{""object"": ""pizza"", ""affordance"": ""open parcel"", ""region"": ""pizza"", ""action"": ""open""}]}"
COCO_val2014_000000167131.jpg,open_parcel,carrot parcel,open parcel,the bag of carrots,"{""objects"": [""carrot parcel"", ""broccoli"", ""knife"", ""cutting board""], ""affordances"": [{""object"": ""carrot parcel"", ""affordance"": ""open parcel"", ""region"": ""the bag of carrots"", ""action"": ""open""}]}"
COCO_val2014_000000170038.jpg,open_parcel,container with white liquid,open parcel,the container,"{""objects"": [""container with white liquid"", ""container with red sauce"", ""plate"", ""dish""], ""affordances"": [{""object"": ""container with white liquid"", ""affordance"": ""open parcel"", ""region"": ""the container"", ""action"": ""open""}]}"
COCO_val2014_000000175611.jpg,open_parcel,rolled item,open parcel,rolled item,"{""objects"": [""rolled item"", ""scissors"", ""workbench"", ""wood pieces"", ""machine""], ""affordances"": [{""object"": ""rolled item"", ""affordance"": ""open parcel"", ""region"": ""rolled item"", ""action"": ""cutting""}]}"
COCO_val2014_000000176446.jpg,open_parcel,notebook,open parcel,spiral notebook,"{""objects"": [""laptop"", ""notebook"", ""pen""], ""affordances"": [{""object"": ""notebook"", ""affordance"": ""open parcel"", ""region"": ""spiral notebook"", ""action"": ""open""}]}"
COCO_val2014_000000177941.jpg,open_parcel,pizza; plate; wine glass; water glass; pitcher; fork; knife,,,"{""objects"": [""pizza"", ""plate"", ""wine glass"", ""water glass"", ""pitcher"", ""fork"", ""knife""], ""affordances"": []}"
COCO_val2014_000000180718.jpg,open_parcel,cabinet,open,right cabinet,"{""objects"": [""cabinet""], ""affordances"": [{""object"": ""cabinet"", ""affordance"": ""open"", ""region"": ""right cabinet"", ""action"": ""open""}]}"
COCO_val2014_000000186125.jpg,open_parcel,scissors,open parcel,scissors,"{""objects"": [""scissors""], ""affordances"": [{""object"": ""scissors"", ""affordance"": ""open parcel"", ""region"": ""scissors"", ""action"": ""open parcel""}]}"
COCO_val2014_000000186130.jpg,open_parcel,blue box,open parcel,blue box,"{""objects"": [""blue box""], ""affordances"": [{""object"": ""blue box"", ""affordance"": ""open parcel"", ""region"": ""blue box"", ""action"": ""open parcel""}]}"
COCO_val2014_000000205134.jpg,open_parcel,cake; table; person; cap; tie; shirt; suit; background people; lighting,,,"{""objects"": [""cake"", ""table"", ""person"", ""cap"", ""tie"", ""shirt"", ""suit"", ""background people"", ""lighting""], ""affordances"": [], ""status"": ""success""}"
COCO_val2014_000000209548.jpg,open_parcel,cake; bottles; hand; knife; glass,,,"{""objects"": [""cake"", ""bottles"", ""hand"", ""knife"", ""glass""], ""affordances"": [], ""status"": ""success""}"
COCO_val2014_000000212363.jpg,open_parcel,plate; knife; fork; tomato; pickle; egg; milk glass,,,"{""objects"": [""plate"", ""knife"", ""fork"", ""tomato"", ""pickle"", ""egg"", ""milk glass""], ""affordances"": [], ""status"": ""success""}"
COCO_val2014_000000214494.jpg,open_parcel,chocolate cake; knife; hand,,,"{""objects"": [""chocolate cake"", ""knife"", ""hand""], ""affordances"": [], ""status"": ""success""}"
COCO_val2014_000000238062.jpg,open_parcel,plate; asparagus; lemon; grater; bread,,,"{""objects"": [""plate"", ""asparagus"", ""lemon"", ""grater"", ""bread""], ""affordances"": [], ""status"": ""success""}"
COCO_val2014_000000253432.jpg,open_parcel,red plate; broccoli; meatballs; yellow peppers; onions; tomatoes; mushrooms; fork; knife; napkin,,,"{""objects"": [""red plate"", ""broccoli"", ""meatballs"", ""yellow peppers"", ""onions"", ""tomatoes"", ""mushrooms"", ""fork"", ""knife"", ""napkin""], ""affordances"": [], ""status"": ""success""}"
COCO_val2014_000000253485.jpg,open_parcel,cake; cupcake; pastries; plates; people; light source,,,"{""objects"": [""cake"", ""cupcake"", ""pastries"", ""plates"", ""people"", ""light source""], ""affordances"": [], ""status"": ""success""}"
COCO_val2014_000000262093.jpg,open_parcel,cutting board; knives; jar; bottle; plant; glass pitcher; towel; shelves; sink; utensils; pots and pans; kitchen tools; wall tiles; range hood,,,"{""objects"": [""cutting board"", ""knives"", ""jar"", ""bottle"", ""plant"", ""glass pitcher"", ""towel"", ""shelves"", ""sink"", ""utensils"", ""pots and pans"", ""kitchen tools"", ""wall tiles"", ""range hood""], ""affordances"": [], ""status"": ""success""}"
COCO_val2014_000000264155.jpg,open_parcel,pizza; water bottle; plate; cutlery; map; camera; lanyard; shirt,,,"{""objects"": [""pizza"", ""water bottle"", ""plate"", ""cutlery"", ""map"", ""camera"", ""lanyard"", ""shirt""], ""affordances"": [], ""status"": ""success""}"
COCO_val2014_000000265200.jpg,open_parcel,sausage; scissors; bamboo stick; magazine; black tray; hand; chair; table,,,"{""objects"": [""sausage"", ""scissors"", ""bamboo stick"", ""magazine"", ""black tray"", ""hand"", ""chair"", ""table""], ""affordances"": [], ""status"": ""success""}"
COCO_val2014_000000267694.jpg,open_parcel,beer bottle; pizza; fork; knife,,,"{""objects"": [""beer bottle"", ""pizza"", ""fork"", ""knife""], ""affordances"": [], ""status"": ""success""}"
COCO_val2014_000000275175.jpg,open_parcel,broccoli; chopped red and yellow bell peppers; chopped onions; chopped garlic; knife; small container with red lid; small container with brown lid; small container with brown liquid,,,"{""objects"": [""broccoli"", ""chopped red and yellow bell peppers"", ""chopped onions"", ""chopped garlic"", ""knife"", ""small container with red lid"", ""small container with brown lid"", ""small container with brown liquid""], ""affordances"": [], ""status"": ""success""}"
COCO_val2014_000000276552.jpg,open_parcel,man; woman; pizza; beer glass; napkin; table,,,"{""objects"": [""man"", ""woman"", ""pizza"", ""beer glass"", ""napkin"", ""table""], ""affordances"": [], ""status"": ""success""}"
COCO_val2014_000000277051.jpg,open_parcel,sparrow; bottle; table; plate; knife; tablecloth; chair,,,"{""objects"": [""sparrow"", ""bottle"", ""table"", ""plate"", ""knife"", ""tablecloth"", ""chair""], ""affordances"": [], ""status"": ""success""}"
COCO_val2014_000000288313.jpg,open_parcel,plate; bowl; cup; knife; fork; napkin; small white container; mat,,,"{""objects"": [""plate"", ""bowl"", ""cup"", ""knife"", ""fork"", ""napkin"", ""small white container"", ""mat""], ""affordances"": [], ""status"": ""success""}"
COCO_val2014_000000300577.jpg,open_parcel,woman; table; plate; glass; utensils; chair; person; window; plants; wall decor,,,"{""objects"": [""woman"", ""table"", ""plate"", ""glass"", ""utensils"", ""chair"", ""person"", ""window"", ""plants"", ""wall decor""], ""affordances"": [], ""status"": ""success""}"
COCO_val2014_000000317656.jpg,open_parcel,plate; fork; knife; pizza slice,,,"{""objects"": [""plate"", ""fork"", ""knife"", ""pizza slice""], ""affordances"": [], ""status"": ""success""}"
COCO_val2014_000000320664.jpg,open_parcel,plate; hot dog; macaroni and cheese; baked beans; fried food; fork; knife; spoon; sunglasses; menu card,,,"{""objects"": [""plate"", ""hot dog"", ""macaroni and cheese"", ""baked beans"", ""fried food"", ""fork"", ""knife"", ""spoon"", ""sunglasses"", ""menu card""], ""affordances"": [], ""status"": ""success""}"
COCO_val2014_000000321008.jpg,open_parcel,white plate; waffle; blue mug; knife; fork; green napkin; bowl; cups; wooden table,,,"{""objects"": [""white plate"", ""waffle"", ""blue mug"", ""knife"", ""fork"", ""green napkin"", ""bowl"", ""cups"", ""wooden table""], ""affordances"": [], ""status"": ""success""}"
COCO_val2014_000000326367.jpg,open_parcel,pizza; Coca-Cola; water; plate; spatula; person; pizza tray,,,"{""objects"": [""pizza"", ""Coca-Cola"", ""water"", ""plate"", ""spatula"", ""person"", ""pizza tray""], ""affordances"": [], ""status"": ""success""}"
COCO_val2014_000000331475.jpg,open_parcel,white plate with grilled item; white plate with sandwich and salad; pink pot with plant; glass of water; metal ashtray; napkin; small brown object; blue table surface,,,"{""objects"": [""white plate with grilled item"", ""white plate with sandwich and salad"", ""pink pot with plant"", ""glass of water"", ""metal ashtray"", ""napkin"", ""small brown object"", ""blue table surface""], ""affordances"": [], ""status"": ""success""}"
COCO_val2014_000000345400.jpg,open_parcel,tables; chairs; people; food; tissue box; utensils; plants; stone wall,,,"{""objects"": [""tables"", ""chairs"", ""people"", ""food"", ""tissue box"", ""utensils"", ""plants"", ""stone wall""], ""affordances"": [], ""status"": ""success""}"
COCO_val2014_000000360600.jpg,open_parcel,pizza; plate; knife; spoon; rocks; person's hands; jar,,,"{""objects"": [""pizza"", ""plate"", ""knife"", ""spoon"", ""rocks"", ""person's hands"", ""jar""], ""affordances"": [], ""status"": ""success""}"
COCO_val2014_000000360706.jpg,open_parcel,apple; peeler; apple peel,,,"{""objects"": [""apple"", ""peeler"", ""apple peel""], ""affordances"": [], ""status"": ""success""}"
COCO_val2014_000000374505.jpg,open_parcel,scissors,,,"{""objects"": [""scissors""], ""affordances"": [], ""status"": ""success""}"
COCO_val2014_000000381413.jpg,open_parcel,cutting board; knife; cheese,,,"{""objects"": [""cutting board"", ""knife"", ""cheese""], ""affordances"": [], ""status"": ""success""}"
COCO_val2014_000000388066.jpg,open_parcel,plate; keyboard; fork; knife; food,,,"{""objects"": [""plate"", ""keyboard"", ""fork"", ""knife"", ""food""], ""affordances"": [], ""status"": ""success""}"
COCO_val2014_000000391255.jpg,open_parcel,couple; cake; sword; flowers; brick wall; painting; table; red cloth; plants,,,"{""objects"": [""couple"", ""cake"", ""sword"", ""flowers"", ""brick wall"", ""painting"", ""table"", ""red cloth"", ""plants""], ""affordances"": [], ""status"": ""success""}"
COCO_val2014_000000399851.jpg,open_parcel,shelves; pots; pans; utensils; bottles; refrigerator; cabinets; trash can; storage containers,,,"{""objects"": [""shelves"", ""pots"", ""pans"", ""utensils"", ""bottles"", ""refrigerator"", ""cabinets"", ""trash can"", ""storage containers""], ""affordances"": [], ""status"": ""success""}"
COCO_val2014_000000413551.jpg,open_parcel,pastries; cakes; plates; tongs; bowl,,,"{""objects"": [""pastries"", ""cakes"", ""plates"", ""tongs"", ""bowl""], ""affordances"": [], ""status"": ""success""}"
COCO_val2014_000000419098.jpg,open_parcel,scissors,,,"{""objects"": [""scissors""], ""affordances"": [], ""status"": ""success""}"
COCO_val2014_000000440528.jpg,open_parcel,cake; cake stand; plate; spoon; knife; pear; another fruit; red and white striped cloth; framed pictures,,,"{""objects"": [""cake"", ""cake stand"", ""plate"", ""spoon"", ""knife"", ""pear"", ""another fruit"", ""red and white striped cloth"", ""framed pictures""], ""affordances"": [], ""status"": ""success""}"
COCO_val2014_000000443301.jpg,open_parcel,white cutting board; orange slice; scissors,,,"{""objects"": [""white cutting board"", ""orange slice"", ""scissors""], ""affordances"": [], ""status"": ""success""}"
COCO_val2014_000000558809.jpg,open_parcel,cutting board; broccoli; knife; trash bin,,,"{""objects"": [""cutting board"", ""broccoli"", ""knife"", ""trash bin""], ""affordances"": [], ""status"": ""success""}"
COCO_val2014_000000569274.jpg,open_parcel,pizza; glass; bottle; plate; chair; table; tablecloth; brick wall,,,"{""objects"": [""pizza"", ""glass"", ""bottle"", ""plate"", ""chair"", ""table"", ""tablecloth"", ""brick wall""], ""affordances"": [], ""status"": ""success""}"
COCO_val2014_000000580791.jpg,open_parcel,pizza; bottle; glass; fork; knife; plate,,,"{""objects"": [""pizza"", ""bottle"", ""glass"", ""fork"", ""knife"", ""plate""], ""affordances"": [], ""status"": ""success""}"
000000000030.jpg,place_flowers,vase,place flowers,vase,"{""objects"": [""vase""], ""affordances"": [{""object"": ""vase"", ""affordance"": ""place flowers"", ""region"": ""vase"", ""action"": ""place flowers""}], ""status"": ""success""}"
000000001340.jpg,place_flowers,vase,place flowers,vase,"{""objects"": [""vase""], ""affordances"": [{""object"": ""vase"", ""affordance"": ""place flowers"", ""region"": ""vase"", ""action"": ""place flowers""}], ""status"": ""success""}"
000000003613.jpg,place_flowers,vase,place flowers,vase,"{""objects"": [""vase""], ""affordances"": [{""object"": ""vase"", ""affordance"": ""place flowers"", ""region"": ""vase"", ""action"": ""place flowers""}], ""status"": ""success""}"
000000013148.jpg,place_flowers,wine bottles; blue glass vases; wine glasses; microphone; sign,,,"{""objects"": [""wine bottles"", ""blue glass vases"", ""wine glasses"", ""microphone"", ""sign""], ""affordances"": [], ""status"": ""success""}"
000000013300.jpg,place_flowers,vase,place flowers,vase,"{""objects"": [""vase""], ""affordances"": [{""object"": ""vase"", ""affordance"": ""place flowers"", ""region"": ""vase"", ""action"": ""place flowers""}], ""status"": ""success""}"
000000018291.jpg,place_flowers,vase,place flowers,vase,"{""objects"": [""vase""], ""affordances"": [{""object"": ""vase"", ""affordance"": ""place flowers"", ""region"": ""vase"", ""action"": ""place flowers""}], ""status"": ""success""}"
000000026171.jpg,place_flowers,vase,place flowers,vase,"{""objects"": [""vase""], ""affordances"": [{""object"": ""vase"", ""affordance"": ""place flowers"", ""region"": ""vase"", ""action"": ""place flowers""}], ""status"": ""success""}"
000000026728.jpg,place_flowers,two vases,,,"{""objects"": [""two vases""], ""affordances"": [], ""status"": ""success""}"
000000034795.jpg,place_flowers,vase,place flowers,vase,"{""objects"": [""vase""], ""affordances"": [{""object"": ""vase"", ""affordance"": ""place flowers"", ""region"": ""vase"", ""action"": ""place flowers""}], ""status"": ""success""}"
000000035668.jpg,place_flowers,vase,place flowers,vase,"{""objects"": [""vase"", ""stove"", ""kettle"", ""knives"", ""wall-mounted containers""], ""affordances"": [{""object"": ""vase"", ""affordance"": ""place flowers"", ""region"": ""vase"", ""action"": ""place flowers""}], ""status"": ""success""}"
000000035817.jpg,place_flowers,vase,place flowers,on the table,"{""objects"": [""vase"", ""cake"", ""table"", ""chair"", ""candle"", ""shelves"", ""window""], ""affordances"": [{""object"": ""vase"", ""affordance"": ""place flowers"", ""region"": ""on the table"", ""action"": ""place flowers""}], ""status"": ""success""}"
000000043007.jpg,place_flowers,vase,place flowers,vase,"{""objects"": [""vase"", ""vase""], ""affordances"": [{""object"": ""vase"", ""affordance"": ""place flowers"", ""region"": ""vase"", ""action"": ""place flowers""}, {""object"": ""vase"", ""affordance"": ""place flowers"", ""region"": ""vase"", ""action"": ""place flowers""}], ""status"": ""success""}"
000000043007.jpg,place_flowers,vase,place flowers,vase,"{""objects"": [""vase"", ""vase""], ""affordances"": [{""object"": ""vase"", ""affordance"": ""place flowers"", ""region"": ""vase"", ""action"": ""place flowers""}, {""object"": ""vase"", ""affordance"": ""place flowers"", ""region"": ""vase"", ""action"": ""place flowers""}], ""status"": ""success""}"
000000043542.jpg,place_flowers,vase,place flowers,red vase,"{""objects"": [""vase""], ""affordances"": [{""object"": ""vase"", ""affordance"": ""place flowers"", ""region"": ""red vase"", ""action"": ""place flowers""}], ""status"": ""success""}"
000000045356.jpg,place_flowers,vase,place flowers,vase,"{""objects"": [""vase"", ""flowers""], ""affordances"": [{""object"": ""vase"", ""affordance"": ""place flowers"", ""region"": ""vase"", ""action"": ""place flowers""}], ""status"": ""success""}"
000000045422.jpg,place_flowers,vase,place flowers,vase,"{""objects"": [""vase""], ""affordances"": [{""object"": ""vase"", ""affordance"": ""place flowers"", ""region"": ""vase"", ""action"": ""place flowers""}], ""status"": ""success""}"
000000051124.jpg,place_flowers,vase,place flowers,entire vase,"{""objects"": [""vase""], ""affordances"": [{""object"": ""vase"", ""affordance"": ""place flowers"", ""region"": ""entire vase"", ""action"": ""place flowers""}], ""status"": ""success""}"
000000051191.jpg,place_flowers,vase,place flowers,vase,"{""objects"": [""vase""], ""affordances"": [{""object"": ""vase"", ""affordance"": ""place flowers"", ""region"": ""vase"", ""action"": ""place flowers""}], ""status"": ""success""}"
000000051941.jpg,place_flowers,vase,hold flowers,body of the vase,"{""objects"": [""vase""], ""affordances"": [{""object"": ""vase"", ""affordance"": ""hold flowers"", ""region"": ""body of the vase"", ""action"": ""place flowers""}], ""status"": ""success""}"
000000053176.jpg,place_flowers,vase,place flowers,body of the vase,"{""objects"": [""vase""], ""affordances"": [{""object"": ""vase"", ""affordance"": ""place flowers"", ""region"": ""body of the vase"", ""action"": ""place flowers""}], ""status"": ""success""}"
000000053931.jpg,place_flowers,vase,,,"{""objects"": [""vase""], ""affordances"": [], ""status"": ""success""}"
000000059821.jpg,place_flowers,vase,place flowers,mouth,"{""objects"": [""vase""], ""affordances"": [{""object"": ""vase"", ""affordance"": ""place flowers"", ""region"": ""mouth"", ""action"": ""place flowers""}], ""status"": ""success""}"
000000059997.jpg,place_flowers,vase,place flowers,mouth,"{""objects"": [""vase""], ""affordances"": [{""object"": ""vase"", ""affordance"": ""place flowers"", ""region"": ""mouth"", ""action"": ""place flowers""}], ""status"": ""success""}"
000000065685.jpg,place_flowers,vase,place flowers,the top of the vase,"{""objects"": [""vase""], ""affordances"": [{""object"": ""vase"", ""affordance"": ""place flowers"", ""region"": ""the top of the vase"", ""action"": ""place flowers""}], ""status"": ""success""}"
000000066154.jpg,place_flowers,vase,,,"{""objects"": [""vase""], ""affordances"": [], ""status"": ""success""}"
000000068158.jpg,place_flowers,vase,place flowers,top of wardrobe,"{""objects"": [""vase""], ""affordances"": [{""object"": ""vase"", ""affordance"": ""place flowers"", ""region"": ""top of wardrobe"", ""action"": ""place flowers""}], ""status"": ""success""}"
000000070251.jpg,place_flowers,vase,place flowers,vase,"{""objects"": [""vase""], ""affordances"": [{""object"": ""vase"", ""affordance"": ""place flowers"", ""region"": ""vase"", ""action"": ""place flowers""}], ""status"": ""success""}"
000000070387.jpg,place_flowers,vase,place flowers,opening,"{""objects"": [""vase""], ""affordances"": [{""object"": ""vase"", ""affordance"": ""place flowers"", ""region"": ""opening"", ""action"": ""place flowers""}], ""status"": ""success""}"
000000073774.jpg,place_flowers,vase,place flowers,vase,"{""objects"": [""vase""], ""affordances"": [{""object"": ""vase"", ""affordance"": ""place flowers"", ""region"": ""vase"", ""action"": ""place flowers""}], ""status"": ""success""}"
000000075415.jpg,place_flowers,vase,place flowers,body of the vase,"{""objects"": [""vase""], ""affordances"": [{""object"": ""vase"", ""affordance"": ""place flowers"", ""region"": ""body of the vase"", ""action"": ""place flowers""}], ""status"": ""success""}"
000000076872.jpg,place_flowers,vase,place flowers,vase,"{""objects"": [""vase""], ""affordances"": [{""object"": ""vase"", ""affordance"": ""place flowers"", ""region"": ""vase"", ""action"": ""place flowers""}], ""status"": ""success""}"
000000077477.jpg,place_flowers,vase,place flowers,vase,"{""objects"": [""vase""], ""affordances"": [{""object"": ""vase"", ""affordance"": ""place flowers"", ""region"": ""vase"", ""action"": ""place flowers""}], ""status"": ""success""}"
000000077936.jpg,place_flowers,blue vase,place flowers,vase,"{""objects"": [""blue vase""], ""affordances"": [{""object"": ""blue vase"", ""affordance"": ""place flowers"", ""region"": ""vase"", ""action"": ""place flowers""}], ""status"": ""success""}"
000000081994.jpg,place_flowers,vase,place flowers,vase,"{""objects"": [""vase""], ""affordances"": [{""object"": ""vase"", ""affordance"": ""place flowers"", ""region"": ""vase"", ""action"": ""place flowers""}], ""status"": ""success""}"
000000086356.jpg,place_flowers,vase,hold flowers,body of the vase,"{""objects"": [""vase""], ""affordances"": [{""object"": ""vase"", ""affordance"": ""hold flowers"", ""region"": ""body of the vase"", ""action"": ""place flowers""}], ""status"": ""success""}"
000000086468.jpg,place_flowers,vase,place flowers,glass container with flowers,"{""objects"": [""vase""], ""affordances"": [{""object"": ""vase"", ""affordance"": ""place flowers"", ""region"": ""glass container with flowers"", ""action"": ""place flowers""}], ""status"": ""success""}"
000000086800.jpg,place_flowers,vase,place flowers,body of the vase,"{""objects"": [""vase""], ""affordances"": [{""object"": ""vase"", ""affordance"": ""place flowers"", ""region"": ""body of the vase"", ""action"": ""place flowers""}], ""status"": ""success""}"
000000092464.jpg,place_flowers,glass vase,place flowers,the glass vase,"{""objects"": [""glass vase""], ""affordances"": [{""object"": ""glass vase"", ""affordance"": ""place flowers"", ""region"": ""the glass vase"", ""action"": ""place flowers""}], ""status"": ""success""}"
000000092683.jpg,place_flowers,vase,place flowers,body of the vase,"{""objects"": [""vase""], ""affordances"": [{""object"": ""vase"", ""affordance"": ""place flowers"", ""region"": ""body of the vase"", ""action"": ""place flowers""}], ""status"": ""success""}"
000000098563.jpg,place_flowers,vase,place flowers,opening of the vase,"{""objects"": [""vase""], ""affordances"": [{""object"": ""vase"", ""affordance"": ""place flowers"", ""region"": ""opening of the vase"", ""action"": ""place flowers""}], ""status"": ""success""}"
000000100558.jpg,place_flowers,vase,place flowers,vase,"{""objects"": [""vase""], ""affordances"": [{""object"": ""vase"", ""affordance"": ""place flowers"", ""region"": ""vase"", ""action"": ""place flowers""}], ""status"": ""success""}"
000000101059.jpg,place_flowers,vase,place flowers,vase,"{""objects"": [""vase""], ""affordances"": [{""object"": ""vase"", ""affordance"": ""place flowers"", ""region"": ""vase"", ""action"": ""place flowers""}], ""status"": ""success""}"
000000103059.jpg,place_flowers,vase,place flowers,vase,"{""objects"": [""vase""], ""affordances"": [{""object"": ""vase"", ""affordance"": ""place flowers"", ""region"": ""vase"", ""action"": ""place flowers""}], ""status"": ""success""}"
000000106660.jpg,place_flowers,blue bottle,hold flowers,body of the bottle,"{""objects"": [""blue bottle""], ""affordances"": [{""object"": ""blue bottle"", ""affordance"": ""hold flowers"", ""region"": ""body of the bottle"", ""action"": ""place flowers""}], ""status"": ""success""}"
000000108898.jpg,place_flowers,vase,place flowers,the vase,"{""objects"": [""vase""], ""affordances"": [{""object"": ""vase"", ""affordance"": ""place flowers"", ""region"": ""the vase"", ""action"": ""place flowers""}], ""status"": ""success""}"
000000109638.jpg,place_flowers,vase,place flowers,vase,"{""objects"": [""vase""], ""affordances"": [{""object"": ""vase"", ""affordance"": ""place flowers"", ""region"": ""vase"", ""action"": ""place flowers""}], ""status"": ""success""}"
000000111245.jpg,place_flowers,vase,place flowers,vase,"{""objects"": [""vase""], ""affordances"": [{""object"": ""vase"", ""affordance"": ""place flowers"", ""region"": ""vase"", ""action"": ""place flowers""}], ""status"": ""success""}"
000000115014.jpg,place_flowers,vase,place flowers,vase,"{""objects"": [""vase""], ""affordances"": [{""object"": ""vase"", ""affordance"": ""place flowers"", ""region"": ""vase"", ""action"": ""place flowers""}], ""status"": ""success""}"
000000115156.jpg,place_flowers,vase,place flowers,vase,"{""objects"": [""vase""], ""affordances"": [{""object"": ""vase"", ""affordance"": ""place flowers"", ""region"": ""vase"", ""action"": ""place flowers""}], ""status"": ""success""}"
000000115270.jpg,place_flowers,vase,place flowers,vase,"{""objects"": [""vase""], ""affordances"": [{""object"": ""vase"", ""affordance"": ""place flowers"", ""region"": ""vase"", ""action"": ""place flowers""}], ""status"": ""success""}"
000000115359.jpg,place_flowers,blue vases,place flowers,body of the vases,"{""objects"": [""blue vases""], ""affordances"": [{""object"": ""blue vases"", ""affordance"": ""place flowers"", ""region"": ""body of the vases"", ""action"": ""place flowers""}], ""status"": ""success""}"
000000116270.jpg,place_flowers,vase,place flowers,vase,"{""objects"": [""vase""], ""affordances"": [{""object"": ""vase"", ""affordance"": ""place flowers"", ""region"": ""vase"", ""action"": ""place flowers""}], ""status"": ""success""}"
000000118237.jpg,place_flowers,vase,place flowers,vase,"{""objects"": [""vase""], ""affordances"": [{""object"": ""vase"", ""affordance"": ""place flowers"", ""region"": ""vase"", ""action"": ""place flowers""}], ""status"": ""success""}"
000000118904.jpg,place_flowers,vase,place flowers,vase,"{""objects"": [""vase""], ""affordances"": [{""object"": ""vase"", ""affordance"": ""place flowers"", ""region"": ""vase"", ""action"": ""place flowers""}], ""status"": ""success""}"
000000125109.jpg,place_flowers,vase,place flowers,vase,"{""objects"": [""vase""], ""affordances"": [{""object"": ""vase"", ""affordance"": ""place flowers"", ""region"": ""vase"", ""action"": ""place flowers""}], ""status"": ""success""}"
000000127543.jpg,place_flowers,vase,place flowers,vase,"{""objects"": [""vase"", ""vase""], ""affordances"": [{""object"": ""vase"", ""affordance"": ""place flowers"", ""region"": ""vase"", ""action"": ""place flowers""}, {""object"": ""vase"", ""affordance"": ""place flowers"", ""region"": ""vase"", ""action"": ""place flowers""}], ""status"": ""success""}"
000000127543.jpg,place_flowers,vase,place flowers,vase,"{""objects"": [""vase"", ""vase""], ""affordances"": [{""object"": ""vase"", ""affordance"": ""place flowers"", ""region"": ""vase"", ""action"": ""place flowers""}, {""object"": ""vase"", ""affordance"": ""place flowers"", ""region"": ""vase"", ""action"": ""place flowers""}], ""status"": ""success""}"
000000134935.jpg,place_flowers,vase,place flowers,vase,"{""objects"": [""vase""], ""affordances"": [{""object"": ""vase"", ""affordance"": ""place flowers"", ""region"": ""vase"", ""action"": ""place flowers""}], ""status"": ""success""}"
000000135708.jpg,place_flowers,vase,place flowers,vase,"{""objects"": [""vase""], ""affordances"": [{""object"": ""vase"", ""affordance"": ""place flowers"", ""region"": ""vase"", ""action"": ""place flowers""}], ""status"": ""success""}"
000000139333.jpg,place_flowers,vase,place flowers,vase,"{""objects"": [""vase""], ""affordances"": [{""object"": ""vase"", ""affordance"": ""place flowers"", ""region"": ""vase"", ""action"": ""place flowers""}], ""status"": ""success""}"
000000140167.jpg,place_flowers,vase,place flowers,vase,"{""objects"": [""vase""], ""affordances"": [{""object"": ""vase"", ""affordance"": ""place flowers"", ""region"": ""vase"", ""action"": ""place flowers""}], ""status"": ""success""}"
000000144475.jpg,place_flowers,vase,place flowers,opening of the vase,"{""objects"": [""vase""], ""affordances"": [{""object"": ""vase"", ""affordance"": ""place flowers"", ""region"": ""opening of the vase"", ""action"": ""place flowers""}], ""status"": ""success""}"
000000148208.jpg,place_flowers,vase,place flowers,vase,"{""objects"": [""vase""], ""affordances"": [{""object"": ""vase"", ""affordance"": ""place flowers"", ""region"": ""vase"", ""action"": ""place flowers""}], ""status"": ""success""}"
000000148807.jpg,place_flowers,vase,place flowers,vase,"{""objects"": [""vase""], ""affordances"": [{""object"": ""vase"", ""affordance"": ""place flowers"", ""region"": ""vase"", ""action"": ""place flowers""}], ""status"": ""success""}"
000000152048.jpg,place_flowers,vase,place flowers,opening,"{""objects"": [""vase""], ""affordances"": [{""object"": ""vase"", ""affordance"": ""place flowers"", ""region"": ""opening"", ""action"": ""place flowers""}], ""status"": ""success""}"
000000152209.jpg,place_flowers,vase,place flowers,body of the vase,"{""objects"": [""vase""], ""affordances"": [{""object"": ""vase"", ""affordance"": ""place flowers"", ""region"": ""body of the vase"", ""action"": ""place flowers""}], ""status"": ""success""}"
000000156326.jpg,place_flowers,vase,hold flowers,body of the vase,"{""objects"": [""vase""], ""affordances"": [{""object"": ""vase"", ""affordance"": ""hold flowers"", ""region"": ""body of the vase"", ""action"": ""place flowers""}], ""status"": ""success""}"
000000157834.jpg,place_flowers,vase,place flowers,vase,"{""objects"": [""vases""], ""affordances"": [{""object"": ""vase"", ""affordance"": ""place flowers"", ""region"": ""vase"", ""action"": ""place flowers""}], ""status"": ""success""}"
000000158642.jpg,place_flowers,vase,place flowers,body of the vase,"{""objects"": [""vase""], ""affordances"": [{""object"": ""vase"", ""affordance"": ""place flowers"", ""region"": ""body of the vase"", ""action"": ""place flowers""}], ""status"": ""success""}"
000000159626.jpg,place_flowers,vase,place flowers,body of the vase,"{""objects"": [""vase""], ""affordances"": [{""object"": ""vase"", ""affordance"": ""place flowers"", ""region"": ""body of the vase"", ""action"": ""place flowers""}], ""status"": ""success""}"
000000163917.jpg,place_flowers,vase,place flowers,the vase,"{""objects"": [""vase""], ""affordances"": [{""object"": ""vase"", ""affordance"": ""place flowers"", ""region"": ""the vase"", ""action"": ""place flowers""}], ""status"": ""success""}"
000000164725.jpg,place_flowers,vase,place flowers,vase,"{""objects"": [""vase""], ""affordances"": [{""object"": ""vase"", ""affordance"": ""place flowers"", ""region"": ""vase"", ""action"": ""place flowers""}], ""status"": ""success""}"
000000168060.jpg,place_flowers,vase,place flowers,opening of the vase,"{""objects"": [""vase""], ""affordances"": [{""object"": ""vase"", ""affordance"": ""place flowers"", ""region"": ""opening of the vase"", ""action"": ""place flowers""}], ""status"": ""success""}"
000000172226.jpg,place_flowers,red vase,hold flowers,vase,"{""objects"": [""red vase""], ""affordances"": [{""object"": ""red vase"", ""affordance"": ""hold flowers"", ""region"": ""vase"", ""action"": ""place flowers""}], ""status"": ""success""}"
000000175520.jpg,place_flowers,vase,place flowers,vase,"{""objects"": [""vase""], ""affordances"": [{""object"": ""vase"", ""affordance"": ""place flowers"", ""region"": ""vase"", ""action"": ""place flowers""}], ""status"": ""success""}"
000000188511.jpg,place_flowers,shelves,place flowers,shelves,"{""objects"": [""shelves""], ""affordances"": [{""object"": ""shelves"", ""affordance"": ""place flowers"", ""region"": ""shelves"", ""action"": ""place flowers""}], ""status"": ""success""}"
000000188688.jpg,place_flowers,vase,place flowers,vase,"{""objects"": [""vase""], ""affordances"": [{""object"": ""vase"", ""affordance"": ""place flowers"", ""region"": ""vase"", ""action"": ""place flowers""}], ""status"": ""success""}"
000000189148.jpg,place_flowers,vase,place flowers,on the table,"{""objects"": [""vase""], ""affordances"": [{""object"": ""vase"", ""affordance"": ""place flowers"", ""region"": ""on the table"", ""action"": ""place flowers""}], ""status"": ""success""}"
000000193664.jpg,place_flowers,vase,place flowers,vase,"{""objects"": [""vase""], ""affordances"": [{""object"": ""vase"", ""affordance"": ""place flowers"", ""region"": ""vase"", ""action"": ""place flowers""}], ""status"": ""success""}"
000000197155.jpg,place_flowers,vase,place flowers,vase,"{""objects"": [""vase""], ""affordances"": [{""object"": ""vase"", ""affordance"": ""place flowers"", ""region"": ""vase"", ""action"": ""place flowers""}], ""status"": ""success""}"
000000197525.jpg,place_flowers,vase,place flowers,on the table,"{""objects"": [""vase""], ""affordances"": [{""object"": ""vase"", ""affordance"": ""place flowers"", ""region"": ""on the table"", ""action"": ""place flowers""}], ""status"": ""success""}"
000000201184.jpg,place_flowers,vase,place flowers,vase,"{""objects"": [""vase""], ""affordances"": [{""object"": ""vase"", ""affordance"": ""place flowers"", ""region"": ""vase"", ""action"": ""place flowers""}], ""status"": ""success""}"
000000201530.jpg,place_flowers,vase,place flowers,vase,"{""objects"": [""vase""], ""affordances"": [{""object"": ""vase"", ""affordance"": ""place flowers"", ""region"": ""vase"", ""action"": ""place flowers""}], ""status"": ""success""}"
000000205025.jpg,place_flowers,vase,place flowers,body of the vase,"{""objects"": [""vase""], ""affordances"": [{""object"": ""vase"", ""affordance"": ""place flowers"", ""region"": ""body of the vase"", ""action"": ""place flowers""}], ""status"": ""success""}"
000000206539.jpg,place_flowers,vase,place flowers,body of the vase,"{""objects"": [""vase""], ""affordances"": [{""object"": ""vase"", ""affordance"": ""place flowers"", ""region"": ""body of the vase"", ""action"": ""place flowers""}], ""status"": ""success""}"
000000208020.jpg,place_flowers,vase,place flowers,opening of the vase,"{""objects"": [""vase""], ""affordances"": [{""object"": ""vase"", ""affordance"": ""place flowers"", ""region"": ""opening of the vase"", ""action"": ""place flowers""}], ""status"": ""success""}"
000000208380.jpg,place_flowers,vase,place flowers,vase,"{""objects"": [""vase"", ""vase""], ""affordances"": [{""object"": ""vase"", ""affordance"": ""place flowers"", ""region"": ""vase"", ""action"": ""place flowers""}, {""object"": ""vase"", ""affordance"": ""place flowers"", ""region"": ""vase"", ""action"": ""place flowers""}], ""status"": ""success""}"
000000208380.jpg,place_flowers,vase,place flowers,vase,"{""objects"": [""vase"", ""vase""], ""affordances"": [{""object"": ""vase"", ""affordance"": ""place flowers"", ""region"": ""vase"", ""action"": ""place flowers""}, {""object"": ""vase"", ""affordance"": ""place flowers"", ""region"": ""vase"", ""action"": ""place flowers""}], ""status"": ""success""}"
000000208875.jpg,place_flowers,vase,place flowers,vase,"{""objects"": [""vase""], ""affordances"": [{""object"": ""vase"", ""affordance"": ""place flowers"", ""region"": ""vase"", ""action"": ""place flowers""}], ""status"": ""success""}"
000000208976.jpg,place_flowers,vase,place flowers,opening,"{""objects"": [""vase""], ""affordances"": [{""object"": ""vase"", ""affordance"": ""place flowers"", ""region"": ""opening"", ""action"": ""place flowers""}], ""status"": ""success""}"
000000215625.jpg,place_flowers,vase,place flowers,vase,"{""objects"": [""vase""], ""affordances"": [{""object"": ""vase"", ""affordance"": ""place flowers"", ""region"": ""vase"", ""action"": ""place flowers""}], ""status"": ""success""}"
000000216038.jpg,place_flowers,vase,place flowers,vase,"{""objects"": [""vase""], ""affordances"": [{""object"": ""vase"", ""affordance"": ""place flowers"", ""region"": ""vase"", ""action"": ""place flowers""}], ""status"": ""success""}"
000000217407.jpg,place_flowers,vase,place flowers,vase,"{""objects"": [""vase""], ""affordances"": [{""object"": ""vase"", ""affordance"": ""place flowers"", ""region"": ""vase"", ""action"": ""place""}], ""status"": ""success""}"
000000217725.jpg,place_flowers,vase,place flowers,vase,"{""objects"": [""vase""], ""affordances"": [{""object"": ""vase"", ""affordance"": ""place flowers"", ""region"": ""vase"", ""action"": ""place flowers""}], ""status"": ""success""}"
000000221973.jpg,place_flowers,vase,place flowers,vase,"{""objects"": [""vase""], ""affordances"": [{""object"": ""vase"", ""affordance"": ""place flowers"", ""region"": ""vase"", ""action"": ""place flowers""}], ""status"": ""success""}"
000000224740.jpg,place_flowers,vase,place flowers,vase,"{""objects"": [""vase""], ""affordances"": [{""object"": ""vase"", ""affordance"": ""place flowers"", ""region"": ""vase"", ""action"": ""place flowers""}], ""status"": ""success""}"
000000229541.jpg,place_flowers,vase,place flowers,vase,"{""objects"": [""vase""], ""affordances"": [{""object"": ""vase"", ""affordance"": ""place flowers"", ""region"": ""vase"", ""action"": ""place flowers""}], ""status"": ""success""}"
000000230238.jpg,place_flowers,vase,place flowers,mouth,"{""objects"": [""vase""], ""affordances"": [{""object"": ""vase"", ""affordance"": ""place flowers"", ""region"": ""mouth"", ""action"": ""place flowers""}], ""status"": ""success""}"
000000231536.jpg,place_flowers,vase,place flowers,top of refrigerator,"{""objects"": [""vase""], ""affordances"": [{""object"": ""vase"", ""affordance"": ""place flowers"", ""region"": ""top of refrigerator"", ""action"": ""place flowers""}], ""status"": ""success""}"
000000233140.jpg,place_flowers,vase,place flowers,the vase,"{""objects"": [""vase""], ""affordances"": [{""object"": ""vase"", ""affordance"": ""place flowers"", ""region"": ""the vase"", ""action"": ""place flowers""}], ""status"": ""success""}"
000000239306.jpg,place_flowers,vase,opening,mouth of the vase,"{""objects"": [""vase""], ""affordances"": [{""object"": ""vase"", ""affordance"": ""opening"", ""region"": ""mouth of the vase"", ""action"": ""place flowers""}], ""status"": ""success""}"
000000240101.jpg,place_flowers,vase,place flowers,vase,"{""objects"": [""vase""], ""affordances"": [{""object"": ""vase"", ""affordance"": ""place flowers"", ""region"": ""vase"", ""action"": ""place flowers""}], ""status"": ""success""}"
000000240813.jpg,place_flowers,vase,place flowers,vase,"{""objects"": [""vase""], ""affordances"": [{""object"": ""vase"", ""affordance"": ""place flowers"", ""region"": ""vase"", ""action"": ""place flowers""}], ""status"": ""success""}"
000000246041.jpg,place_flowers,vase,place flowers,vase,"{""objects"": [""vase""], ""affordances"": [{""object"": ""vase"", ""affordance"": ""place flowers"", ""region"": ""vase"", ""action"": ""place flowers""}], ""status"": ""success""}"
000000254237.jpg,place_flowers,vase,place flowers,vase,"{""objects"": [""vase""], ""affordances"": [{""object"": ""vase"", ""affordance"": ""place flowers"", ""region"": ""vase"", ""action"": ""place flowers""}], ""status"": ""success""}"
000000256189.jpg,place_flowers,vase,place flowers,vase,"{""objects"": [""vase""], ""affordances"": [{""object"": ""vase"", ""affordance"": ""place flowers"", ""region"": ""vase"", ""action"": ""place flowers""}], ""status"": ""success""}"
000000258265.jpg,place_flowers,vase,place flowers,glass container,"{""objects"": [""vase""], ""affordances"": [{""object"": ""vase"", ""affordance"": ""place flowers"", ""region"": ""glass container"", ""action"": ""place flowers""}], ""status"": ""success""}"
000000262360.jpg,place_flowers,vase,hold flowers,vase,"{""objects"": [""vase""], ""affordances"": [{""object"": ""vase"", ""affordance"": ""hold flowers"", ""region"": ""vase"", ""action"": ""place flowers""}], ""status"": ""success""}"
000000263482.jpg,place_flowers,vase,place flowers,the vase,"{""objects"": [""vase""], ""affordances"": [{""object"": ""vase"", ""affordance"": ""place flowers"", ""region"": ""the vase"", ""action"": ""place flowers""}], ""status"": ""success""}"
000000264212.jpg,place_flowers,vase,place flowers,vase,"{""objects"": [""vase""], ""affordances"": [{""object"": ""vase"", ""affordance"": ""place flowers"", ""region"": ""vase"", ""action"": ""place flowers""}], ""status"": ""success""}"
000000264969.jpg,place_flowers,vase,place flowers,vase,"{""objects"": [""vase""], ""affordances"": [{""object"": ""vase"", ""affordance"": ""place flowers"", ""region"": ""vase"", ""action"": ""place flowers""}], ""status"": ""success""}"
000000265244.jpg,place_flowers,vase,place flowers,vase,"{""objects"": [""vase""], ""affordances"": [{""object"": ""vase"", ""affordance"": ""place flowers"", ""region"": ""vase"", ""action"": ""place flowers""}], ""status"": ""success""}"
000000267082.jpg,place_flowers,vase,place flowers,vase,"{""objects"": [""vase""], ""affordances"": [{""object"": ""vase"", ""affordance"": ""place flowers"", ""region"": ""vase"", ""action"": ""place flowers""}], ""status"": ""success""}"
000000270846.jpg,place_flowers,vase,place flowers,opening,"{""objects"": [""vase""], ""affordances"": [{""object"": ""vase"", ""affordance"": ""place flowers"", ""region"": ""opening"", ""action"": ""place flowers""}], ""status"": ""success""}"
000000272713.jpg,place_flowers,vase,place flowers,the vase,"{""objects"": [""vase""], ""affordances"": [{""object"": ""vase"", ""affordance"": ""place flowers"", ""region"": ""the vase"", ""action"": ""place flowers""}], ""status"": ""success""}"
000000272728.jpg,place_flowers,vase,place flowers,vase,"{""objects"": [""vase""], ""affordances"": [{""object"": ""vase"", ""affordance"": ""place flowers"", ""region"": ""vase"", ""action"": ""place flowers""}], ""status"": ""success""}"
000000278923.jpg,place_flowers,vase,,,"{""objects"": [""vase""], ""affordances"": [], ""status"": ""success""}"
000000279909.jpg,place_flowers,vase,place flowers,body,"{""objects"": [""vase""], ""affordances"": [{""object"": ""vase"", ""affordance"": ""place flowers"", ""region"": ""body"", ""action"": ""place flowers""}], ""status"": ""success""}"
000000280226.jpg,place_flowers,vase,place flowers,vase,"{""objects"": [""vase""], ""affordances"": [{""object"": ""vase"", ""affordance"": ""place flowers"", ""region"": ""vase"", ""action"": ""place flowers""}], ""status"": ""success""}"
000000280808.jpg,place_flowers,mirror; sink; vanity; toilet; towel rack; shelf; curtain; light fixture,,,"{""objects"": [""mirror"", ""sink"", ""vanity"", ""toilet"", ""towel rack"", ""shelf"", ""curtain"", ""light fixture""], ""affordances"": [], ""status"": ""success""}"
000000282669.jpg,place_flowers,vase,place flowers,vase,"{""objects"": [""vase""], ""affordances"": [{""object"": ""vase"", ""affordance"": ""place flowers"", ""region"": ""vase"", ""action"": ""place flowers""}], ""status"": ""success""}"
000000282772.jpg,place_flowers,vase,place flowers,vase,"{""objects"": [""vase""], ""affordances"": [{""object"": ""vase"", ""affordance"": ""place flowers"", ""region"": ""vase"", ""action"": ""place flowers""}], ""status"": ""success""}"
000000282894.jpg,place_flowers,vase,place flowers,body,"{""objects"": [""vase""], ""affordances"": [{""object"": ""vase"", ""affordance"": ""place flowers"", ""region"": ""body"", ""action"": ""place flowers""}], ""status"": ""success""}"
000000287488.jpg,place_flowers,vase,place flowers,vase,"{""objects"": [""vase""], ""affordances"": [{""object"": ""vase"", ""affordance"": ""place flowers"", ""region"": ""vase"", ""action"": ""place flowers""}], ""status"": ""success""}"
000000290436.jpg,place_flowers,vase,place flowers,vase,"{""objects"": [""vase""], ""affordances"": [{""object"": ""vase"", ""affordance"": ""place flowers"", ""region"": ""vase"", ""action"": ""place flowers""}], ""status"": ""success""}"
