task,image,object,affordance,region,action,has_affordance,status
extnigh_fire,10.jpg,bucket,extinguish fire,handle of bucket,hold bucket handle,Yes,success
extnigh_fire,100.jpg,bucket,extinguish fire,bottom of bucket,drop bucket on fire,Yes,success
extnigh_fire,100.jpg,candle,extinguish fire,wax of candle,use candle to put out fire,Yes,success
extnigh_fire,101.jpg,stick,extinguish fire,handle of stick,use stick to put out fire,Yes,success
extnigh_fire,102.jpg,candle,extinguish fire,candle,simple action,Yes,success
extnigh_fire,103.jpg,green watering can,extinguish fire,handle of watering can,hold and use to douse fire,Yes,success
extnigh_fire,104.jpg,bottle,extinguish fire,top part of bottle,use bottle to put out fire,Yes,success
extnigh_fire,105.jpg,bucket,extinguish fire,bottom of bucket,Pour water into bucket,Yes,success
extnigh_fire,105.jpg,cigarette butts,extinguish fire,cigarette butts,Dust out the butts,Yes,success
extnigh_fire,106.jpg,bottle,extinguish fire,top part of bottle,pour water from bottle,Yes,success
extnigh_fire,107.jpg,bottle,extinguish fire,top of bottle,pour water,Yes,success
extnigh_fire,108.jpg,bucket,extinguish fire,bottom part of bucket,lift bucket to extinguish fire,Yes,success
extnigh_fire,109.jpg,bucket,extinguish fire,top of bucket,pour water from bucket,Yes,success
extnigh_fire,11.jpg,bucket,extinguish fire,top part of bucket,use bucket to put out fire,Yes,success
extnigh_fire,110.jpg,bucket,extinguish fire,bottom of bucket,use bucket to contain fire,Yes,success
extnigh_fire,111.jpg,crab,extinguish fire,claw,crush fire,Yes,success
extnigh_fire,112.jpg,bucket,extinguish fire,bottom of bucket,submerge bucket in water,Yes,success
extnigh_fire,113.jpg,bucket,extinguish fire,handle of bucket,grab bucket and use it to extinguish fire,Yes,success
extnigh_fire,114.jpg,bucket,extinguish fire,bottom of bucket,simple action,Yes,success
extnigh_fire,115.jpg,bucket,extinguish fire,bottom of bucket,use bucket to contain fire,Yes,success
extnigh_fire,116.jpg,bucket,extinguish fire,bottom half,dip in water,Yes,success
extnigh_fire,117.jpg,bucket,extinguish fire,bottom part of bucket,pour water from bucket,Yes,success
extnigh_fire,118.jpg,bucket,extinguish fire,top of bucket,lift bucket to access water,Yes,success
extnigh_fire,119.jpg,camera,extinguish fire,camera strap,use the strap to dangle over the fire,Yes,success
extnigh_fire,12.jpg,knife,extinguish fire,blade,use to cut through the fire,Yes,success
extnigh_fire,120.jpg,bee hive,extinguish fire,entire bee hive,use bee hive to contain fire,Yes,success
extnigh_fire,121.jpg,bucket,extinguish fire,bottom of bucket,use bucket to contain fire,Yes,success
extnigh_fire,122.jpg,bucket,extinguish fire,handle of bucket,pull bucket handle,Yes,success
extnigh_fire,123.jpg,bucket,extinguish fire,bottom of bucket,Pour water into bucket,Yes,success
extnigh_fire,123.jpg,candle,extinguish fire,wax of candle,Dip candle into bucket,Yes,success
extnigh_fire,124.jpg,bucket,extinguish fire,bottom of bucket,pour water into bucket,Yes,success
extnigh_fire,124.jpg,bucket,extinguish fire,bottom of bucket,pour water into bucket,Yes,success
extnigh_fire,125.jpg,bucket,extinguish fire,bottom of bucket,pour water,Yes,success
extnigh_fire,126.jpg,bucket,extinguish fire,bottom of bucket,use the bucket to contain the fire,Yes,success
extnigh_fire,127.jpg,bucket,extinguish fire,top of bucket,pour water,Yes,success
extnigh_fire,128.jpg,bucket,extinguish fire,bottom of bucket,use bucket to contain fire,Yes,success
extnigh_fire,129.jpg,yellow container,extinguish fire,top of container,pour liquid into bucket,Yes,success
extnigh_fire,13.jpg,bucket,extinguish fire,bottom of bucket,simple action,Yes,success
extnigh_fire,130.jpg,fire extinguisher,extinguish fire,handle of fire extinguisher,pull out the nozzle and spray the fire,Yes,success
extnigh_fire,131.jpg,bucket,extinguish fire,bottom of bucket,pour water from bucket,Yes,success
extnigh_fire,132.jpg,fire extinguisher,extinguish fire,handle of fire extinguisher,pull the handle,Yes,success
extnigh_fire,132.jpg,blanket,extinguish fire,center of blanket,lay the blanket over the fire,Yes,success
extnigh_fire,133.jpg,fire extinguisher,extinguish fire,handle,pull the handle,Yes,success
extnigh_fire,133.jpg,fire blanket,extinguish fire,center,spread the blanket over the fire,Yes,success
extnigh_fire,134.jpg,fire,extinguish fire,flames,use a fire extinguisher,Yes,success
extnigh_fire,135.jpg,,,,,No,timeout
extnigh_fire,136.jpg,,,,,No,timeout
extnigh_fire,137.jpg,fire blanket,extinguish fire,entire blanket,use the blanket to cover the fire,Yes,success
extnigh_fire,138.jpg,Fire Cloak,extinguish fire,entire blanket,cover the fire,Yes,success
extnigh_fire,139.jpg,fire blanket,extinguish fire,entire blanket,use the fire blanket to cover the flames,Yes,success
extnigh_fire,14.jpg,orange bucket,extinguish fire,handle of bucket,hold bucket to extinguish fire,Yes,success
extnigh_fire,140.jpg,cloth,extinguish fire,entire cloth,drape over flame,Yes,success
extnigh_fire,141.jpg,fire extinguisher,extinguish fire,body of fire extinguisher,pull the pin and aim at the fire,Yes,success
extnigh_fire,142.jpg,fire hose,extinguish fire,no specific part mentioned,spray water,Yes,success
extnigh_fire,143.jpg,fire blanket,extinguish fire,entire blanket,deploy and cover the fire,Yes,success
extnigh_fire,144.jpg,Fire Blanket,extinguish fire,entire blanket,spread the blanket over the fire,Yes,success
extnigh_fire,145.jpg,fire,extinguish fire,flames,use a fire extinguisher or sand to put out the flames,Yes,success
extnigh_fire,146.jpg,fire,extinguish fire,flames,use fire extinguisher,Yes,success
extnigh_fire,147.jpg,blanket,extinguish fire,entire blanket,cover the fire,Yes,success
extnigh_fire,148.jpg,fire blanket,extinguish fire,entire fire blanket,spread the fire blanket over the flames,Yes,success
extnigh_fire,149.jpg,cloth,extinguish fire,cloth,use cloth to smother fire,Yes,success
extnigh_fire,15.jpg,fire extinguisher,extinguish fire,handle of fire extinguisher,pull the handle,Yes,success
extnigh_fire,150.jpg,green fire blanket,extinguish fire,entire blanket,use the blanket to cover the fire,Yes,success
extnigh_fire,151.jpg,fire blanket,extinguish fire,red square,pull tab and cover fire,Yes,success
extnigh_fire,152.jpg,,,,,No,timeout
extnigh_fire,153.jpg,fire,extinguish fire,flame,use water to extinguish,Yes,success
extnigh_fire,154.jpg,fire blanket,extinguish fire,entire blanket,deploy and cover the fire,Yes,success
extnigh_fire,155.jpg,fire blanket,extinguish fire,entire fire blanket,drape over flames,Yes,success
extnigh_fire,155.jpg,fire blanket,extinguish fire,release tabs,pull down tabs,Yes,success
extnigh_fire,155.jpg,fire blanket,extinguish fire,release tape,curl around hands,Yes,success
extnigh_fire,155.jpg,fire blanket,extinguish fire,entire blanket,cover fire,Yes,success
extnigh_fire,156.jpg,fire blanket,extinguish fire,entire fire blanket,Wrap the fire blanket around the flames to extinguish the fire.,Yes,success
extnigh_fire,157.jpg,fire blanket,extinguish fire,entire fire blanket,deploy and use the fire blanket to cover the fire,Yes,success
extnigh_fire,158.jpg,fire extinguisher,extinguish fire,handle,pull out the nozzle,Yes,success
extnigh_fire,158.jpg,fire blanket,extinguish fire,center,lay the blanket over the fire,Yes,success
extnigh_fire,159.jpg,fire blanket,extinguish fire,entire blanket,use the blanket to smother the fire,Yes,success
extnigh_fire,16.jpg,bucket,extinguish fire,top of bucket,pour water,Yes,success
extnigh_fire,160.jpg,fire blanket,extinguish fire,entire fire blanket,deploy and drape over flames,Yes,success
extnigh_fire,161.jpg,fire blanket,extinguish fire,entire blanket,pull straps to release blanket,Yes,success
extnigh_fire,162.jpg,,,,,No,timeout
extnigh_fire,163.jpg,,,,,No,timeout
extnigh_fire,164.jpg,fire extinguisher,extinguish fire,top part of fire extinguisher,pull the pin and spray the fire extinguisher,Yes,success
extnigh_fire,165.jpg,fire extinguisher,extinguish fire,top part of fire extinguisher,pull the pin and spray the fire,Yes,success
extnigh_fire,166.jpg,fire extinguisher,extinguish fire,top part of fire extinguisher,pull the pin and aim at the fire,Yes,success
extnigh_fire,167.jpg,fire extinguisher,extinguish fire,handle,pull the handle,Yes,success
extnigh_fire,167.jpg,fire suppression system,extinguish fire,sprinkler head,activate the sprinkler,Yes,success
extnigh_fire,168.jpg,fire suppression system,extinguish fire,top of fire suppression system,press the button to activate the system,Yes,success
extnigh_fire,169.jpg,fire extinguisher,extinguish fire,top part of fire extinguisher,pull the pin and aim at the fire,Yes,success
extnigh_fire,17.jpg,bucket,extinguish fire,bottom part of bucket,pour water from bucket,Yes,success
extnigh_fire,170.jpg,fire extinguisher,extinguish fire,top part of fire extinguisher,pull the handle,Yes,success
extnigh_fire,171.jpg,fire extinguisher,extinguish fire,top of fire extinguisher,pull the pin,Yes,success
extnigh_fire,172.jpg,fire extinguisher,extinguish fire,body of extinguisher,pull the pin and aim at the fire,Yes,success
extnigh_fire,173.jpg,fire extinguisher,extinguish fire,top part of extinguisher,pull the pin and spray the fire,Yes,success
extnigh_fire,174.jpg,vent,extinguish fire,vent opening,open the vent to allow smoke to escape,Yes,success
extnigh_fire,175.jpg,fire extinguisher,extinguish fire,top part of fire extinguisher,pull the pin and aim at the fire,Yes,success
extnigh_fire,176.jpg,fire extinguisher,extinguish fire,top part of fire extinguisher,pull the pin and aim at the fire,Yes,success
extnigh_fire,177.jpg,fire hose,extinguish fire,end of hose,pull out nozzle,Yes,success
extnigh_fire,178.jpg,fire extinguisher,extinguish fire,top of fire extinguisher,pull the pin and spray the fire extinguisher on the fire,Yes,success
extnigh_fire,179.jpg,fire extinguisher,extinguish fire,body of fire extinguisher,pull the pin and spray the fire,Yes,success
extnigh_fire,18.jpg,bucket,extinguish fire,top part of bucket,use bucket to hold water,Yes,success
extnigh_fire,180.jpg,fire,extinguish fire,any part of fire,use fire extinguisher,Yes,success
extnigh_fire,181.jpg,fire extinguisher,extinguish fire,handle of fire extinguisher,pull the handle,Yes,success
extnigh_fire,182.jpg,fire extinguisher,extinguish fire,handle,pull the handle,Yes,success
extnigh_fire,183.jpg,fire extinguisher,extinguish fire,top part of fire extinguisher,pull the pin and aim at the fire,Yes,success
extnigh_fire,184.jpg,fire extinguisher,extinguish fire,red box,pull the handle,Yes,success
extnigh_fire,185.jpg,fire extinguisher,extinguish fire,top part of fire extinguisher,pull the pin and aim at the fire,Yes,success
extnigh_fire,186.jpg,fire suppression system,extinguish fire,system's nozzle or release mechanism,press or activate the system,Yes,success
extnigh_fire,187.jpg,fire extinguisher,extinguish fire,red button on wall,press the button,Yes,success
extnigh_fire,189.jpg,Water Mist Fire Extinguisher,extinguish fire,top part of extinguisher,pull the safety pin,Yes,success
extnigh_fire,19.jpg,bucket,extinguish fire,bottom of bucket,use bucket to contain fire,Yes,success
extnigh_fire,190.jpg,sand,extinguish fire,sand in the cup,pour sand into the fire,Yes,success
extnigh_fire,191.jpg,bucket,extinguish fire,top of bucket,pour sand or water,Yes,success
extnigh_fire,192.jpg,bucket,extinguish fire,top of bucket,pour water,Yes,success
extnigh_fire,193.jpg,wood,extinguish fire,burning part of wood,use the burning part of wood to smother the fire,Yes,success
extnigh_fire,194.jpg,sand bucket,extinguish fire,bucket handle,lift bucket and pour sand,Yes,success
extnigh_fire,195.jpg,bucket,extinguish fire,handle of bucket,lift bucket and pour sand,Yes,success
extnigh_fire,196.jpg,fire buckets,extinguish fire,handle of bucket,pull handle to release sand,Yes,success
extnigh_fire,197.jpg,bucket,extinguish fire,handle of bucket,grab handle and pull bucket to extinguish fire,Yes,success
extnigh_fire,198.jpg,fire buckets,extinguish fire,handle of bucket,lift bucket and pour sand,Yes,success
extnigh_fire,199.jpg,fire buckets,extinguish fire,bucket handle,lift bucket to pour water,Yes,success
extnigh_fire,2.jpg,water bucket,extinguish fire,bottom part of bucket,pour water on fire,Yes,success
extnigh_fire,20.jpg,bucket,extinguish fire,top part of bucket,use bucket to contain fire,Yes,success
extnigh_fire,200.jpg,fire bucket,extinguish fire,handle,pull handle to open bucket,Yes,success
extnigh_fire,201.jpg,bucket,extinguish fire,handle of bucket,hold bucket over fire,Yes,success
extnigh_fire,202.jpg,bucket,extinguish fire,top of bucket,throw cigarette into bucket,Yes,success
extnigh_fire,203.jpg,bucket,extinguish fire,handle,pull out bucket,Yes,success
extnigh_fire,204.jpg,bucket,extinguish fire,top of bucket,pour water into bucket,Yes,success
extnigh_fire,205.jpg,bucket,extinguish fire,top of bucket,pour water,Yes,success
extnigh_fire,206.jpg,fire buckets,extinguish fire,handle,pull out and use to put out fire,Yes,success
extnigh_fire,207.jpg,fire,extinguish fire,area of fire,use a fire extinguisher to put out the fire,Yes,success
extnigh_fire,208.jpg,bucket,extinguish fire,top of bucket,cover bucket with a wet cloth,Yes,success
extnigh_fire,209.jpg,bucket,extinguish fire,top of bucket,pour water,Yes,success
extnigh_fire,21.jpg,bucket,extinguish fire,top part of bucket,use bucket to contain fire,Yes,success
extnigh_fire,210.jpg,fire buckets,extinguish fire,handle of bucket,pull handle to release water,Yes,success
extnigh_fire,211.jpg,bucket,extinguish fire,top of bucket,pour water from bucket,Yes,success
extnigh_fire,212.jpg,bucket,extinguish fire,handle of bucket,use handle to scoop sand into bucket,Yes,success
extnigh_fire,213.jpg,fire bucket,extinguish fire,bucket,use bucket to put out fire,Yes,success
extnigh_fire,214.jpg,fire buckets,extinguish fire,top part of bucket,lift bucket and pour water,Yes,success
extnigh_fire,215.jpg,fire buckets,extinguish fire,bottom of bucket,drop bucket on fire,Yes,success
extnigh_fire,216.jpg,fire bucket,extinguish fire,handle of bucket,lift and shake,Yes,success
extnigh_fire,217.jpg,fire buckets,extinguish fire,top part of bucket,pour sand or water,Yes,success
extnigh_fire,218.jpg,bucket,extinguish fire,bottom of bucket,use the bucket to contain the fire,Yes,success
extnigh_fire,218.jpg,fire extinguisher,extinguish fire,top of fire extinguisher,pull the pin and spray the fire,Yes,success
extnigh_fire,219.jpg,fire buckets,extinguish fire,top of bucket,lift bucket to pour water,Yes,success
extnigh_fire,22.jpg,fire extinguisher,extinguish fire,handle of fire extinguisher,pull the handle,Yes,success
extnigh_fire,220.jpg,fire buckets,extinguish fire,handle of bucket,pull handle to open bucket,Yes,success
extnigh_fire,221.jpg,bucket,extinguish fire,bottom of bucket,dip bucket into water,Yes,success
extnigh_fire,222.jpg,bucket,extinguish fire,top of bucket,pour water,Yes,success
extnigh_fire,222.jpg,fire extinguisher,extinguish fire,handle of extinguisher,pull trigger,Yes,success
extnigh_fire,223.jpg,fire buckets,extinguish fire,handle of bucket,pull handle to release water,Yes,success
extnigh_fire,224.jpg,bucket,extinguish fire,handle of bucket,lift bucket to access water,Yes,success
extnigh_fire,225.jpg,bucket,extinguish fire,top of bucket,pour sand or water,Yes,success
extnigh_fire,226.jpg,bucket,extinguish fire,handle,pull out,Yes,success
extnigh_fire,227.jpg,fire buckets,extinguish fire,handle of bucket,pull handle to release water,Yes,success
extnigh_fire,228.jpg,fire buckets,extinguish fire,top of each bucket,lift and pour water,Yes,success
extnigh_fire,229.jpg,bucket,extinguish fire,top of bucket,pour water,Yes,success
extnigh_fire,229.jpg,fire extinguisher,extinguish fire,top of fire extinguisher,pull pin,Yes,success
extnigh_fire,23.jpg,bucket,extinguish fire,top of bucket,pour water,Yes,success
extnigh_fire,230.jpg,bucket,extinguish fire,top of bucket,lift bucket and pour water,Yes,success
extnigh_fire,231.jpg,bucket,extinguish fire,top of bucket,pour water from bucket,Yes,success
extnigh_fire,232.jpg,bucket,extinguish fire,bottom of bucket,pour sand into bucket,Yes,success
extnigh_fire,233.jpg,bucket,extinguish fire,handle of bucket,pull bucket to extinguish fire,Yes,success
extnigh_fire,234.jpg,bucket,extinguish fire,bottom of bucket,pour water from bucket,Yes,success
extnigh_fire,235.jpg,fire buckets,extinguish fire,bottom of bucket,lift bucket and pour water,Yes,success
extnigh_fire,236.jpg,bucket,extinguish fire,handle,pull out and use to contain fire,Yes,success
extnigh_fire,237.jpg,bucket,extinguish fire,handle,lift bucket to access water,Yes,success
extnigh_fire,238.jpg,bucket,extinguish fire,bottom of bucket,Pour water from bucket,Yes,success
extnigh_fire,2383561.jpg,fire hydrant,extinguish fire,top of hydrant,press the valve,Yes,success
extnigh_fire,2383645.jpg,fire hydrant,extinguish fire,top part of hydrant,press the nozzle,Yes,success
extnigh_fire,2383645.jpg,boot,extinguish fire,top part of boot,step on the nozzle,Yes,success
extnigh_fire,2383677.jpg,fire hydrant,extinguish fire,top of fire hydrant,use the top of the fire hydrant to direct water flow,Yes,success
extnigh_fire,2383828.jpg,fire hydrant,extinguish fire,top part of fire hydrant,press the top part to release water,Yes,success
extnigh_fire,2383843.jpg,fire hydrant,extinguish fire,top of fire hydrant,press the top of the fire hydrant to release water,Yes,success
extnigh_fire,2383976.jpg,fire hydrant,extinguish fire,top part of fire hydrant,pull the nozzle,Yes,success
extnigh_fire,2384440.jpg,fire hydrant,extinguish fire,top of fire hydrant,press the nozzle,Yes,success
extnigh_fire,239.jpg,bucket,extinguish fire,handle,pull out and use to put out fire,Yes,success
extnigh_fire,24.jpg,bucket,extinguish fire,bottom of bucket,pour water,Yes,success
extnigh_fire,240.jpg,fire buckets,extinguish fire,handle of bucket,pull out bucket and use water to extinguish fire,Yes,success
extnigh_fire,241.jpg,fire buckets,extinguish fire,handle of bucket,lift and use to pour water,Yes,success
extnigh_fire,242.jpg,bucket,extinguish fire,top of bucket,lift bucket and pour water,Yes,success
extnigh_fire,243.jpg,bucket,extinguish fire,top of bucket,lift bucket to expose water,Yes,success
extnigh_fire,244.jpg,bucket,extinguish fire,bottom of bucket,dip bucket into water,Yes,success
extnigh_fire,245.jpg,fire extinguisher,extinguish fire,body of fire extinguisher,pull the pin and spray the fire,Yes,success
extnigh_fire,245.jpg,bucket,extinguish fire,handle of bucket,lift the bucket and pour water on the fire,Yes,success
extnigh_fire,246.jpg,bucket,extinguish fire,top of bucket,pour water,Yes,success
extnigh_fire,247.jpg,bucket,extinguish fire,bottom of bucket,pour water,Yes,success
extnigh_fire,248.jpg,bucket,extinguish fire,top of bucket,lift bucket to access water inside,Yes,success
extnigh_fire,249.jpg,fire extinguisher,extinguish fire,top part of fire extinguisher,pull the pin and aim at the fire,Yes,success
extnigh_fire,25.jpg,bucket,extinguish fire,handle of bucket,grab bucket and use it to extinguish fire,Yes,success
extnigh_fire,250.jpg,bucket,extinguish fire,top part of bucket,lift bucket to extinguish fire,Yes,success
extnigh_fire,251.jpg,fire extinguisher,extinguish fire,handle,pull the handle,Yes,success
extnigh_fire,252.jpg,fire buckets,extinguish fire,handle of bucket,pull out bucket and pour water,Yes,success
extnigh_fire,253.jpg,bucket,extinguish fire,top of bucket,pour water,Yes,success
extnigh_fire,254.jpg,bucket,extinguish fire,handle,pull out the handle,Yes,success
extnigh_fire,255.jpg,bucket,extinguish fire,top of bucket,lift bucket to pour water,Yes,success
extnigh_fire,256.jpg,bucket,extinguish fire,handle of bucket,pull out the handle,Yes,success
extnigh_fire,257.jpg,fire bucket,extinguish fire,handle of bucket,pull handle to open bucket,Yes,success
extnigh_fire,258.jpg,bucket,extinguish fire,handle,hold bucket,Yes,success
extnigh_fire,259.jpg,,,,,No,timeout
extnigh_fire,26.jpg,bucket,extinguish fire,top part of bucket,pour water from bucket,Yes,success
extnigh_fire,260.jpg,bucket,extinguish fire,handle of bucket,use the handle to pull out a fire extinguisher,Yes,success
extnigh_fire,261.jpg,bucket,extinguish fire,handle of bucket,pull handle,Yes,success
extnigh_fire,262.jpg,fire bucket,extinguish fire,top part of bucket,lift and pour water,Yes,success
extnigh_fire,263.jpg,bucket,extinguish fire,handle of bucket,hold bucket and pour water,Yes,success
extnigh_fire,264.jpg,fire buckets,extinguish fire,handle of bucket,pull out the bucket and use the water inside to put out the fire,Yes,success
extnigh_fire,265.jpg,fire buckets,extinguish fire,top of bucket,lift bucket and pour water,Yes,success
extnigh_fire,266.jpg,fire buckets,extinguish fire,bucket,empty bucket,Yes,success
extnigh_fire,267.jpg,fire buckets,extinguish fire,bottom of bucket,pull bucket out,Yes,success
extnigh_fire,268.jpg,bucket,extinguish fire,handle of bucket,hold bucket to contain fire,Yes,success
extnigh_fire,269.jpg,bucket,extinguish fire,top of bucket,pour water,Yes,success
extnigh_fire,27.jpg,blue barrel,extinguish fire,top of barrel,pour water from barrel,Yes,success
extnigh_fire,270.jpg,bucket,extinguish fire,top of bucket,lift bucket and pour water,Yes,success
extnigh_fire,271.jpg,buckets,extinguish fire,bottom of bucket,pour water from bucket,Yes,success
extnigh_fire,272.jpg,bucket,extinguish fire,bottom of bucket,pour water from bucket,Yes,success
extnigh_fire,273.jpg,bucket,extinguish fire,handle,pull out handle,Yes,success
extnigh_fire,274.jpg,fire bucket,extinguish fire,handle,hold and pull,Yes,success
extnigh_fire,275.jpg,buckets,extinguish fire,bottom of bucket,pour water,Yes,success
extnigh_fire,276.jpg,bucket,extinguish fire,bottom of bucket,Pour sand into bucket,Yes,success
extnigh_fire,277.jpg,bucket,extinguish fire,handle,pull down and hold over flame,Yes,success
extnigh_fire,278.jpg,red bucket,extinguish fire,handle of bucket,use bucket to pour water on fire,Yes,success
extnigh_fire,279.jpg,fire extinguisher,extinguish fire,top part of extinguisher,pull the pin and spray the extinguisher on the fire,Yes,success
extnigh_fire,279.jpg,bucket,extinguish fire,side of bucket, scoop water from the bucket and pour it over the fire,Yes,success
extnigh_fire,28.jpg,bucket,extinguish fire,handle of bucket,hold bucket to put out fire,Yes,success
extnigh_fire,280.jpg,bucket,extinguish fire,handle of bucket,pull handle to open bucket,Yes,success
extnigh_fire,281.jpg,fire extinguisher,extinguish fire,handle,pull the handle,Yes,success
extnigh_fire,282.jpg,,,,,No,timeout
extnigh_fire,283.jpg,fire extinguisher,extinguish fire,trigger,pull trigger,Yes,success
extnigh_fire,284.jpg,fire extinguisher,extinguish fire,handle of fire extinguisher,pull the handle,Yes,success
extnigh_fire,285.jpg,fire extinguisher,extinguish fire,top part of extinguisher,pull the pin and spray,Yes,success
extnigh_fire,286.jpg,fire extinguisher,extinguish fire,trigger,pull trigger,Yes,success
extnigh_fire,287.jpg,fire extinguisher,extinguish fire,trigger,pull trigger,Yes,success
extnigh_fire,288.jpg,fire extinguisher,extinguish fire,spray nozzle,pull the handle,Yes,success
extnigh_fire,289.jpg,fire extinguisher,extinguish fire,top part of fire extinguisher,pull the handle,Yes,success
extnigh_fire,29.jpg,bucket,extinguish fire,handle of bucket,hold bucket to extinguish fire,Yes,success
extnigh_fire,290.jpg,fire extinguisher,extinguish fire,handle,pull the handle,Yes,success
extnigh_fire,291.jpg,fire extinguisher,extinguish fire,top part of fire extinguisher,pull the pin and aim at the fire,Yes,success
extnigh_fire,292.jpg,fire extinguisher,extinguish fire,top part of fire extinguisher,pull the pin and spray the fire,Yes,success
extnigh_fire,293.jpg,fire extinguisher,extinguish fire,trigger,pull trigger,Yes,success
extnigh_fire,294.jpg,fire extinguisher,extinguish fire,trigger,pull trigger,Yes,success
extnigh_fire,295.jpg,fire extinguisher,extinguish fire,trigger,pull trigger,Yes,success
extnigh_fire,296.jpg,fire extinguisher,extinguish fire,trigger,pull trigger,Yes,success
extnigh_fire,297.jpg,fire extinguisher,extinguish fire,trigger,pull the trigger,Yes,success
extnigh_fire,298.jpg,fire extinguisher,extinguish fire,handle,pull the handle,Yes,success
extnigh_fire,299.jpg,,,,,No,timeout
extnigh_fire,3.jpg,,,,,No,timeout
extnigh_fire,30.jpg,bucket,extinguish fire,bottom of bucket,Pour water into bucket,Yes,success
extnigh_fire,300.jpg,fire extinguisher,extinguish fire,top part of fire extinguisher,pull the pin and spray the fire,Yes,success
extnigh_fire,301.jpg,fire extinguisher,extinguish fire,body of fire extinguisher,pull the pin and spray the fire,Yes,success
extnigh_fire,302.jpg,fire extinguishers,extinguish fire,body of fire extinguisher,pull the handle,Yes,success
extnigh_fire,303.jpg,fire extinguishers,extinguish fire,body of fire extinguisher,pull the handle,Yes,success
extnigh_fire,304.jpg,fire extinguisher,extinguish fire,trigger,pull trigger,Yes,success
extnigh_fire,305.jpg,fire extinguisher,extinguish fire,handle,pull the handle,Yes,success
extnigh_fire,306.jpg,fire extinguisher,extinguish fire,handle,pull the handle,Yes,success
extnigh_fire,307.jpg,fire extinguisher,extinguish fire,top part of extinguisher,pull the handle,Yes,success
extnigh_fire,308.jpg,fire extinguishers,extinguish fire,body of fire extinguisher,pull the pin and spray the fire,Yes,success
extnigh_fire,309.jpg,,,,,No,timeout
extnigh_fire,31.jpg,bucket,extinguish fire,bottom of bucket,dip bucket in water,Yes,success
extnigh_fire,310.jpg,fire extinguisher,extinguish fire,nozzle,pull trigger,Yes,success
extnigh_fire,311.jpg,fire extinguisher,extinguish fire,body of fire extinguisher,pull the handle,Yes,success
extnigh_fire,312.jpg,fire extinguisher,extinguish fire,handle,pull the handle,Yes,success
extnigh_fire,313.jpg,fire extinguisher,extinguish fire,body of fire extinguisher,pull the pin and spray the fire,Yes,success
extnigh_fire,314.jpg,fire extinguisher,extinguish fire,top part of fire extinguisher,pull the pin and spray the fire extinguisher on the fire,Yes,success
extnigh_fire,315.jpg,fire extinguisher,extinguish fire,trigger,pull trigger,Yes,success
extnigh_fire,316.jpg,fire extinguisher,extinguish fire,handle,pull out pin and squeeze handle,Yes,success
extnigh_fire,317.jpg,fire extinguisher,extinguish fire,trigger,pull trigger,Yes,success
extnigh_fire,318.jpg,fire extinguisher,extinguish fire,body of fire extinguisher,pull the handle,Yes,success
extnigh_fire,319.jpg,fire extinguishers,extinguish fire,body of fire extinguisher,pull the handle,Yes,success
extnigh_fire,32.jpg,bucket,extinguish fire,handle of bucket,hold bucket,Yes,success
extnigh_fire,320.jpg,fire extinguishers,extinguish fire,body of fire extinguisher,pull the handle,Yes,success
extnigh_fire,321.jpg,fire extinguisher,extinguish fire,body of fire extinguisher,pull the pin and spray the fire,Yes,success
extnigh_fire,322.jpg,fire extinguisher,extinguish fire,top part of fire extinguisher,pull the pin and spray the extinguishing agent,Yes,success
extnigh_fire,323.jpg,fire extinguisher,extinguish fire,trigger,pull trigger,Yes,success
extnigh_fire,324.jpg,fire extinguisher,extinguish fire,body of fire extinguisher,pull the handle,Yes,success
extnigh_fire,325.jpg,fire extinguisher,extinguish fire,trigger,pull trigger,Yes,success
extnigh_fire,326.jpg,fire extinguishers,extinguish fire,body of fire extinguisher,pull the pin and spray the fire,Yes,success
extnigh_fire,327.jpg,fire extinguisher,extinguish fire,body of fire extinguisher,pull the pin and spray the fire,Yes,success
extnigh_fire,328.jpg,fire extinguisher,extinguish fire,trigger,pull trigger,Yes,success
extnigh_fire,329.jpg,fire extinguisher,extinguish fire,body of fire extinguisher,pull the pin and aim at the fire,Yes,success
extnigh_fire,33.jpg,water bottle,extinguish fire,bottom half,pour water over fire,Yes,success
extnigh_fire,330.jpg,fire extinguisher,extinguish fire,body of fire extinguisher,pull the pin and spray the fire,Yes,success
extnigh_fire,331.jpg,fire extinguisher,extinguish fire,nozzle,pull the nozzle,Yes,success
extnigh_fire,332.jpg,fire extinguisher,extinguish fire,trigger,pull trigger,Yes,success
extnigh_fire,333.jpg,CO2 Extinguisher,extinguish fire,spray nozzle,pull nozzle to release CO2,Yes,success
extnigh_fire,334.jpg,fire extinguisher,extinguish fire,body of fire extinguisher,pull the handle,Yes,success
extnigh_fire,335.jpg,fire extinguisher,extinguish fire,handle,pull the handle,Yes,success
extnigh_fire,336.jpg,fire extinguisher,extinguish fire,trigger,pull trigger,Yes,success
extnigh_fire,337.jpg,fire extinguisher,extinguish fire,top part of extinguisher,pull the pin and spray the extinguishing agent,Yes,success
extnigh_fire,338.jpg,fire extinguisher,extinguish fire,handle,pull the handle,Yes,success
extnigh_fire,339.jpg,fire extinguishers,extinguish fire,body of fire extinguisher,pull the handle,Yes,success
extnigh_fire,34.jpg,bucket,extinguish fire,handle of bucket,hold bucket to extinguish fire,Yes,success
extnigh_fire,340.jpg,fire extinguisher,extinguish fire,nozzle,direct nozzle at fire,Yes,success
extnigh_fire,341.jpg,,,,,No,execution_error
extnigh_fire,342.jpg,fire extinguisher,extinguish fire,trigger,pull trigger,Yes,success
extnigh_fire,343.jpg,fire extinguisher,extinguish fire,handle,pull the handle,Yes,success
extnigh_fire,344.jpg,fire extinguisher,extinguish fire,body of fire extinguisher,pull the handle,Yes,success
extnigh_fire,345.jpg,fire extinguisher,extinguish fire,handle,pull the handle,Yes,success
extnigh_fire,346.jpg,fire extinguisher,extinguish fire,top part of fire extinguisher,pull the pin and spray the fire,Yes,success
extnigh_fire,347.jpg,fire extinguisher,extinguish fire,nozzle,pull trigger,Yes,success
extnigh_fire,348.jpg,fire extinguishers,extinguish fire,top part of fire extinguishers,pull the handle,Yes,success
extnigh_fire,349.jpg,fire extinguisher,extinguish fire,top part of fire extinguisher,pull the pin and spray the fire extinguisher,Yes,success
extnigh_fire,35.jpg,water,extinguish fire,water coming out of the pot,use water to put out fire,Yes,success
extnigh_fire,350.jpg,fire hose,extinguish fire,hose nozzle,pull out and aim,Yes,success
extnigh_fire,351.jpg,Fire Hose Reel,extinguish fire,spool of hose,pull out hose,Yes,success
extnigh_fire,351.jpg,Landing Valve,extinguish fire,valve handle,rotate handle,Yes,success
extnigh_fire,351.jpg,Lock Shield Valve,extinguish fire,valve handle,rotate handle,Yes,success
extnigh_fire,352.jpg,fire extinguisher,extinguish fire,body of fire extinguisher,pull the handle,Yes,success
extnigh_fire,352.jpg,fire hose,extinguish fire,hose inside the box,pull out the hose,Yes,success
extnigh_fire,353.jpg,hose,extinguish fire,length of hose,pull out,Yes,success
extnigh_fire,353.jpg,nozzle,extinguish fire,nozzle tip,point at fire,Yes,success
extnigh_fire,354.jpg,fire extinguisher,extinguish fire,top part of fire extinguisher,pull the handle,Yes,success
extnigh_fire,355.jpg,fire hose,extinguish fire,handle,pull out the hose,Yes,success
extnigh_fire,356.jpg,hose,extinguish fire,hose reel,pull out hose,Yes,success
extnigh_fire,357.jpg,fire extinguisher,extinguish fire,handle,pull the handle,Yes,success
extnigh_fire,358.jpg,fire hose,extinguish fire,hose nozzle,pull out the hose nozzle,Yes,success
extnigh_fire,359.jpg,fire hose reel,extinguish fire,front of fire hose reel,pull out the hose and spray it on the fire,Yes,success
extnigh_fire,36.jpg,bucket,extinguish fire,bottom,use bucket to contain fire,Yes,success
extnigh_fire,36.jpg,bottle,extinguish fire,top,use bottle to put out fire,Yes,success
extnigh_fire,360.jpg,fire hose reel,extinguish fire,hose on reel,pull out hose,Yes,success
extnigh_fire,361.jpg,fire hose,extinguish fire,entire hose,pull out hose,Yes,success
extnigh_fire,362.jpg,fire extinguisher,extinguish fire,handle of fire extinguisher,pull the handle,Yes,success
extnigh_fire,363.jpg,,,,,No,execution_error
extnigh_fire,364.jpg,hose,extinguish fire,handle of hose,hold hose to spray water,Yes,success
extnigh_fire,365.jpg,hose,extinguish fire,length of hose,pull out hose,Yes,success
extnigh_fire,366.jpg,fire hose,extinguish fire,end of hose,pull out hose and spray water,Yes,success
extnigh_fire,367.jpg,fire hose,extinguish fire,length of hose,pull out and use,Yes,success
extnigh_fire,367.jpg,fire extinguisher,extinguish fire,top of extinguisher,pull the pin and aim at the fire,Yes,success
extnigh_fire,368.jpg,Fire Hose,extinguish fire,length of hose,extend hose,Yes,success
extnigh_fire,368.jpg,Landing Valve,extinguish fire,valve handle,turn valve on,Yes,success
extnigh_fire,368.jpg,Brass Nozzle,extinguish fire,nozzle tip,aim nozzle at fire,Yes,success
extnigh_fire,368.jpg,Coupling,extinguish fire,fitting,connect hose to coupling,Yes,success
extnigh_fire,368.jpg,Brass Rack Nipple,extinguish fire,nozzle tip,aim nozzle at fire,Yes,success
extnigh_fire,369.jpg,fire hose reel,extinguish fire,hose,pull out hose,Yes,success
extnigh_fire,37.jpg,bucket,extinguish fire,bottom part of bucket,use bucket to contain fire,Yes,success
extnigh_fire,370.jpg,fire hose reel,extinguish fire,red reel with black hose,pull out hose and connect to nozzle,Yes,success
extnigh_fire,371.jpg,fire extinguisher,extinguish fire,top part of fire extinguisher,pull the pin and spray,Yes,success
extnigh_fire,372.jpg,fire hose & reel,extinguish fire,entire fire hose & reel,pull out the hose and spray water,Yes,success
extnigh_fire,373.jpg,,,,,No,execution_error
extnigh_fire,374.jpg,fire hose,extinguish fire,entire fire hose,pull out the hose and spray water,Yes,success
extnigh_fire,375.jpg,hose,extinguish fire,length of hose,pull out hose,Yes,success
extnigh_fire,376.jpg,fire extinguisher,extinguish fire,body of fire extinguisher,pull the pin and aim at the fire,Yes,success
extnigh_fire,377.jpg,fire hose,extinguish fire,end of hose,pull out hose and spray water,Yes,success
extnigh_fire,378.jpg,,,,,No,execution_error
extnigh_fire,379.jpg,fire hose reel,extinguish fire,hose,pull out hose,Yes,success
extnigh_fire,38.jpg,bucket,extinguish fire,bottom half of bucket,pour water from bucket,Yes,success
extnigh_fire,380.jpg,fire hydrant,extinguish fire,top of fire hydrant,press the nozzle,Yes,success
extnigh_fire,381.jpg,fire hydrant,extinguish fire,top of fire hydrant,press the nozzle,Yes,success
extnigh_fire,382.jpg,fire hydrant,extinguish fire,top part of fire hydrant,pull the hose,Yes,success
extnigh_fire,383.jpg,fire hose,extinguish fire,entire fire hose,pull fire hose to extinguish fire,Yes,success
extnigh_fire,384.jpg,fire hydrant,extinguish fire,top part of fire hydrant,press the nozzle,Yes,success
extnigh_fire,385.jpg,fire hydrant,extinguish fire,top part of fire hydrant,press the nozzle,Yes,success
extnigh_fire,386.jpg,fire hydrant,extinguish fire,base of fire hydrant,press the nozzle,Yes,success
extnigh_fire,387.jpg,fire hydrant,extinguish fire,top of fire hydrant,use to put out fire,Yes,success
extnigh_fire,388.jpg,fire hydrant,extinguish fire,top part of fire hydrant,press the handle,Yes,success
extnigh_fire,389.jpg,fire hydrant,extinguish fire,top of fire hydrant,use to release water,Yes,success
extnigh_fire,39.jpg,bucket,extinguish fire,bottom of bucket,use bucket to contain fire,Yes,success
extnigh_fire,390.jpg,fire hydrant,extinguish fire,top of fire hydrant,press the button to release the water,Yes,success
extnigh_fire,391.jpg,fire hydrant,extinguish fire,top part of fire hydrant,use to release water,Yes,success
extnigh_fire,392.jpg,fire hydrant,extinguish fire,base of fire hydrant,use hydrant to release water,Yes,success
extnigh_fire,393.jpg,fire hydrant,extinguish fire,top part of fire hydrant,press the button to release the extinguishing agent,Yes,success
extnigh_fire,394.jpg,fire hydrant,extinguish fire,top part of fire hydrant,pull the hose from the hydrant,Yes,success
extnigh_fire,395.jpg,fire hydrant,extinguish fire,top part of fire hydrant,use to put out fire,Yes,success
extnigh_fire,396.jpg,fire hydrant,extinguish fire,top part of fire hydrant,press the nozzle,Yes,success
extnigh_fire,397.jpg,fire hydrant,extinguish fire,top of fire hydrant,press the button to release water,Yes,success
extnigh_fire,398.jpg,toothbrush,extinguish fire,handle of toothbrush,use toothbrush to create a barrier,Yes,success
extnigh_fire,398.jpg,toothpaste,extinguish fire,paste on toothbrush,apply toothpaste to toothbrush,Yes,success
extnigh_fire,399.jpg,fire extinguisher,extinguish fire,handle of fire extinguisher,pull the handle,Yes,success
extnigh_fire,4.jpg,blue cup,extinguish fire,top of cup,simple action,Yes,success
extnigh_fire,40.jpg,wooden spoon,extinguish fire,handle of wooden spoon,use wooden spoon to stir and extinguish fire,Yes,success
extnigh_fire,400.jpg,fire extinguisher,extinguish fire,handle of fire extinguisher,pull the handle,Yes,success
extnigh_fire,401.jpg,toilet,extinguish fire,toilet seat,simple action,Yes,success
extnigh_fire,401.jpg,sink,extinguish fire,sink area,simple action,Yes,success
extnigh_fire,402.jpg,sink,extinguish fire,bottom of sink,simple action,Yes,success
extnigh_fire,403.jpg,sink,extinguish fire,basin of sink,use water to extinguish fire,Yes,success
extnigh_fire,403.jpg,faucet,extinguish fire,faucet handle,turn on water,Yes,success
extnigh_fire,404.jpg,microwave,extinguish fire,top part of microwave,use microwave to heat water or other extinguishing agent,Yes,success
extnigh_fire,404.jpg,sink,extinguish fire,water in sink,use water in sink to put out fire,Yes,success
extnigh_fire,405.jpg,fire extinguisher,extinguish fire,handle,pull out the nozzle,Yes,success
extnigh_fire,406.jpg,fire extinguisher,extinguish fire,handle of fire extinguisher,pull the handle,Yes,success
extnigh_fire,407.jpg,fire extinguisher,extinguish fire,handle,pull out the handle,Yes,success
extnigh_fire,408.jpg,sink,extinguish fire,water in sink,turn on water,Yes,success
extnigh_fire,409.jpg,sink,extinguish fire,top of sink,use water to extinguish fire,Yes,success
extnigh_fire,409.jpg,toilet,extinguish fire,side of toilet,use water to extinguish fire,Yes,success
extnigh_fire,41.jpg,bucket,extinguish fire,top part of bucket,lift bucket to access water,Yes,success
extnigh_fire,410.jpg,bottle,extinguish fire,top part of bottle,use the bottle to put out the fire,Yes,success
extnigh_fire,411.jpg,cat,extinguish fire,body,simple action,Yes,success
extnigh_fire,412.jpg,fire extinguisher,extinguish fire,handle of fire extinguisher,pull the handle,Yes,success
extnigh_fire,413.jpg,toilet,extinguish fire,top of toilet,use the toilet as a fire extinguisher,Yes,success
extnigh_fire,413.jpg,bathtub,extinguish fire,side of bathtub,use the bathtub as a fire extinguisher,Yes,success
extnigh_fire,414.jpg,fire extinguisher,extinguish fire,handle of fire extinguisher,pull out the handle,Yes,success
extnigh_fire,415.jpg,sink,extinguish fire,top part of sink,simple action,Yes,success
extnigh_fire,415.jpg,cabinet,extinguish fire,top part of cabinet,simple action,Yes,success
extnigh_fire,416.jpg,sink,extinguish fire,water inside sink,turn on water,Yes,success
extnigh_fire,416.jpg,faucet,extinguish fire,water inside faucet,open faucet,Yes,success
extnigh_fire,417.jpg,fire extinguisher,extinguish fire,handle of fire extinguisher,pull the handle,Yes,success
extnigh_fire,418.jpg,fire extinguisher,extinguish fire,handle,pull the handle,Yes,success
extnigh_fire,419.jpg,sink,extinguish fire,center of sink,simple action,Yes,success
extnigh_fire,42.jpg,bucket,extinguish fire,bottom half of bucket,pour water,Yes,success
extnigh_fire,420.jpg,bottle,extinguish fire,top part of bottle,use the top part of the bottle to extinguish the fire,Yes,success
extnigh_fire,421.jpg,sink,extinguish fire,center of sink,use the sink to put out the fire,Yes,success
extnigh_fire,421.jpg,faucet,extinguish fire,center of faucet,use the faucet to put out the fire,Yes,success
extnigh_fire,422.jpg,fire extinguisher,extinguish fire,handle of fire extinguisher,pull out the handle,Yes,success
extnigh_fire,423.jpg,mirror,extinguish fire,top part of mirror,reflect fire,Yes,success
extnigh_fire,423.jpg,soap dispenser,extinguish fire,bottom part of dispenser,spray water,Yes,success
extnigh_fire,424.jpg,sink,extinguish fire,area around sink,use water to cool down fire,Yes,success
extnigh_fire,424.jpg,cabinet,extinguish fire,area around cabinet,use cabinet to contain fire,Yes,success
extnigh_fire,425.jpg,sink,extinguish fire,top of sink,use sink to put out fire,Yes,success
extnigh_fire,425.jpg,candle,extinguish fire,candle,use candle to put out fire,Yes,success
extnigh_fire,426.jpg,sink,extinguish fire,center of sink,simple action,Yes,success
extnigh_fire,427.jpg,fire extinguisher,extinguish fire,handle of fire extinguisher,pull out the handle,Yes,success
extnigh_fire,428.jpg,sink,extinguish fire,front of sink,simple action,Yes,success
extnigh_fire,429.jpg,sink,extinguish fire,basin of sink,use water to extinguish fire,Yes,success
extnigh_fire,43.jpg,bucket,extinguish fire,bottom of bucket,use bucket to put out fire,Yes,success
extnigh_fire,430.jpg,sink,extinguish fire,water in sink,pour water on fire,Yes,success
extnigh_fire,431.jpg,sink,extinguish fire,top of sink,use water to extinguish fire,Yes,success
extnigh_fire,432.jpg,soap dispenser,extinguish fire,handle of dispenser,push dispenser to release foam,Yes,success
extnigh_fire,432.jpg,candle,extinguish fire,base of candle,push candle to extinguish,Yes,success
extnigh_fire,433.jpg,bucket,extinguish fire,top of bucket,pour water,Yes,success
extnigh_fire,433.jpg,pipe,extinguish fire,inside pipe,insert into bucket,Yes,success
extnigh_fire,434.jpg,fire extinguisher,extinguish fire,handle of fire extinguisher,pull the handle,Yes,success
extnigh_fire,435.jpg,sink,extinguish fire,basin of sink,use water to extinguish fire,Yes,success
extnigh_fire,435.jpg,toilet,extinguish fire,tank of toilet,use water to extinguish fire,Yes,success
extnigh_fire,436.jpg,sink,extinguish fire,water in sink,turn on faucet and pour water on fire,Yes,success
extnigh_fire,437.jpg,fire extinguisher,extinguish fire,handle of fire extinguisher,pull the handle,Yes,success
extnigh_fire,438.jpg,microwave,extinguish fire,top of microwave,simple action,Yes,success
extnigh_fire,439.jpg,fire extinguisher,extinguish fire,handle of fire extinguisher,pull out the handle,Yes,success
extnigh_fire,44.jpg,bowl,extinguish fire,bottom of bowl,use bowl to contain fire,Yes,success
extnigh_fire,440.jpg,fire extinguisher,extinguish fire,handle of fire extinguisher,pull out the handle,Yes,success
extnigh_fire,441.jpg,fire extinguisher,extinguish fire,handle,pull out the handle,Yes,success
extnigh_fire,442.jpg,fire extinguisher,extinguish fire,handle of fire extinguisher,pull handle,Yes,success
extnigh_fire,443.jpg,fire extinguisher,extinguish fire,handle of fire extinguisher,pull out the handle,Yes,success
extnigh_fire,444.jpg,fire extinguisher,extinguish fire,handle of fire extinguisher,pull the handle,Yes,success
extnigh_fire,445.jpg,cat,extinguish fire,head,simple action,Yes,success
extnigh_fire,446.jpg,fire extinguisher,extinguish fire,handle of fire extinguisher,pull out the handle,Yes,success
extnigh_fire,447.jpg,sink,extinguish fire,center of sink,use water to extinguish fire,Yes,success
extnigh_fire,447.jpg,cabinet,extinguish fire,top of cabinet,use the cabinet to store fire extinguisher,Yes,success
extnigh_fire,448.jpg,can,extinguish fire,top of can,simple action,Yes,success
extnigh_fire,449.jpg,fire extinguisher,extinguish fire,handle of fire extinguisher,pull the handle,Yes,success
extnigh_fire,45.jpg,red bucket,extinguish fire,top part of bucket,lift bucket and pour water,Yes,success
extnigh_fire,450.jpg,fire extinguisher,extinguish fire,top right of image,pull the handle,Yes,success
extnigh_fire,451.jpg,fire extinguisher,extinguish fire,handle,pull out the handle,Yes,success
extnigh_fire,451.jpg,fire hydrant,extinguish fire,nozzle,connect the nozzle to the hydrant,Yes,success
extnigh_fire,452.jpg,soap,extinguish fire,center of soap bar,wipe fire with soap,Yes,success
extnigh_fire,453.jpg,tissue box,extinguish fire,top part of tissue box,pull out tissue,Yes,success
extnigh_fire,454.jpg,fire extinguisher,extinguish fire,handle of fire extinguisher,pull the handle,Yes,success
extnigh_fire,455.jpg,sink,extinguish fire,top of sink,use water to extinguish fire,Yes,success
extnigh_fire,456.jpg,sink,extinguish fire,center of sink,use water to extinguish fire,Yes,success
extnigh_fire,457.jpg,fire extinguisher,extinguish fire,handle of fire extinguisher,pull out the handle,Yes,success
extnigh_fire,458.jpg,fire extinguisher,extinguish fire,handle of fire extinguisher,pull the handle,Yes,success
extnigh_fire,459.jpg,hair dryer,extinguish fire,blowout nozzle,direct blowout nozzle at fire,Yes,success
extnigh_fire,46.jpg,orange bucket,extinguish fire,top of bucket,pour water,Yes,success
extnigh_fire,460.jpg,sink,extinguish fire,top of sink,use water to put out fire,Yes,success
extnigh_fire,460.jpg,toilet,extinguish fire,side of toilet,use toilet paper to put out fire,Yes,success
extnigh_fire,461.jpg,candle,extinguish fire,top of candle,simple action,Yes,success
extnigh_fire,462.jpg,fire extinguisher,extinguish fire,handle,pull out the handle,Yes,success
extnigh_fire,463.jpg,fire extinguisher,extinguish fire,handle of fire extinguisher,pull out handle,Yes,success
extnigh_fire,464.jpg,sink,extinguish fire,water in sink,pour water over fire,Yes,success
extnigh_fire,465.jpg,fire extinguisher,extinguish fire,handle of fire extinguisher,pull handle,Yes,success
extnigh_fire,466.jpg,sink,extinguish fire,top of sink,use water to extinguish fire,Yes,success
extnigh_fire,466.jpg,cabinet,extinguish fire,bottom of cabinet,use water to extinguish fire,Yes,success
extnigh_fire,467.jpg,fire extinguisher,extinguish fire,handle of fire extinguisher,pull the handle,Yes,success
extnigh_fire,468.jpg,sink,extinguish fire,center of sink,simple action,Yes,success
extnigh_fire,469.jpg,fire extinguisher,extinguish fire,handle of fire extinguisher,pull out the handle,Yes,success
extnigh_fire,47.jpg,bucket,extinguish fire,bottom of bucket,use bucket to contain fire,Yes,success
extnigh_fire,470.jpg,rock,extinguish fire,top of rock,use rock to smother fire,Yes,success
extnigh_fire,471.jpg,sink,extinguish fire,water in sink,turn on water,Yes,success
extnigh_fire,472.jpg,fire extinguisher,extinguish fire,yellow part,use the yellow part to put out the fire,Yes,success
extnigh_fire,473.jpg,fire extinguisher,extinguish fire,top right corner,pull the handle,Yes,success
extnigh_fire,474.jpg,toothbrush,extinguish fire,handle of toothbrush,use the handle to create a barrier,Yes,success
extnigh_fire,475.jpg,fire extinguisher,extinguish fire,handle of fire extinguisher,pull out the handle,Yes,success
extnigh_fire,476.jpg,fire extinguisher,extinguish fire,handle,pull out the handle,Yes,success
extnigh_fire,477.jpg,fire extinguisher,extinguish fire,handle of fire extinguisher,pull out the handle,Yes,success
extnigh_fire,478.jpg,fire extinguisher,extinguish fire,handle of fire extinguisher,pull the handle,Yes,success
extnigh_fire,479.jpg,fire extinguisher,extinguish fire,handle,pull out the handle,Yes,success
extnigh_fire,48.jpg,bucket,extinguish fire,top of bucket,use bucket to contain fire,Yes,success
extnigh_fire,480.jpg,sink,extinguish fire,basin of sink,use water to extinguish fire,Yes,success
extnigh_fire,480.jpg,shower,extinguish fire,shower head,direct water at fire,Yes,success
extnigh_fire,481.jpg,sink,extinguish fire,top of sink,use water to extinguish fire,Yes,success
extnigh_fire,482.jpg,sink,extinguish fire,top of sink,use water to extinguish fire,Yes,success
extnigh_fire,483.jpg,fire extinguisher,extinguish fire,handle of fire extinguisher,pull out the handle,Yes,success
extnigh_fire,484.jpg,fire extinguisher,extinguish fire,handle of fire extinguisher,pull out the handle,Yes,success
extnigh_fire,485.jpg,towel,extinguish fire,towel hanging on rack,use towel to smother fire,Yes,success
extnigh_fire,486.jpg,stove,extinguish fire,burner area,use water to extinguish fire,Yes,success
extnigh_fire,486.jpg,oven,extinguish fire,burner area,use water to extinguish fire,Yes,success
extnigh_fire,487.jpg,fire extinguisher,extinguish fire,handle of fire extinguisher,pull the handle,Yes,success
extnigh_fire,488.jpg,towel,extinguish fire,hand or arm holding towel,simple action,Yes,success
extnigh_fire,489.jpg,candle,extinguish fire,candle flame,simple action,Yes,success
extnigh_fire,49.jpg,boat,extinguish fire,side of boat,simple action,Yes,success
extnigh_fire,490.jpg,fire extinguisher,extinguish fire,handle of fire extinguisher,pull the handle,Yes,success
extnigh_fire,491.jpg,fire extinguisher,extinguish fire,handle of fire extinguisher,pull out the handle,Yes,success
extnigh_fire,492.jpg,fire extinguisher,extinguish fire,handle of fire extinguisher,pull the handle,Yes,success
extnigh_fire,493.jpg,sink,extinguish fire,center of sink,simple action,Yes,success
extnigh_fire,494.jpg,fire extinguisher,extinguish fire,handle of fire extinguisher,pull the handle,Yes,success
extnigh_fire,495.jpg,sink,extinguish fire,edge of sink,wipe with cloth,Yes,success
extnigh_fire,495.jpg,toilet,extinguish fire,side of toilet,push flush button,Yes,success
extnigh_fire,496.jpg,candle,extinguish fire,candle,simple action,Yes,success
extnigh_fire,497.jpg,toaster,extinguish fire,top part of toaster,press the button on the toaster,Yes,success
extnigh_fire,498.jpg,fire extinguisher,extinguish fire,handle,pull out the handle,Yes,success
extnigh_fire,499.jpg,sink,extinguish fire,center of sink,use water to extinguish fire,Yes,success
extnigh_fire,5.jpg,ladder,extinguish fire,top part of ladder,use ladder to reach fire extinguisher,Yes,success
extnigh_fire,50.jpg,mop,extinguish fire,handle,wipe the fire,Yes,success
extnigh_fire,500.jpg,pot,extinguish fire,bottom of pot,use the pot to contain the fire,Yes,success
extnigh_fire,501.jpg,microwave,extinguish fire,top of microwave,use microwave to cool down the fire,Yes,success
extnigh_fire,502.jpg,kettle,extinguish fire,top of kettle,pour water from kettle,Yes,success
extnigh_fire,503.jpg,toilet,extinguish fire,toilet seat,use toilet seat to create a barrier,Yes,success
extnigh_fire,503.jpg,sink,extinguish fire,sink area,use sink area to create a barrier,Yes,success
extnigh_fire,504.jpg,sink,extinguish fire,top part of sink,use the water to put out the fire,Yes,success
extnigh_fire,504.jpg,toilet,extinguish fire,side of toilet,use the water to put out the fire,Yes,success
extnigh_fire,505.jpg,trash can,extinguish fire,top part of trash can,simple action,Yes,success
extnigh_fire,506.jpg,bucket,extinguish fire,bottom of bucket,pour water,Yes,success
extnigh_fire,507.jpg,sink,extinguish fire,top of sink,simple action,Yes,success
extnigh_fire,508.jpg,sink,extinguish fire,center of sink,simple action,Yes,success
extnigh_fire,508.jpg,toothpaste,extinguish fire,top right corner of sink,simple action,Yes,success
extnigh_fire,509.jpg,soap dispenser,extinguish fire,top part of dispenser,press the button to release foam,Yes,success
extnigh_fire,509.jpg,soap bottle,extinguish fire,top part of bottle,pump the bottle to release foam,Yes,success
extnigh_fire,51.jpg,fire extinguisher,extinguish fire,handle,pull out the handle,Yes,success
extnigh_fire,510.jpg,fire extinguisher,extinguish fire,handle of fire extinguisher,pull out the handle,Yes,success
extnigh_fire,511.jpg,fire extinguisher,extinguish fire,handle of fire extinguisher,pull the handle,Yes,success
extnigh_fire,512.jpg,fire truck,extinguish fire,front of fire truck,direct water at fire,Yes,success
extnigh_fire,512.jpg,fire hydrant,extinguish fire,top of hydrant,connect hose to hydrant,Yes,success
extnigh_fire,513.jpg,fire truck,extinguish fire,front of fire truck,use the fire hose attached to the front of the fire truck to extinguish the fire,Yes,success
extnigh_fire,514.jpg,fire truck,extinguish fire,hood,open hood to access equipment,Yes,success
extnigh_fire,515.jpg,fire truck,extinguish fire,ladder on fire truck,extend ladder to reach fire,Yes,success
extnigh_fire,516.jpg,fire truck,extinguish fire,hose nozzle,direct water at fire,Yes,success
extnigh_fire,516.jpg,fire hose,extinguish fire,water stream,direct water at fire,Yes,success
extnigh_fire,517.jpg,fire hose,extinguish fire,length of hose,pull hose to extinguish fire,Yes,success
extnigh_fire,518.jpg,fire truck,extinguish fire,front of fire truck,use the fire hose,Yes,success
extnigh_fire,519.jpg,fire truck,extinguish fire,siren on top,activate siren,Yes,success
extnigh_fire,519.jpg,truck,extinguish fire,hood,open hood,Yes,success
extnigh_fire,52.jpg,oil,extinguish fire,oil in the cup,pour oil over the fire,Yes,success
extnigh_fire,520.jpg,fire truck,extinguish fire,front of fire truck,use the fire hose to extinguish the fire,Yes,success
extnigh_fire,521.jpg,fire truck,extinguish fire,front of fire truck,use the fire hose to extinguish the fire,Yes,success
extnigh_fire,522.jpg,fire truck,extinguish fire,back of fire truck,use hose to extinguish fire,Yes,success
extnigh_fire,523.jpg,fire truck,extinguish fire,front of fire truck,use the fire extinguisher,Yes,success
extnigh_fire,523.jpg,fire extinguisher,extinguish fire,handle of fire extinguisher,pull the handle,Yes,success
extnigh_fire,524.jpg,fire truck,extinguish fire,ladder on fire truck,extend ladder to reach fire,Yes,success
extnigh_fire,525.jpg,fire truck,extinguish fire,front of fire truck,use the hose to spray water,Yes,success
extnigh_fire,525.jpg,fire hydrant,extinguish fire,top of fire hydrant,connect the hose to the hydrant,Yes,success
extnigh_fire,526.jpg,fire truck,extinguish fire,front of fire truck,use the fire hose to extinguish the fire,Yes,success
extnigh_fire,527.jpg,fire hydrant,extinguish fire,top of fire hydrant,pull fire hose from hydrant,Yes,success
extnigh_fire,528.jpg,fire truck,extinguish fire,front of fire truck,use the hose to spray water,Yes,success
extnigh_fire,529.jpg,fire truck,extinguish fire,front of fire truck,use hose to extinguish fire,Yes,success
extnigh_fire,53.jpg,bucket,extinguish fire,bottom of bucket,pour water into bucket,Yes,success
extnigh_fire,530.jpg,fire truck,extinguish fire,front of fire truck,use fire hose,Yes,success
extnigh_fire,531.jpg,fire hydrant,extinguish fire,top of fire hydrant,press the nozzle,Yes,success
extnigh_fire,532.jpg,fire truck,extinguish fire,front of fire truck,use fire truck's equipment to extinguish fire,Yes,success
extnigh_fire,533.jpg,fire truck,extinguish fire,front of fire truck,use fire hose,Yes,success
extnigh_fire,534.jpg,ambulance,extinguish fire,front of ambulance,use water hose,Yes,success
extnigh_fire,534.jpg,fire truck,extinguish fire,side of fire truck,use fire extinguisher,Yes,success
extnigh_fire,535.jpg,fire truck,extinguish fire,front of fire truck,direct water at fire,Yes,success
extnigh_fire,536.jpg,fire hydrant,extinguish fire,body of fire hydrant,press the nozzle,Yes,success
extnigh_fire,537.jpg,fire truck,extinguish fire,ladder on top of fire truck,use ladder to reach higher flames,Yes,success
extnigh_fire,538.jpg,fire hydrant,extinguish fire,top of fire hydrant,pull the handle,Yes,success
extnigh_fire,539.jpg,fire truck,extinguish fire,front of fire truck,use the hose to extinguish fire,Yes,success
extnigh_fire,54.jpg,bucket,extinguish fire,handle of bucket,lift bucket to extinguish fire,Yes,success
extnigh_fire,540.jpg,fire hydrant,extinguish fire,top part of fire hydrant,pull the hose and spray water,Yes,success
extnigh_fire,541.jpg,fire truck,extinguish fire,hose on fire truck,connect hose to fire hydrant,Yes,success
extnigh_fire,541.jpg,fire hose,extinguish fire,water being sprayed,direct water at fire,Yes,success
extnigh_fire,542.jpg,fire hydrant,extinguish fire,top part of fire hydrant,press the top part to release water,Yes,success
extnigh_fire,543.jpg,fire truck,extinguish fire,fire hose in the truck,pull out and use the fire hose,Yes,success
extnigh_fire,544.jpg,fire truck,extinguish fire,front of fire truck,use fire hose,Yes,success
extnigh_fire,545.jpg,fire truck,extinguish fire,extinguisher,pull out and use,Yes,success
extnigh_fire,546.jpg,fire truck,extinguish fire,hood,open hood to access fire extinguisher,Yes,success
extnigh_fire,547.jpg,fire truck,extinguish fire,hood,open hood to access equipment,Yes,success
extnigh_fire,548.jpg,fire truck,extinguish fire,extinguisher,pull out and use,Yes,success
extnigh_fire,549.jpg,fire truck,extinguish fire,front of fire truck,use hose to extinguish fire,Yes,success
extnigh_fire,55.jpg,bucket,extinguish fire,bottom half of bucket,pour water from bucket,Yes,success
extnigh_fire,550.jpg,fire truck,extinguish fire,back of fire truck,use hose to extinguish fire,Yes,success
extnigh_fire,551.jpg,fire truck,extinguish fire,extinguisher,pull out and use extinguisher,Yes,success
extnigh_fire,552.jpg,fire truck,extinguish fire,front of fire truck,use the fire hose,Yes,success
extnigh_fire,553.jpg,fire truck,extinguish fire,front of fire truck,use the fire hose to extinguish fire,Yes,success
extnigh_fire,554.jpg,fire truck,extinguish fire,front of fire truck,use the fire hose to extinguish the fire,Yes,success
extnigh_fire,555.jpg,fire hose,extinguish fire,length of hose,pull hose to hydrant,Yes,success
extnigh_fire,555.jpg,fire hydrant,extinguish fire,top of hydrant,connect hose to hydrant,Yes,success
extnigh_fire,556.jpg,fire truck,extinguish fire,front of fire truck,direct water at fire,Yes,success
extnigh_fire,556.jpg,fire hydrant,extinguish fire,top of fire hydrant,connect hose to hydrant,Yes,success
extnigh_fire,557.jpg,fire truck,extinguish fire,front of fire truck,use the fire hose to extinguish fire,Yes,success
extnigh_fire,558.jpg,fire truck,extinguish fire,hose,pull out hose,Yes,success
extnigh_fire,559.jpg,fire truck,extinguish fire,cab,open cab door,Yes,success
extnigh_fire,56.jpg,pancake,extinguish fire,burning part of pancake,flip pancake,Yes,success
extnigh_fire,560.jpg,fire hydrant,extinguish fire,top part of fire hydrant,direct water stream,Yes,success
extnigh_fire,561.jpg,fire truck,extinguish fire,hose nozzle,direct water at fire,Yes,success
extnigh_fire,561.jpg,fire hose,extinguish fire,hose nozzle,direct water at fire,Yes,success
extnigh_fire,562.jpg,fire hydrant,extinguish fire,top part of fire hydrant,press the top part to release water,Yes,success
extnigh_fire,563.jpg,fire hydrant,extinguish fire,top of fire hydrant,connect hose to hydrant,Yes,success
extnigh_fire,563.jpg,fire hose,extinguish fire,end of fire hose,pull hose to hydrant,Yes,success
extnigh_fire,564.jpg,motorcycle,extinguish fire,front of motorcycle,use the front of the motorcycle to push the fire truck and extinguish the fire,Yes,success
extnigh_fire,564.jpg,fire truck,extinguish fire,front of fire truck,use the fire truck's hose to extinguish the fire,Yes,success
extnigh_fire,565.jpg,fire hydrant,extinguish fire,top part of fire hydrant,press the nozzle,Yes,success
extnigh_fire,566.jpg,fire truck,extinguish fire,engine compartment,open fire truck door and access fire extinguisher,Yes,success
extnigh_fire,567.jpg,fire truck,extinguish fire,front of fire truck,direct water at fire,Yes,success
extnigh_fire,568.jpg,fire truck,extinguish fire,front of fire truck,use the fire hose attached to the front of the fire truck,Yes,success
extnigh_fire,569.jpg,fire truck,extinguish fire,front of fire truck,direct water at fire,Yes,success
extnigh_fire,57.jpg,bucket,extinguish fire,bottom part of bucket,use bucket to contain fire,Yes,success
extnigh_fire,570.jpg,fire truck,extinguish fire,ladder,extend ladder,Yes,success
extnigh_fire,571.jpg,fire truck,extinguish fire,front of fire truck,use the fire hose to extinguish the fire,Yes,success
extnigh_fire,572.jpg,fire truck,extinguish fire,ladder,extend ladder,Yes,success
extnigh_fire,573.jpg,fire truck,extinguish fire,front of fire truck,use fire hose,Yes,success
extnigh_fire,574.jpg,fire truck,extinguish fire,front of fire truck,direct water at fire,Yes,success
extnigh_fire,575.jpg,fire truck,extinguish fire,front of fire truck,use the fire hose to extinguish fire,Yes,success
extnigh_fire,576.jpg,fire hydrant,extinguish fire,top of fire hydrant,pull the handle,Yes,success
extnigh_fire,577.jpg,fire extinguisher,extinguish fire,handle of fire extinguisher,pull out the handle,Yes,success
extnigh_fire,578.jpg,fire extinguisher,extinguish fire,body of fire extinguisher,pull the pin and aim at the fire,Yes,success
extnigh_fire,579.jpg,fire extinguisher,extinguish fire,top of fire extinguisher,pull pin and aim at fire,Yes,success
extnigh_fire,58.jpg,bucket,extinguish fire,bottom of bucket,dip bucket into water,Yes,success
extnigh_fire,580.jpg,fire extinguisher,extinguish fire,handle of fire extinguisher,pull the handle,Yes,success
extnigh_fire,581.jpg,fire,extinguish fire,fire inside oven,use fire extinguisher,Yes,success
extnigh_fire,582.jpg,life buoy,extinguish fire,red part of buoy,use buoy to douse fire,Yes,success
extnigh_fire,583.jpg,fire extinguisher,extinguish fire,handle of fire extinguisher,pull the handle,Yes,success
extnigh_fire,584.jpg,fire extinguisher,extinguish fire,handle of fire extinguisher,hold fire extinguisher and press button,Yes,success
extnigh_fire,585.jpg,fire extinguisher,extinguish fire,handle,pull out and use,Yes,success
extnigh_fire,586.jpg,fire extinguisher,extinguish fire,top part of fire extinguisher,pull the handle,Yes,success
extnigh_fire,587.jpg,fire extinguisher,extinguish fire,red box on wall,pull out and use,Yes,success
extnigh_fire,588.jpg,fire extinguisher,extinguish fire,top part of fire extinguisher,pull the pin and aim at the fire,Yes,success
extnigh_fire,589.jpg,fire extinguisher,extinguish fire,handle of fire extinguisher,pull out the handle,Yes,success
extnigh_fire,59.jpg,candle,extinguish fire,candle,simple action,Yes,success
extnigh_fire,590.jpg,fire extinguisher,extinguish fire,handle of fire extinguisher,pull the handle,Yes,success
extnigh_fire,591.jpg,fire extinguisher,extinguish fire,handle of fire extinguisher,pull the handle,Yes,success
extnigh_fire,592.jpg,fire extinguisher,extinguish fire,handle of fire extinguisher,pull the handle,Yes,success
extnigh_fire,593.jpg,fire extinguisher,extinguish fire,top part of fire extinguisher,pull the pin and spray the fire,Yes,success
extnigh_fire,594.jpg,fire extinguisher,extinguish fire,top part of fire extinguisher,pull the pin and spray the fire,Yes,success
extnigh_fire,595.jpg,fire extinguisher,extinguish fire,top part of fire extinguisher,pull the pin and spray the fire,Yes,success
extnigh_fire,596.jpg,boat,extinguish fire,fire extinguisher in the boat,use fire extinguisher to put out fire,Yes,success
extnigh_fire,597.jpg,fire extinguisher,extinguish fire,handle of fire extinguisher,pull the handle,Yes,success
extnigh_fire,598.jpg,fire extinguisher,extinguish fire,handle of fire extinguisher,pull the handle,Yes,success
extnigh_fire,599.jpg,fire extinguisher,extinguish fire,handle of fire extinguisher,pull out the handle,Yes,success
extnigh_fire,6.jpg,bucket,extinguish fire,top of bucket,pour water from bucket to extinguish fire,Yes,success
extnigh_fire,60.jpg,bucket,extinguish fire,handle of bucket,hold bucket and use it to put out fire,Yes,success
extnigh_fire,600.jpg,fire extinguisher,extinguish fire,handle of fire extinguisher,pull the handle,Yes,success
extnigh_fire,601.jpg,fire extinguisher,extinguish fire,handle of fire extinguisher,pull the handle,Yes,success
extnigh_fire,602.jpg,fire extinguisher,extinguish fire,handle of fire extinguisher,pull the handle,Yes,success
extnigh_fire,603.jpg,fire extinguisher,extinguish fire,top right of fire extinguisher,pull the handle,Yes,success
extnigh_fire,604.jpg,fire extinguisher,extinguish fire,handle of fire extinguisher,pull the handle,Yes,success
extnigh_fire,605.jpg,fire extinguisher,extinguish fire,handle of fire extinguisher,pull the handle,Yes,success
extnigh_fire,606.jpg,fire extinguisher,extinguish fire,handle of fire extinguisher,pull out the handle,Yes,success
extnigh_fire,607.jpg,fire extinguisher,extinguish fire,top of fire extinguisher,pull the pin and aim at the fire,Yes,success
extnigh_fire,608.jpg,fire extinguisher,extinguish fire,top part of fire extinguisher,pull the pin and spray the fire,Yes,success
extnigh_fire,609.jpg,fire extinguisher,extinguish fire,top part of fire extinguisher,pull the pin and spray the fire,Yes,success
extnigh_fire,61.jpg,bucket,extinguish fire,bottom of bucket,dip bucket in water,Yes,success
extnigh_fire,610.jpg,fire extinguisher,extinguish fire,handle of fire extinguisher,pull the handle,Yes,success
extnigh_fire,611.jpg,fire truck,extinguish fire,engine compartment,open and use fire extinguisher,Yes,success
extnigh_fire,612.jpg,fire extinguisher,extinguish fire,top part of fire extinguisher,pull the pin and aim at the fire,Yes,success
extnigh_fire,613.jpg,fire extinguisher,extinguish fire,top part of fire extinguisher,pull the pin and spray the fire,Yes,success
extnigh_fire,614.jpg,fire extinguisher,extinguish fire,handle of fire extinguisher,pull the handle,Yes,success
extnigh_fire,615.jpg,fire extinguisher,extinguish fire,top of fire extinguisher,pull the pin and spray the fire,Yes,success
extnigh_fire,616.jpg,fire extinguisher,extinguish fire,top part of fire extinguisher,pull the pin and spray the fire,Yes,success
extnigh_fire,617.jpg,fire extinguisher,extinguish fire,top part of fire extinguisher,pull the pin and aim at the fire,Yes,success
extnigh_fire,618.jpg,fire extinguisher,extinguish fire,top of stove,use fire extinguisher to put out fire,Yes,success
extnigh_fire,619.jpg,fire extinguisher,extinguish fire,red box with white nozzle,pull the handle,Yes,success
extnigh_fire,62.jpg,bucket,extinguish fire,bottom part of bucket,pour water,Yes,success
extnigh_fire,620.jpg,fire extinguisher,extinguish fire,side of truck,pull out and use,Yes,success
extnigh_fire,621.jpg,fire extinguisher,extinguish fire,top part of fire extinguisher,pull the pin and aim at the fire,Yes,success
extnigh_fire,622.jpg,fire extinguisher,extinguish fire,handle of fire extinguisher,pull the handle,Yes,success
extnigh_fire,623.jpg,fire extinguisher,extinguish fire,top of fire extinguisher,pull the pin and aim at the fire,Yes,success
extnigh_fire,624.jpg,fire extinguisher,extinguish fire,red and orange,use fire extinguisher to put out fire,Yes,success
extnigh_fire,625.jpg,fire extinguisher,extinguish fire,top of fire extinguisher,pull the pin and spray,Yes,success
extnigh_fire,626.jpg,luggage,extinguish fire,handle of luggage,use the handle to create a barrier,Yes,success
extnigh_fire,627.jpg,fire extinguisher,extinguish fire,top of refrigerator,use to put out fire,Yes,success
extnigh_fire,628.jpg,fire extinguisher,extinguish fire,side of truck,pull out and use,Yes,success
extnigh_fire,629.jpg,fire extinguisher,extinguish fire,top part of fire extinguisher,pull the pin and spray the fire,Yes,success
extnigh_fire,63.jpg,bucket,extinguish fire,bottom of bucket,dip bucket into water,Yes,success
extnigh_fire,630.jpg,fire truck,extinguish fire,engine,use engine to extinguish fire,Yes,success
extnigh_fire,631.jpg,fire extinguisher,extinguish fire,handle of fire extinguisher,pull out the handle,Yes,success
extnigh_fire,632.jpg,fire extinguisher,extinguish fire,body of fire extinguisher,pull the pin and spray the fire,Yes,success
extnigh_fire,633.jpg,fire extinguisher,extinguish fire,handle of fire extinguisher,pull the handle,Yes,success
extnigh_fire,634.jpg,fire extinguisher,extinguish fire,handle,pull the handle,Yes,success
extnigh_fire,635.jpg,fire extinguisher,extinguish fire,handle of fire extinguisher,pull the handle,Yes,success
extnigh_fire,636.jpg,fire extinguisher,extinguish fire,body of fire extinguisher,pull the pin and aim at the fire,Yes,success
extnigh_fire,637.jpg,wii remote,extinguish fire,button on remote,press button,Yes,success
extnigh_fire,638.jpg,fire extinguisher,extinguish fire,top of cabinet,use fire extinguisher to put out fire,Yes,success
extnigh_fire,639.jpg,fire extinguisher,extinguish fire,handle of fire extinguisher,pull the handle,Yes,success
extnigh_fire,64.jpg,bucket,extinguish fire,bottom part of bucket,use bucket to contain fire,Yes,success
extnigh_fire,640.jpg,fire extinguisher,extinguish fire,top part of fire extinguisher,pull the pin and press the nozzle,Yes,success
extnigh_fire,641.jpg,fire extinguisher,extinguish fire,handle of fire extinguisher,pull the handle,Yes,success
extnigh_fire,642.jpg,fire extinguisher,extinguish fire,top part of fire extinguisher,pull the pin and spray the fire,Yes,success
extnigh_fire,643.jpg,fire extinguisher,extinguish fire,handle of fire extinguisher,pull out the handle,Yes,success
extnigh_fire,644.jpg,fire extinguisher,extinguish fire,top part of fire extinguisher,pull the pin and spray,Yes,success
extnigh_fire,645.jpg,fire extinguisher,extinguish fire,handle of fire extinguisher,pull the handle,Yes,success
extnigh_fire,646.jpg,fire extinguisher,extinguish fire,top part of fire extinguisher,pull the pin and aim at the fire,Yes,success
extnigh_fire,647.jpg,fire extinguisher,extinguish fire,top part of fire extinguisher,pull the pin and spray the fire,Yes,success
extnigh_fire,648.jpg,fire extinguisher,extinguish fire,top right of image,pull the handle,Yes,success
extnigh_fire,649.jpg,fire extinguisher,extinguish fire,top of fire extinguisher,pull the pin and aim at the fire,Yes,success
extnigh_fire,65.jpg,bucket,extinguish fire,bottom of bucket,simple action,Yes,success
extnigh_fire,650.jpg,fire extinguisher,extinguish fire,handle of fire extinguisher,pull the handle,Yes,success
extnigh_fire,651.jpg,fire extinguisher,extinguish fire,top part of fire extinguisher,pull pin and aim at fire,Yes,success
extnigh_fire,652.jpg,fire extinguisher,extinguish fire,body of fire extinguisher,pull the pin and aim at the fire,Yes,success
extnigh_fire,653.jpg,fire extinguisher,extinguish fire,body of fire extinguisher,pull the pin and spray the fire,Yes,success
extnigh_fire,654.jpg,bottle,extinguish fire,top part of bottle,use the top part of the bottle to extinguish the fire,Yes,success
extnigh_fire,654.jpg,bottle,extinguish fire,middle part of bottle,use the middle part of the bottle to extinguish the fire,Yes,success
extnigh_fire,654.jpg,bottle,extinguish fire,bottom part of bottle,use the bottom part of the bottle to extinguish the fire,Yes,success
extnigh_fire,654.jpg,bottle,extinguish fire,top part of bottle,use the top part of the bottle to extinguish the fire,Yes,success
extnigh_fire,654.jpg,bottle,extinguish fire,middle part of bottle,use the middle part of the bottle to extinguish the fire,Yes,success
extnigh_fire,654.jpg,bottle,extinguish fire,bottom part of bottle,use the bottom part of the bottle to extinguish the fire,Yes,success
extnigh_fire,654.jpg,bottle,extinguish fire,top part of bottle,use the top part of the bottle to extinguish the fire,Yes,success
extnigh_fire,654.jpg,bottle,extinguish fire,middle part of bottle,use the middle part of the bottle to extinguish the fire,Yes,success
extnigh_fire,654.jpg,bottle,extinguish fire,bottom part of bottle,use the bottom part of the bottle to extinguish the fire,Yes,success
extnigh_fire,655.jpg,fire extinguisher,extinguish fire,top part of fire extinguisher,pull the pin and aim at the fire,Yes,success
extnigh_fire,656.jpg,fire extinguisher,extinguish fire,top part of fire extinguisher,pull the pin and aim at the fire,Yes,success
extnigh_fire,657.jpg,fire extinguisher,extinguish fire,top part of extinguisher,use top part of extinguisher to put out fire,Yes,success
extnigh_fire,658.jpg,fire extinguisher,extinguish fire,handle,pull out the handle,Yes,success
extnigh_fire,659.jpg,fire extinguisher,extinguish fire,handle of fire extinguisher,pull out the handle,Yes,success
extnigh_fire,66.jpg,spool,extinguish fire,spool,use spool to create a fire extinguisher,Yes,success
extnigh_fire,660.jpg,fire extinguisher,extinguish fire,top of fire extinguisher,pull the pin and aim at the fire,Yes,success
extnigh_fire,661.jpg,fire extinguisher,extinguish fire,hanging on the wall,pull the handle,Yes,success
extnigh_fire,662.jpg,fire extinguisher,extinguish fire,body of fire extinguisher,pull the pin and spray the fire,Yes,success
extnigh_fire,663.jpg,fire extinguisher,extinguish fire,handle of fire extinguisher,pull the handle,Yes,success
extnigh_fire,664.jpg,fire hose,extinguish fire,yellow hose,pull out the hose,Yes,success
extnigh_fire,665.jpg,fire truck,extinguish fire,hose on fire truck,pull out hose and spray water,Yes,success
extnigh_fire,666.jpg,fire hydrant,extinguish fire,top part of fire hydrant,press the nozzle,Yes,success
extnigh_fire,667.jpg,fire hydrant,extinguish fire,top part of fire hydrant,turn on the hydrant,Yes,success
extnigh_fire,667.jpg,hose,extinguish fire,end of the hose,connect the hose to the hydrant,Yes,success
extnigh_fire,668.jpg,fire hydrant,extinguish fire,top of fire hydrant,pull the hose,Yes,success
extnigh_fire,669.jpg,fire truck,extinguish fire,hood,open hood to access fire extinguisher,Yes,success
extnigh_fire,67.jpg,bucket,extinguish fire,handle of bucket,use handle to create a water source,Yes,success
extnigh_fire,670.jpg,fire truck,extinguish fire,hose attached to fire truck,pull out hose,Yes,success
extnigh_fire,670.jpg,fire truck,extinguish fire,hose attached to fire truck,connect hose to fire hydrant,Yes,success
extnigh_fire,670.jpg,firefighter,extinguish fire,firefighter's body,spray water,Yes,success
extnigh_fire,671.jpg,fire hydrant,extinguish fire,top part of fire hydrant,pull out hose from hydrant,Yes,success
extnigh_fire,672.jpg,fire truck,extinguish fire,front of fire truck,direct water at fire,Yes,success
extnigh_fire,673.jpg,fire hydrant,extinguish fire,top of fire hydrant,press the nozzle to release water,Yes,success
extnigh_fire,674.jpg,ladder,extinguish fire,top part of ladder,use ladder to reach higher areas,Yes,success
extnigh_fire,674.jpg,fire hose,extinguish fire,hose on fire truck,connect hose to hydrant,Yes,success
extnigh_fire,675.jpg,fire truck,extinguish fire,back of truck,use the fire truck to transport the fire extinguisher,Yes,success
extnigh_fire,675.jpg,fire extinguisher,extinguish fire,handle of extinguisher,pull the handle to release the extinguishing agent,Yes,success
extnigh_fire,676.jpg,fire truck,extinguish fire,fire hose,pull out and use,Yes,success
extnigh_fire,677.jpg,fire hydrant,extinguish fire,top part of hydrant,pull out hose and spray water,Yes,success
extnigh_fire,678.jpg,fire hydrant,extinguish fire,top part of fire hydrant,press the nozzle,Yes,success
extnigh_fire,679.jpg,fire truck,extinguish fire,ladder,extend ladder,Yes,success
extnigh_fire,68.jpg,orange bucket,extinguish fire,top part of bucket,pour water,Yes,success
extnigh_fire,680.jpg,fire hydrant,extinguish fire,top part of fire hydrant,pull hose from hydrant,Yes,success
extnigh_fire,681.jpg,fire hose,extinguish fire,length of hose,pull hose to spray water,Yes,success
extnigh_fire,682.jpg,fire hydrant,extinguish fire,top part of fire hydrant,connect hose to hydrant,Yes,success
extnigh_fire,682.jpg,fire truck,extinguish fire,front of fire truck,direct hose at fire,Yes,success
extnigh_fire,683.jpg,fire truck,extinguish fire,hose on fire truck,connect hose to fire hydrant,Yes,success
extnigh_fire,683.jpg,firefighter,extinguish fire,firefighter's equipment,use fire extinguisher,Yes,success
extnigh_fire,684.jpg,fire truck,extinguish fire,hose attached to fire truck,pull out hose,Yes,success
extnigh_fire,684.jpg,fire hose,extinguish fire,hose attached to fire truck,pull out hose,Yes,success
extnigh_fire,685.jpg,fire hydrant,extinguish fire,top part of fire hydrant,pull the nozzle,Yes,success
extnigh_fire,685.jpg,fire hose,extinguish fire,end of fire hose,connect to hydrant,Yes,success
extnigh_fire,686.jpg,fire truck,extinguish fire,front of fire truck,use the fire hose to extinguish the fire,Yes,success
extnigh_fire,687.jpg,fire hydrant,extinguish fire,top of fire hydrant,turn on hydrant,Yes,success
extnigh_fire,687.jpg,fire extinguisher,extinguish fire,handle of fire extinguisher,pull trigger,Yes,success
extnigh_fire,688.jpg,fire hydrant,extinguish fire,top of fire hydrant,press the top to release water,Yes,success
extnigh_fire,689.jpg,fire extinguisher,extinguish fire,top part of fire extinguisher,pull the pin and spray the fire extinguisher on the fire,Yes,success
extnigh_fire,69.jpg,bucket,extinguish fire,bottom half of bucket,pour water,Yes,success
extnigh_fire,690.jpg,fire hydrant,extinguish fire,top part of fire hydrant,press the top part to release water,Yes,success
extnigh_fire,691.jpg,fire hydrant,extinguish fire,top part of fire hydrant,press the valve to release water,Yes,success
extnigh_fire,692.jpg,fire hydrant,extinguish fire,top part of fire hydrant,press the valve to release water,Yes,success
extnigh_fire,693.jpg,fire hydrant,extinguish fire,top of fire hydrant,pull the handle,Yes,success
extnigh_fire,694.jpg,fire hydrant,extinguish fire,top part of fire hydrant,pull out hose,Yes,success
extnigh_fire,695.jpg,fire hydrant,extinguish fire,top part of fire hydrant,press the top part to release water,Yes,success
extnigh_fire,696.jpg,fire hydrant,extinguish fire,top of fire hydrant,press the valve,Yes,success
extnigh_fire,697.jpg,fire hydrant,extinguish fire,top of fire hydrant,press the top to release water,Yes,success
extnigh_fire,698.jpg,fire hydrant,extinguish fire,top of fire hydrant,press the top to release water,Yes,success
extnigh_fire,699.jpg,fire hydrant,extinguish fire,top of fire hydrant,press the valve,Yes,success
extnigh_fire,7.jpg,bucket,extinguish fire,bottom of bucket,pour water into bucket,Yes,success
extnigh_fire,7.jpg,spoon,extinguish fire,handle of spoon,stir the fire,Yes,success
extnigh_fire,70.jpg,bucket,extinguish fire,bottom of bucket,drop bucket to ground,Yes,success
extnigh_fire,700.jpg,fire hydrant,extinguish fire,top part of fire hydrant,press the nozzle,Yes,success
extnigh_fire,701.jpg,fire hydrant,extinguish fire,top part of fire hydrant,pull chain to release water,Yes,success
extnigh_fire,702.jpg,fire truck,extinguish fire,top of fire truck,direct water at fire,Yes,success
extnigh_fire,702.jpg,fire hose,extinguish fire,hose nozzle,direct water at fire,Yes,success
extnigh_fire,703.jpg,fire hydrant,extinguish fire,top part of fire hydrant,pull out hose,Yes,success
extnigh_fire,704.jpg,fire truck,extinguish fire,ladder,extend ladder,Yes,success
extnigh_fire,705.jpg,fire hose,extinguish fire,length of hose,pull hose,Yes,success
extnigh_fire,706.jpg,fire hose,extinguish fire,length of hose,pull hose,Yes,success
extnigh_fire,707.jpg,fire truck,extinguish fire,ladder on fire truck,extend ladder,Yes,success
extnigh_fire,708.jpg,fire truck,extinguish fire,front of fire truck,use hose to extinguish fire,Yes,success
extnigh_fire,709.jpg,hose,extinguish fire,handle,pull out the nozzle,Yes,success
extnigh_fire,71.jpg,bucket,extinguish fire,bottom of bucket,use bucket to contain fire,Yes,success
extnigh_fire,710.jpg,fire hose,extinguish fire,handle of fire hose,pull out nozzle,Yes,success
extnigh_fire,711.jpg,fire truck,extinguish fire,front of fire truck,simple action,Yes,success
extnigh_fire,711.jpg,fire extinguisher,extinguish fire,held by firefighter,simple action,Yes,success
extnigh_fire,712.jpg,fire hose,extinguish fire,length of hose,pull hose to extinguish fire,Yes,success
extnigh_fire,712.jpg,fire extinguisher,extinguish fire,handle of extinguisher,pull trigger of extinguisher,Yes,success
extnigh_fire,713.jpg,fire truck,extinguish fire,front of fire truck,use hose to extinguish fire,Yes,success
extnigh_fire,714.jpg,diving suit,extinguish fire,chest area of diving suit,use the breathing apparatus to blow out smoke,Yes,success
extnigh_fire,714.jpg,fire extinguisher,extinguish fire,handle of fire extinguisher,pull the pin and spray the fire extinguisher on the fire,Yes,success
extnigh_fire,715.jpg,fire truck,extinguish fire,front of fire truck,use hose to spray water,Yes,success
extnigh_fire,716.jpg,fire truck,extinguish fire,front of fire truck,use hose to spray water,Yes,success
extnigh_fire,717.jpg,fire truck,extinguish fire,hose attached to fire truck,pull out hose and use for extinguishing fire,Yes,success
extnigh_fire,718.jpg,fire truck,extinguish fire,hose on fire truck,pull out hose,Yes,success
extnigh_fire,718.jpg,firefighter,extinguish fire,fire extinguisher on firefighter,use fire extinguisher,Yes,success
extnigh_fire,719.jpg,fire truck,extinguish fire,hose on fire truck,pull out hose and spray water,Yes,success
extnigh_fire,72.jpg,bucket,extinguish fire,bottom of bucket,use bucket to contain fire,Yes,success
extnigh_fire,720.jpg,fire hose,extinguish fire,nozzle of fire hose,point fire hose at fire,Yes,success
extnigh_fire,720.jpg,fire extinguisher,extinguish fire,nozzle of fire extinguisher,point fire extinguisher at fire,Yes,success
extnigh_fire,721.jpg,fire hose,extinguish fire,end of fire hose,pull out and use,Yes,success
extnigh_fire,722.jpg,fire extinguisher,extinguish fire,body of fire extinguisher,pull the pin and aim at the fire,Yes,success
extnigh_fire,723.jpg,fire extinguisher,extinguish fire,body of fire extinguisher,pull the pin and spray the fire,Yes,success
extnigh_fire,724.jpg,fire extinguisher,extinguish fire,body of fire extinguisher,pull the pin and spray the fire extinguisher on the fire,Yes,success
extnigh_fire,725.jpg,fire extinguisher,extinguish fire,handle of fire extinguisher,pull the handle,Yes,success
extnigh_fire,726.jpg,fire extinguisher,extinguish fire,body of fire extinguisher,use fire extinguisher to put out fire,Yes,success
extnigh_fire,727.jpg,fire extinguisher,extinguish fire,top part of fire extinguisher,pull the pin and aim at the fire,Yes,success
extnigh_fire,728.jpg,fire extinguisher,extinguish fire,body of fire extinguisher,pull the pin and spray the fire,Yes,success
extnigh_fire,729.jpg,fire extinguishers,extinguish fire,body of fire extinguisher,pull the handle,Yes,success
extnigh_fire,73.jpg,red dustpan,extinguish fire,handle of dustpan,use handle to scoop water and extinguish fire,Yes,success
extnigh_fire,730.jpg,fire extinguisher,extinguish fire,top part of fire extinguisher,pull the pin and spray the fire extinguisher on the flames,Yes,success
extnigh_fire,731.jpg,fire extinguisher,extinguish fire,handle,pull out the handle,Yes,success
extnigh_fire,732.jpg,fire extinguisher,extinguish fire,top part of fire extinguisher,pull the pin and spray the fire,Yes,success
extnigh_fire,733.jpg,fire extinguisher,extinguish fire,handle of fire extinguisher,pull the handle,Yes,success
extnigh_fire,734.jpg,fire extinguisher,extinguish fire,top part of fire extinguisher,pull the pin and aim at the fire,Yes,success
extnigh_fire,735.jpg,fire extinguisher,extinguish fire,top part of fire extinguisher,pull the pin and spray the fire,Yes,success
extnigh_fire,736.jpg,fire extinguisher,extinguish fire,handle,pull out the handle,Yes,success
extnigh_fire,737.jpg,fire extinguisher,extinguish fire,top part of fire extinguisher,pull the handle,Yes,success
extnigh_fire,738.jpg,fire extinguisher,extinguish fire,top part of fire extinguisher,pull the pin and spray the fire,Yes,success
extnigh_fire,739.jpg,fire extinguisher,extinguish fire,top part of fire extinguisher,pull the pin and aim at the fire,Yes,success
extnigh_fire,74.jpg,bucket,extinguish fire,bottom of bucket,pour water,Yes,success
extnigh_fire,740.jpg,fire extinguisher,extinguish fire,top of fire extinguisher,hold and pull the pin,Yes,success
extnigh_fire,741.jpg,fire extinguisher,extinguish fire,handle of fire extinguisher,pull the handle,Yes,success
extnigh_fire,742.jpg,fire extinguisher,extinguish fire,handle of fire extinguisher,pull the handle,Yes,success
extnigh_fire,743.jpg,fire extinguisher,extinguish fire,top part of fire extinguisher,pull the pin and spray the fire,Yes,success
extnigh_fire,744.jpg,scissors,extinguish fire,handle of scissors,use scissors to cut the fire,Yes,success
extnigh_fire,745.jpg,fire extinguisher,extinguish fire,red body,pull the pin and press the nozzle,Yes,success
extnigh_fire,746.jpg,fire extinguisher,extinguish fire,top part of fire extinguisher,pull the pin and spray the fire,Yes,success
extnigh_fire,747.jpg,fire extinguisher,extinguish fire,body of fire extinguisher,pull the pin and aim at the fire,Yes,success
extnigh_fire,748.jpg,fire extinguisher,extinguish fire,handle,pull out the fire extinguisher,Yes,success
extnigh_fire,749.jpg,fire extinguisher,extinguish fire,top right of image,use fire extinguisher to put out fire,Yes,success
extnigh_fire,75.jpg,watering can,extinguish fire,handle of watering can,lift and swing to extinguish fire,Yes,success
extnigh_fire,750.jpg,fire extinguishers,extinguish fire,handle of fire extinguisher,pull the handle,Yes,success
extnigh_fire,751.jpg,fire extinguisher,extinguish fire,handle of fire extinguisher,pull the handle,Yes,success
extnigh_fire,752.jpg,fire extinguisher,extinguish fire,red part of fire extinguisher,pull red part,Yes,success
extnigh_fire,753.jpg,fire extinguisher,extinguish fire,body of fire extinguisher,pull the pin and press the nozzle,Yes,success
extnigh_fire,754.jpg,fire extinguishers,extinguish fire,body of fire extinguisher,pull the handle,Yes,success
extnigh_fire,755.jpg,fire extinguisher,extinguish fire,red container,pull the pin and spray the fire extinguisher,Yes,success
extnigh_fire,756.jpg,fire extinguisher,extinguish fire,handle of fire extinguisher,pull the handle,Yes,success
extnigh_fire,757.jpg,fire extinguisher,extinguish fire,top part of fire extinguisher,pull the pin and use the nozzle to spray,Yes,success
extnigh_fire,758.jpg,fire extinguisher,extinguish fire,handle of fire extinguisher,pull the handle,Yes,success
extnigh_fire,759.jpg,fire extinguisher,extinguish fire,body of fire extinguisher,pull the handle,Yes,success
extnigh_fire,76.jpg,bucket,extinguish fire,handle of bucket,hold bucket to extinguish fire,Yes,success
extnigh_fire,760.jpg,fire extinguisher,extinguish fire,handle of fire extinguisher,pull the handle,Yes,success
extnigh_fire,761.jpg,fire extinguisher,extinguish fire,body of fire extinguisher,pull the pin and spray the fire,Yes,success
extnigh_fire,762.jpg,ladder,extinguish fire,top part of ladder,extend ladder to reach fire,Yes,success
extnigh_fire,762.jpg,hose,extinguish fire,stacked on back of truck,pull out hose for use,Yes,success
extnigh_fire,763.jpg,fire extinguisher,extinguish fire,handle of fire extinguisher,pull the handle,Yes,success
extnigh_fire,764.jpg,bottle,extinguish fire,top of bottle,use bottle to put out fire,Yes,success
extnigh_fire,765.jpg,fire extinguisher,extinguish fire,body of fire extinguisher,pull the pin and aim at the fire,Yes,success
extnigh_fire,766.jpg,fire hose,extinguish fire,length of hose,pull out hose,Yes,success
extnigh_fire,766.jpg,fire extinguisher,extinguish fire,body of extinguisher,pull out nozzle,Yes,success
extnigh_fire,767.jpg,fire extinguisher,extinguish fire,handle of fire extinguisher,pull out the handle,Yes,success
extnigh_fire,77.jpg,scissors,extinguish fire,blade,cut the fire,Yes,success
extnigh_fire,77.jpg,knife,extinguish fire,blade,cut the fire,Yes,success
extnigh_fire,78.jpg,bucket,extinguish fire,handle of bucket,use handle to scoop water,Yes,success
extnigh_fire,79.jpg,bucket,extinguish fire,bottom of bucket,fill bucket with water,Yes,success
extnigh_fire,8.jpg,bucket,extinguish fire,bottom half,use bucket to put out fire,Yes,success
extnigh_fire,80.jpg,bucket,extinguish fire,top of bucket,pour water from bucket,Yes,success
extnigh_fire,81.jpg,bucket,extinguish fire,bottom of bucket,use bucket to contain fire,Yes,success
extnigh_fire,82.jpg,bucket,extinguish fire,bottom of bucket,pour water from bucket,Yes,success
extnigh_fire,83.jpg,bucket,extinguish fire,bottom of bucket,dip bucket into water,Yes,success
extnigh_fire,84.jpg,bucket,extinguish fire,top of bucket,pour water on fire,Yes,success
extnigh_fire,85.jpg,bucket,extinguish fire,bottom of bucket,pour water,Yes,success
extnigh_fire,86.jpg,bucket,extinguish fire,bottom of bucket,pour water from bucket,Yes,success
extnigh_fire,87.jpg,bucket,extinguish fire,top of bucket,use bucket to contain fire,Yes,success
extnigh_fire,88.jpg,orange bucket,extinguish fire,top of bucket,pour water,Yes,success
extnigh_fire,89.jpg,oven,extinguish fire,burning area in the oven,use oven door to smother fire,Yes,success
extnigh_fire,9.jpg,bucket,extinguish fire,bottom half of bucket,pour water on fire,Yes,success
extnigh_fire,90.jpg,bucket,extinguish fire,top of bucket,pour water from bucket,Yes,success
extnigh_fire,91.jpg,potato,extinguish fire,root,use root to create a barrier,Yes,success
extnigh_fire,91.jpg,carrot,extinguish fire,root,use root to create a barrier,Yes,success
extnigh_fire,92.jpg,bucket,extinguish fire,bottom of bucket,pour water from bucket,Yes,success
extnigh_fire,92.jpg,bucket,extinguish fire,bottom of bucket,pour water from bucket,Yes,success
extnigh_fire,93.jpg,bucket,extinguish fire,top part of bucket,use bucket to contain fire,Yes,success
extnigh_fire,94.jpg,bucket,extinguish fire,top of bucket,pour water from bucket,Yes,success
extnigh_fire,95.jpg,orange bucket,extinguish fire,top of bucket,pour water from bucket,Yes,success
extnigh_fire,96.jpg,seal,extinguish fire,body,simple action,Yes,success
extnigh_fire,97.jpg,bucket,extinguish fire,bottom of bucket,drop bucket on fire,Yes,success
extnigh_fire,98.jpg,bucket,extinguish fire,handle of bucket,grab the handle of the bucket,Yes,success
extnigh_fire,99.jpg,fire extinguisher,extinguish fire,handle of fire extinguisher,pull the handle,Yes,success
extnigh_fire,COCO_val2014_000000005437.jpg,jacket,extinguish fire,upper part of jacket,cover fire hydrant with jacket,Yes,success
extnigh_fire,COCO_val2014_000000005437.jpg,fire hydrant,extinguish fire,top of fire hydrant,use jacket to cover fire hydrant,Yes,success
extnigh_fire,COCO_val2014_000000008899.jpg,fire hydrant,extinguish fire,top part of fire hydrant,press the handle,Yes,success
extnigh_fire,COCO_val2014_000000010256.jpg,fire hydrant,extinguish fire,top of fire hydrant,press the nozzle,Yes,success
extnigh_fire,COCO_val2014_000000013159.jpg,fire hydrant,extinguish fire,top part of fire hydrant,pull the handle,Yes,success
extnigh_fire,COCO_val2014_000000013637.jpg,fire hydrant,extinguish fire,top part of fire hydrant,pull the nozzle,Yes,success
extnigh_fire,COCO_val2014_000000014175.jpg,fire hydrant,extinguish fire,top part of fire hydrant,press the nozzle,Yes,success
extnigh_fire,COCO_val2014_000000015667.jpg,fire hydrant,extinguish fire,top of fire hydrant,pull the handle,Yes,success
extnigh_fire,COCO_val2014_000000015746.jpg,fire hydrant,extinguish fire,top of fire hydrant,press nozzle,Yes,success
extnigh_fire,COCO_val2014_000000015862.jpg,fire hydrant,extinguish fire,top of fire hydrant,press the nozzle,Yes,success
extnigh_fire,COCO_val2014_000000017859.jpg,fire hydrant,extinguish fire,top part of fire hydrant,press the nozzle,Yes,success
extnigh_fire,COCO_val2014_000000018191.jpg,fire hydrant,extinguish fire,top part of fire hydrant,press the nozzle,Yes,success
extnigh_fire,COCO_val2014_000000019079.jpg,fire hydrant,extinguish fire,top part of fire hydrant,press the top part of the fire hydrant,Yes,success
extnigh_fire,COCO_val2014_000000020107.jpg,fire hydrant,extinguish fire,top part of fire hydrant,pull the handle,Yes,success
extnigh_fire,COCO_val2014_000000021588.jpg,fire hydrant,extinguish fire,top of fire hydrant,press the valve,Yes,success
extnigh_fire,COCO_val2014_000000021671.jpg,fire hydrant,extinguish fire,top part of fire hydrant,use the top part to direct water flow,Yes,success
extnigh_fire,COCO_val2014_000000022113.jpg,fire hydrant,extinguish fire,top of fire hydrant,press the nozzle,Yes,success
extnigh_fire,COCO_val2014_000000022649.jpg,fire hydrant,extinguish fire,top of fire hydrant,press the nozzle,Yes,success
extnigh_fire,COCO_val2014_000000025809.jpg,fire hydrant,extinguish fire,top of fire hydrant,press the nozzle,Yes,success
extnigh_fire,COCO_val2014_000000026926.jpg,fire hydrant,extinguish fire,top of fire hydrant,press the nozzle,Yes,success
extnigh_fire,COCO_val2014_000000027246.jpg,fire hydrant,extinguish fire,top of fire hydrant,press the nozzle,Yes,success
extnigh_fire,COCO_val2014_000000027658.jpg,fire hydrant,extinguish fire,top of fire hydrant,press the top to release water,Yes,success
extnigh_fire,COCO_val2014_000000028993.jpg,fire hydrant,extinguish fire,body of hydrant,press the handle,Yes,success
extnigh_fire,COCO_val2014_000000029648.jpg,fire hydrant,extinguish fire,top of fire hydrant,turn on hydrant,Yes,success
extnigh_fire,COCO_val2014_000000029656.jpg,fire hydrant,extinguish fire,top of fire hydrant,press the nozzle,Yes,success
extnigh_fire,COCO_val2014_000000029913.jpg,fire hydrant,extinguish fire,top of fire hydrant,press the nozzle,Yes,success
extnigh_fire,COCO_val2014_000000030383.jpg,fire hydrant,extinguish fire,top of fire hydrant,pull the nozzle,Yes,success
extnigh_fire,COCO_val2014_000000030529.jpg,bag,extinguish fire,outer surface of bag,use the bag to contain the fire,Yes,success
extnigh_fire,COCO_val2014_000000030529.jpg,phone,extinguish fire,button area of phone,press the button to activate the fire extinguisher,Yes,success
extnigh_fire,COCO_val2014_000000034482.jpg,parking meter,extinguish fire,top of parking meter,use the handle to pull out the extinguisher,Yes,success
extnigh_fire,COCO_val2014_000000034580.jpg,fire hydrant,extinguish fire,top part of fire hydrant,press the top part to release water,Yes,success
extnigh_fire,COCO_val2014_000000034847.jpg,fire hydrant,extinguish fire,top part of fire hydrant,press the top part to release water,Yes,success
extnigh_fire,COCO_val2014_000000035105.jpg,fire hydrant,extinguish fire,top of fire hydrant,pull fire hose from hydrant,Yes,success
extnigh_fire,COCO_val2014_000000035814.jpg,fire hydrant,extinguish fire,ice block,use ice block to extinguish fire,Yes,success
extnigh_fire,COCO_val2014_000000035894.jpg,fire hydrant,extinguish fire,top of fire hydrant,press the nozzle,Yes,success
extnigh_fire,COCO_val2014_000000038048.jpg,fire hydrant,extinguish fire,top of fire hydrant,pull the handle,Yes,success
extnigh_fire,COCO_val2014_000000040087.jpg,fire hydrant,extinguish fire,top part of fire hydrant,press the nozzle,Yes,success
extnigh_fire,COCO_val2014_000000047204.jpg,fire hydrant,extinguish fire,top of fire hydrant,press the top to release water,Yes,success
extnigh_fire,COCO_val2014_000000047367.jpg,fire hydrant,extinguish fire,top of fire hydrant,pull out hose,Yes,success
extnigh_fire,COCO_val2014_000000052005.jpg,fire hydrant,extinguish fire,top of fire hydrant,pull chain,Yes,success
extnigh_fire,COCO_val2014_000000052627.jpg,fire hydrant,extinguish fire,top of fire hydrant,press the nozzle,Yes,success
extnigh_fire,COCO_val2014_000000054011.jpg,fire hydrant,extinguish fire,top of fire hydrant,pull the handle,Yes,success
extnigh_fire,COCO_val2014_000000056127.jpg,fire extinguisher,extinguish fire,top part of extinguisher,pull the pin and aim at the fire,Yes,success
extnigh_fire,COCO_val2014_000000059108.jpg,fire hydrant,extinguish fire,top part of fire hydrant,press the top part to release water,Yes,success
extnigh_fire,COCO_val2014_000000062459.jpg,fire hydrant,extinguish fire,top of fire hydrant,use the nozzle to spray water,Yes,success
extnigh_fire,COCO_val2014_000000062661.jpg,fire hydrant,extinguish fire,top of fire hydrant,press the nozzle,Yes,success
extnigh_fire,COCO_val2014_000000066508.jpg,fire hydrant,extinguish fire,top of fire hydrant,pull the handle,Yes,success
extnigh_fire,COCO_val2014_000000066510.jpg,fire hydrant,extinguish fire,top of fire hydrant,pull fire hose from hydrant,Yes,success
extnigh_fire,COCO_val2014_000000068740.jpg,fire hydrant,extinguish fire,top of fire hydrant,press the top to release water,Yes,success
extnigh_fire,COCO_val2014_000000071857.jpg,fire hydrant,extinguish fire,top part of fire hydrant,turn on the valve,Yes,success
extnigh_fire,COCO_val2014_000000071857.jpg,hose,extinguish fire,end of hose,connect to the fire hydrant,Yes,success
extnigh_fire,COCO_val2014_000000071965.jpg,green mailbox,extinguish fire,top of mailbox,use mailbox as makeshift extinguisher,Yes,success
extnigh_fire,COCO_val2014_000000071965.jpg,red fire hydrant,extinguish fire,top of hydrant,use hydrant to spray water,Yes,success
extnigh_fire,COCO_val2014_000000072397.jpg,fire hydrant,extinguish fire,top of fire hydrant,press the nozzle,Yes,success
extnigh_fire,COCO_val2014_000000073536.jpg,christmas tree,extinguish fire,top of tree,use the tree to create a barrier and prevent the fire from spreading,Yes,success
extnigh_fire,COCO_val2014_000000073832.jpg,fire hydrant,extinguish fire,top part of fire hydrant,pull out fire hose,Yes,success
extnigh_fire,COCO_val2014_000000076765.jpg,fire hydrant,extinguish fire,top part of fire hydrant,pull out the nozzle,Yes,success
extnigh_fire,COCO_val2014_000000076962.jpg,fire hydrant,extinguish fire,top part of fire hydrant,use the top part to direct water,Yes,success
extnigh_fire,COCO_val2014_000000078023.jpg,fire hydrant,extinguish fire,top part of fire hydrant,pull the nozzle,Yes,success
extnigh_fire,COCO_val2014_000000078488.jpg,fire hydrant,extinguish fire,top of fire hydrant,press the nozzle,Yes,success
extnigh_fire,COCO_val2014_000000079034.jpg,fire hydrant,extinguish fire,top of fire hydrant,press the top to release water,Yes,success
extnigh_fire,COCO_val2014_000000079846.jpg,fire hydrant,extinguish fire,top part of fire hydrant,press the handle,Yes,success
extnigh_fire,COCO_val2014_000000079924.jpg,fire hydrant,extinguish fire,top part of fire hydrant,use the top part to spray water,Yes,success
extnigh_fire,COCO_val2014_000000080010.jpg,fire hydrant,extinguish fire,top of fire hydrant,pull the nozzle,Yes,success
extnigh_fire,COCO_val2014_000000080013.jpg,fire hydrant,extinguish fire,top part of hydrant,open valve,Yes,success
extnigh_fire,COCO_val2014_000000084200.jpg,fire hydrant,extinguish fire,top part of fire hydrant,use top part to direct water flow,Yes,success
extnigh_fire,COCO_val2014_000000086133.jpg,fire hydrant,extinguish fire,top part of fire hydrant,press the nozzle,Yes,success
extnigh_fire,COCO_val2014_000000086840.jpg,fire hydrant,extinguish fire,top of fire hydrant,use to put out fire,Yes,success
extnigh_fire,COCO_val2014_000000087244.jpg,fire hydrant,extinguish fire,top part of fire hydrant,pull the handle,Yes,success
extnigh_fire,COCO_val2014_000000087481.jpg,fire hydrant,extinguish fire,top part of fire hydrant,press the nozzle,Yes,success
extnigh_fire,COCO_val2014_000000087875.jpg,fire hydrant,extinguish fire,top of fire hydrant,press the nozzle,Yes,success
extnigh_fire,COCO_val2014_000000088084.jpg,fire hydrant,extinguish fire,top of fire hydrant,pull chain to release water,Yes,success
extnigh_fire,COCO_val2014_000000089395.jpg,fire hydrant,extinguish fire,top of fire hydrant,press the top to release water,Yes,success
extnigh_fire,COCO_val2014_000000092081.jpg,fire hydrant,extinguish fire,top part of fire hydrant,press the button to release water,Yes,success
extnigh_fire,COCO_val2014_000000092187.jpg,wooden figure,extinguish fire,top of wooden figure,use the wooden figure to block the fire,Yes,success
extnigh_fire,COCO_val2014_000000092543.jpg,fire hydrant,extinguish fire,top of fire hydrant,press the top of the fire hydrant,Yes,success
extnigh_fire,COCO_val2014_000000094951.jpg,fire hydrant,extinguish fire,top of fire hydrant,use the nozzle to spray water,Yes,success
extnigh_fire,COCO_val2014_000000097767.jpg,fire hydrant,extinguish fire,body of fire hydrant,pull out hose and spray water,Yes,success
extnigh_fire,COCO_val2014_000000097868.jpg,fire hydrant,extinguish fire,top part of fire hydrant,press the nozzle,Yes,success
extnigh_fire,COCO_val2014_000000102348.jpg,fire hydrant,extinguish fire,top of fire hydrant,use the top to pour water,Yes,success
extnigh_fire,COCO_val2014_000000105885.jpg,fire hydrant,extinguish fire,top part of fire hydrant,turn on the hydrant,Yes,success
extnigh_fire,COCO_val2014_000000105912.jpg,fire hydrant,extinguish fire,top of fire hydrant,use the nozzle to spray water,Yes,success
extnigh_fire,COCO_val2014_000000110460.jpg,fire hydrant,extinguish fire,top of fire hydrant,turn on hydrant,Yes,success
extnigh_fire,COCO_val2014_000000112928.jpg,fire hydrant,extinguish fire,top part of fire hydrant,press the nozzle,Yes,success
extnigh_fire,COCO_val2014_000000117079.jpg,fire hydrant,extinguish fire,top part of fire hydrant,pull the handle,Yes,success
extnigh_fire,COCO_val2014_000000117674.jpg,fire hydrant,extinguish fire,top part of fire hydrant,press the nozzle,Yes,success
extnigh_fire,COCO_val2014_000000117792.jpg,fire hydrant,extinguish fire,top part of fire hydrant,press the nozzle,Yes,success
extnigh_fire,COCO_val2014_000000118715.jpg,fire hydrant,extinguish fire,top of fire hydrant,press the nozzle,Yes,success
extnigh_fire,COCO_val2014_000000118956.jpg,fire hydrant,extinguish fire,top of fire hydrant,press the handle,Yes,success
extnigh_fire,COCO_val2014_000000120905.jpg,fire hydrant,extinguish fire,top part of fire hydrant,turn on valve,Yes,success
extnigh_fire,COCO_val2014_000000123053.jpg,fire hydrant,extinguish fire,top of fire hydrant,turn on hydrant,Yes,success
extnigh_fire,COCO_val2014_000000125084.jpg,fire hydrant,extinguish fire,top of hydrant,press the nozzle,Yes,success
extnigh_fire,COCO_val2014_000000125524.jpg,fire hydrant,extinguish fire,top of fire hydrant,press the top to release water,Yes,success
extnigh_fire,COCO_val2014_000000125643.jpg,fire hydrant,extinguish fire,top of fire hydrant,press the nozzle,Yes,success
extnigh_fire,COCO_val2014_000000127455.jpg,fire hydrant,extinguish fire,top part of fire hydrant,press the button to release water,Yes,success
extnigh_fire,COCO_val2014_000000129187.jpg,fire hydrant,extinguish fire,top part of fire hydrant,pull the handle,Yes,success
extnigh_fire,COCO_val2014_000000129547.jpg,fire hydrant,extinguish fire,top of fire hydrant,press the nozzle,Yes,success
extnigh_fire,COCO_val2014_000000129592.jpg,fire hydrant,extinguish fire,top part of fire hydrant,press the top part to release water,Yes,success
extnigh_fire,COCO_val2014_000000131714.jpg,fire hydrant,extinguish fire,top part of fire hydrant,press the handle,Yes,success
extnigh_fire,COCO_val2014_000000131969.jpg,fire hydrant,extinguish fire,top of fire hydrant,press the nozzle,Yes,success
extnigh_fire,COCO_val2014_000000135763.jpg,fire hydrant,extinguish fire,no specific part mentioned,pull the handle,Yes,success
extnigh_fire,COCO_val2014_000000137634.jpg,fire hydrant,extinguish fire,top of fire hydrant,use to release water,Yes,success
extnigh_fire,COCO_val2014_000000138550.jpg,fire hydrant,extinguish fire,top of fire hydrant,pull the nozzle,Yes,success
extnigh_fire,COCO_val2014_000000142207.jpg,fire hydrant,extinguish fire,top of fire hydrant,pull out hose and spray water,Yes,success
extnigh_fire,COCO_val2014_000000145742.jpg,fire hydrant,extinguish fire,top part of fire hydrant,pull the handle,Yes,success
extnigh_fire,COCO_val2014_000000146451.jpg,fire hydrant,extinguish fire,top part of fire hydrant,pull the handle,Yes,success
extnigh_fire,COCO_val2014_000000147338.jpg,fire hydrant,extinguish fire,top of fire hydrant,press the nozzle,Yes,success
extnigh_fire,COCO_val2014_000000147537.jpg,fire hydrant,extinguish fire,top part of fire hydrant,press the nozzle,Yes,success
extnigh_fire,COCO_val2014_000000147537.jpg,yellow hose,extinguish fire,end of yellow hose,connect to hydrant,Yes,success
extnigh_fire,COCO_val2014_000000148785.jpg,fire hydrant,extinguish fire,top of fire hydrant,pull out the hose from the hydrant,Yes,success
extnigh_fire,COCO_val2014_000000149371.jpg,fire hydrant,extinguish fire,top of fire hydrant,press the handle,Yes,success
extnigh_fire,COCO_val2014_000000150265.jpg,fire hydrant,extinguish fire,top of fire hydrant,press nozzle,Yes,success
extnigh_fire,COCO_val2014_000000152465.jpg,fire hydrant,extinguish fire,top part of fire hydrant,press the valve,Yes,success
extnigh_fire,COCO_val2014_000000156809.jpg,fire hydrant,extinguish fire,top of fire hydrant,press the top to release water,Yes,success
extnigh_fire,COCO_val2014_000000158563.jpg,fire hydrant,extinguish fire,top of fire hydrant,open valve,Yes,success
extnigh_fire,COCO_val2014_000000159203.jpg,fire hydrant,extinguish fire,top of fire hydrant,pull the handle,Yes,success
extnigh_fire,COCO_val2014_000000161010.jpg,fire hydrant,extinguish fire,top of fire hydrant,press the nozzle,Yes,success
extnigh_fire,COCO_val2014_000000164420.jpg,fire hydrant,extinguish fire,top of fire hydrant,press the nozzle,Yes,success
extnigh_fire,COCO_val2014_000000165298.jpg,fire hydrant,extinguish fire,bottom part of fire hydrant,press the valve,Yes,success
extnigh_fire,COCO_val2014_000000165713.jpg,fire hydrant,extinguish fire,top of fire hydrant,use the top of the fire hydrant to connect a hose and spray water,Yes,success
extnigh_fire,COCO_val2014_000000167074.jpg,fire hydrant,extinguish fire,base of fire hydrant,press the nozzle,Yes,success
extnigh_fire,COCO_val2014_000000167422.jpg,fire hydrant,extinguish fire,top of fire hydrant,press the nozzle,Yes,success
extnigh_fire,COCO_val2014_000000168337.jpg,fire hydrant,extinguish fire,top part of fire hydrant,pull the handle,Yes,success
extnigh_fire,COCO_val2014_000000169849.jpg,fire hydrant,extinguish fire,top of fire hydrant,use the top to spray water,Yes,success
extnigh_fire,COCO_val2014_000000171050.jpg,fire hydrant,extinguish fire,top of fire hydrant,press the nozzle,Yes,success
extnigh_fire,COCO_val2014_000000173125.jpg,fire hydrant,extinguish fire,top part of fire hydrant,press the nozzle,Yes,success
extnigh_fire,COCO_val2014_000000177419.jpg,fire hydrant,extinguish fire,top of fire hydrant,use the nozzle to spray water,Yes,success
extnigh_fire,COCO_val2014_000000181742.jpg,fire hydrant,extinguish fire,top part of fire hydrant,press the top part to release water,Yes,success
extnigh_fire,COCO_val2014_000000183884.jpg,fire hydrant,extinguish fire,top of fire hydrant,press the valve to release water,Yes,success
extnigh_fire,COCO_val2014_000000184778.jpg,fire hydrant,extinguish fire,top of hydrant,press down on top of hydrant,Yes,success
extnigh_fire,COCO_val2014_000000185464.jpg,fire hydrant,extinguish fire,top of hydrant,pull the handle,Yes,success
extnigh_fire,COCO_val2014_000000186322.jpg,fire hydrant,extinguish fire,top of fire hydrant,press the nozzle,Yes,success
extnigh_fire,COCO_val2014_000000188674.jpg,vase,extinguish fire,bottom of vase,dip in water,Yes,success
extnigh_fire,COCO_val2014_000000189226.jpg,fire hydrant,extinguish fire,bottom of fire hydrant,pull the handle,Yes,success
extnigh_fire,COCO_val2014_000000190664.jpg,fire hydrant,extinguish fire,top of fire hydrant,press the handle,Yes,success
extnigh_fire,COCO_val2014_000000191296.jpg,fire hydrant,extinguish fire,top part of fire hydrant,press the top part to release water,Yes,success
extnigh_fire,COCO_val2014_000000193717.jpg,fire hydrant,extinguish fire,top part of fire hydrant,press the nozzle,Yes,success
extnigh_fire,COCO_val2014_000000197462.jpg,fire hydrant,extinguish fire,top part of fire hydrant,press the nozzle,Yes,success
extnigh_fire,COCO_val2014_000000197666.jpg,fire hydrant,extinguish fire,top part of fire hydrant,use top part to release water,Yes,success
extnigh_fire,COCO_val2014_000000198811.jpg,fire hydrant,extinguish fire,top of fire hydrant,press the top to release water,Yes,success
extnigh_fire,COCO_val2014_000000198935.jpg,fire hydrant,extinguish fire,top of fire hydrant,pull out the hose,Yes,success
extnigh_fire,COCO_val2014_000000199389.jpg,fire hydrant,extinguish fire,top part of fire hydrant,use to spray water,Yes,success
extnigh_fire,COCO_val2014_000000204871.jpg,fire hydrant,extinguish fire,top of fire hydrant,pull the nozzle,Yes,success
extnigh_fire,COCO_val2014_000000211487.jpg,fire hydrant,extinguish fire,top part of fire hydrant,press the nozzle,Yes,success
extnigh_fire,COCO_val2014_000000216083.jpg,fire hydrant,extinguish fire,top of fire hydrant,press the nozzle,Yes,success
extnigh_fire,COCO_val2014_000000218751.jpg,fire hydrant,extinguish fire,top of fire hydrant,press the nozzle,Yes,success
extnigh_fire,COCO_val2014_000000220621.jpg,fire hydrant,extinguish fire,top part of fire hydrant,press the top part of the fire hydrant,Yes,success
extnigh_fire,COCO_val2014_000000224200.jpg,fire hydrant,extinguish fire,top part of fire hydrant,press the nozzle,Yes,success
extnigh_fire,COCO_val2014_000000229385.jpg,fire hydrant,extinguish fire,top part of fire hydrant,press the top part to release water,Yes,success
extnigh_fire,COCO_val2014_000000236246.jpg,fire hydrant,extinguish fire,top of fire hydrant,press the handle,Yes,success
extnigh_fire,COCO_val2014_000000236904.jpg,fire hydrant,extinguish fire,top part of fire hydrant,press the button to release water,Yes,success
extnigh_fire,COCO_val2014_000000240589.jpg,fire hydrant,extinguish fire,top of fire hydrant,press the nozzle,Yes,success
extnigh_fire,COCO_val2014_000000244019.jpg,fire hydrant,extinguish fire,top part of fire hydrant,pull fire hose,Yes,success
extnigh_fire,COCO_val2014_000000249273.jpg,fire hydrant,extinguish fire,top of fire hydrant,press the valve,Yes,success
extnigh_fire,COCO_val2014_000000252201.jpg,fire hydrant,extinguish fire,top part of fire hydrant,use top part to spray water,Yes,success
extnigh_fire,COCO_val2014_000000255718.jpg,fire hydrant,extinguish fire,top of fire hydrant,use to spray water,Yes,success
extnigh_fire,COCO_val2014_000000262677.jpg,fire hydrant,extinguish fire,top of fire hydrant,use the top to direct water flow,Yes,success
extnigh_fire,COCO_val2014_000000264201.jpg,fire hydrant,extinguish fire,top of fire hydrant,use the top of the fire hydrant to direct water onto the fire,Yes,success
extnigh_fire,COCO_val2014_000000266082.jpg,fire hydrant,extinguish fire,top part of fire hydrant,pull the handle,Yes,success
extnigh_fire,COCO_val2014_000000267164.jpg,fire hydrant,extinguish fire,top of fire hydrant,pull on hose,Yes,success
extnigh_fire,COCO_val2014_000000268641.jpg,fire hydrant,extinguish fire,top of fire hydrant,use to connect hose,Yes,success
extnigh_fire,COCO_val2014_000000269784.jpg,fire hydrant,extinguish fire,top of fire hydrant,press the nozzle,Yes,success
extnigh_fire,COCO_val2014_000000273198.jpg,fire hydrant,extinguish fire,top of fire hydrant,turn off valve,Yes,success
extnigh_fire,COCO_val2014_000000274593.jpg,fire hydrant,extinguish fire,top part of fire hydrant,press the nozzle,Yes,success
extnigh_fire,COCO_val2014_000000279818.jpg,fire hydrant,extinguish fire,top part of fire hydrant,press the nozzle,Yes,success
extnigh_fire,COCO_val2014_000000283054.jpg,fire hydrant,extinguish fire,top part of fire hydrant,press the top part to release water,Yes,success
extnigh_fire,COCO_val2014_000000290002.jpg,fire hydrant,extinguish fire,top of fire hydrant,press the top to release water,Yes,success
extnigh_fire,COCO_val2014_000000291664.jpg,fire hydrant,extinguish fire,top of fire hydrant,press the nozzle,Yes,success
extnigh_fire,COCO_val2014_000000300000.jpg,fire hydrant,extinguish fire,top of fire hydrant,pull the handle,Yes,success
extnigh_fire,COCO_val2014_000000302089.jpg,fire hydrant,extinguish fire,top part of fire hydrant,press the nozzle,Yes,success
extnigh_fire,COCO_val2014_000000303197.jpg,fire hydrant,extinguish fire,top of fire hydrant,press the handle,Yes,success
extnigh_fire,COCO_val2014_000000308167.jpg,fire hydrant,extinguish fire,top of fire hydrant,use the nozzle to spray water,Yes,success
extnigh_fire,COCO_val2014_000000310711.jpg,fire hydrant,extinguish fire,top part of fire hydrant,press the top part to release water,Yes,success
extnigh_fire,COCO_val2014_000000312343.jpg,fire hydrant,extinguish fire,top of fire hydrant,open valve,Yes,success
extnigh_fire,COCO_val2014_000000314430.jpg,fire hydrant,extinguish fire,top of fire hydrant,press the nozzle,Yes,success
extnigh_fire,COCO_val2014_000000315195.jpg,fire hydrant,extinguish fire,top part of fire hydrant,press the nozzle,Yes,success
extnigh_fire,COCO_val2014_000000317087.jpg,fire hydrant,extinguish fire,top part of fire hydrant,press the nozzle,Yes,success
extnigh_fire,COCO_val2014_000000318224.jpg,fire hydrant,extinguish fire,top of fire hydrant,press the top to release water,Yes,success
extnigh_fire,COCO_val2014_000000326312.jpg,fire hydrant,extinguish fire,top part of fire hydrant,press the nozzle,Yes,success
extnigh_fire,COCO_val2014_000000332113.jpg,fire hydrant,extinguish fire,top of fire hydrant,use to connect hose,Yes,success
extnigh_fire,COCO_val2014_000000333826.jpg,fire hydrant,extinguish fire,top of fire hydrant,press the nozzle,Yes,success
extnigh_fire,COCO_val2014_000000335839.jpg,fire hydrant,extinguish fire,base of fire hydrant,pull the handle,Yes,success
extnigh_fire,COCO_val2014_000000335929.jpg,fire hydrant,extinguish fire,top part of fire hydrant,press the nozzle,Yes,success
extnigh_fire,COCO_val2014_000000338191.jpg,fire hydrant,extinguish fire,top part of fire hydrant,press the nozzle,Yes,success
extnigh_fire,COCO_val2014_000000338560.jpg,fire hydrant,extinguish fire,top part of fire hydrant,press the nozzle,Yes,success
extnigh_fire,COCO_val2014_000000338562.jpg,fire hydrant,extinguish fire,top part of fire hydrant,press the nozzle,Yes,success
extnigh_fire,COCO_val2014_000000339469.jpg,fire hydrant,extinguish fire,top of fire hydrant,press the nozzle,Yes,success
extnigh_fire,COCO_val2014_000000344909.jpg,fire hydrant,extinguish fire,top of fire hydrant,press the nozzle,Yes,success
extnigh_fire,COCO_val2014_000000344930.jpg,fire hydrant,extinguish fire,top part of fire hydrant,press the nozzle,Yes,success
extnigh_fire,COCO_val2014_000000348648.jpg,fire hydrant,extinguish fire,top part of fire hydrant,pull the handle,Yes,success
extnigh_fire,COCO_val2014_000000369820.jpg,fire hydrant,extinguish fire,top of fire hydrant,press the nozzle,Yes,success
extnigh_fire,COCO_val2014_000000373705.jpg,fire hydrant,extinguish fire,top part of fire hydrant,press the nozzle,Yes,success
extnigh_fire,COCO_val2014_000000376284.jpg,fire hydrant,extinguish fire,top of fire hydrant,press the nozzle,Yes,success
extnigh_fire,COCO_val2014_000000378831.jpg,fire hydrant,extinguish fire,top of fire hydrant,pull the handle,Yes,success
extnigh_fire,COCO_val2014_000000384616.jpg,fire hydrant,extinguish fire,top of fire hydrant,press the nozzle,Yes,success
extnigh_fire,COCO_val2014_000000386958.jpg,fire hydrant,extinguish fire,top part of fire hydrant,use the top part to direct water flow,Yes,success
extnigh_fire,COCO_val2014_000000387244.jpg,fire hydrant,extinguish fire,top of fire hydrant,press the handle,Yes,success
extnigh_fire,COCO_val2014_000000387244.jpg,hose,extinguish fire,end of hose,connect to the fire hydrant,Yes,success
extnigh_fire,COCO_val2014_000000389340.jpg,fire hydrant,extinguish fire,top part of fire hydrant,pull the handle,Yes,success
extnigh_fire,COCO_val2014_000000390301.jpg,fire hydrant,extinguish fire,top of hydrant,press the top to release water,Yes,success
extnigh_fire,COCO_val2014_000000391161.jpg,fire hydrant,extinguish fire,top of fire hydrant,press the nozzle,Yes,success
extnigh_fire,COCO_val2014_000000395382.jpg,fire hydrant,extinguish fire,top of fire hydrant,press the top to release water,Yes,success
extnigh_fire,COCO_val2014_000000399703.jpg,fire hydrant,extinguish fire,top part of fire hydrant,pull the chain,Yes,success
extnigh_fire,COCO_val2014_000000403295.jpg,fire hydrant,extinguish fire,top part of fire hydrant,press the button to release water,Yes,success
extnigh_fire,COCO_val2014_000000404618.jpg,fire hydrant,extinguish fire,top of fire hydrant,press the top to release water,Yes,success
extnigh_fire,COCO_val2014_000000411313.jpg,fire hydrant,extinguish fire,top of fire hydrant,press the nozzle,Yes,success
extnigh_fire,COCO_val2014_000000415408.jpg,fire hydrant,extinguish fire,top of fire hydrant,pull the handle,Yes,success
extnigh_fire,COCO_val2014_000000427500.jpg,fire hydrant,extinguish fire,top part of fire hydrant,press the handle,Yes,success
extnigh_fire,COCO_val2014_000000427956.jpg,fire hydrant,extinguish fire,top of fire hydrant,use the nozzle to spray water,Yes,success
extnigh_fire,COCO_val2014_000000428125.jpg,fire hydrant,extinguish fire,top part of fire hydrant,pull the handle,Yes,success
extnigh_fire,COCO_val2014_000000431573.jpg,fire hydrant,extinguish fire,top part of fire hydrant,turn on water flow,Yes,success
extnigh_fire,COCO_val2014_000000435703.jpg,fire hydrant,extinguish fire,top of fire hydrant,use the top to direct water,Yes,success
extnigh_fire,COCO_val2014_000000439623.jpg,fire hydrant,extinguish fire,top part of fire hydrant,press the nozzle,Yes,success
extnigh_fire,COCO_val2014_000000439969.jpg,fire hydrant,extinguish fire,top of fire hydrant,press the nozzle,Yes,success
extnigh_fire,COCO_val2014_000000440729.jpg,fire hydrant,extinguish fire,top part of fire hydrant,pull the lever,Yes,success
extnigh_fire,COCO_val2014_000000441468.jpg,fire hydrant,extinguish fire,top part of fire hydrant,press the nozzle,Yes,success
extnigh_fire,COCO_val2014_000000445766.jpg,fire hydrant,extinguish fire,top part of fire hydrant,pull out hose,Yes,success
extnigh_fire,COCO_val2014_000000446218.jpg,fire hydrant,extinguish fire,top of fire hydrant,pull hose from hydrant,Yes,success
extnigh_fire,COCO_val2014_000000453390.jpg,fire hydrant,extinguish fire,top of fire hydrant,press the top to release water,Yes,success
extnigh_fire,COCO_val2014_000000458156.jpg,fire hydrant,extinguish fire,top of fire hydrant,press the nozzle,Yes,success
extnigh_fire,COCO_val2014_000000463303.jpg,fire hydrant,extinguish fire,top of fire hydrant,press the top to release water,Yes,success
extnigh_fire,COCO_val2014_000000463932.jpg,fire hydrant,extinguish fire,top part of fire hydrant,pull the nozzle,Yes,success
extnigh_fire,COCO_val2014_000000466263.jpg,fire hydrant,extinguish fire,top of fire hydrant,pull hose from hydrant,Yes,success
extnigh_fire,COCO_val2014_000000467484.jpg,fire hydrant,extinguish fire,top of fire hydrant,turn on hydrant,Yes,success
extnigh_fire,COCO_val2014_000000469721.jpg,fire hydrant,extinguish fire,top part of fire hydrant,pull chain,Yes,success
extnigh_fire,COCO_val2014_000000469803.jpg,fire hydrant,extinguish fire,top part of fire hydrant,press the nozzle,Yes,success
extnigh_fire,COCO_val2014_000000471350.jpg,fire hydrant,extinguish fire,top of fire hydrant,press the nozzle,Yes,success
extnigh_fire,COCO_val2014_000000476253.jpg,fire hydrant,extinguish fire,top part of fire hydrant,use to spray water,Yes,success
extnigh_fire,COCO_val2014_000000479195.jpg,fire hydrant,extinguish fire,top of fire hydrant,press down on top of hydrant,Yes,success
extnigh_fire,COCO_val2014_000000483941.jpg,fire hydrant,extinguish fire,top part of fire hydrant,press the button to release water,Yes,success
extnigh_fire,COCO_val2014_000000487698.jpg,fire hydrant,extinguish fire,top of fire hydrant,use to put out fire,Yes,success
extnigh_fire,COCO_val2014_000000522301.jpg,fire hydrant,extinguish fire,top of fire hydrant,press the nozzle,Yes,success
extnigh_fire,COCO_val2014_000000534045.jpg,fire hydrant,extinguish fire,top of fire hydrant,open valve,Yes,success
extnigh_fire,COCO_val2014_000000559166.jpg,fire hydrant,extinguish fire,top part of fire hydrant,press the nozzle,Yes,success
extnigh_fire,COCO_val2014_000000569273.jpg,fire hydrant,extinguish fire,top of fire hydrant,pull the handle,Yes,success
open_parcel,000000002093.jpg,scissors,open parcel,handle of scissors,pull open the parcel,Yes,success
open_parcel,000000002093.jpg,blue basket,open parcel,bottom of basket,lift the basket,Yes,success
open_parcel,000000006177.jpg,scissors,open parcel,blade,cut open parcel,Yes,success
open_parcel,000000006406.jpg,scissors,open parcel,handle,pull open the parcel,Yes,success
open_parcel,000000008336.jpg,scissors,open parcel,blade,cut open parcel,Yes,success
open_parcel,000000016928.jpg,scissors,open parcel,handle,pull open,Yes,success
open_parcel,000000022704.jpg,scissors,open parcel,blade,cut open the parcel,Yes,success
open_parcel,000000023093.jpg,scissors,open parcel,handle of scissors,use scissors to cut the parcel open,Yes,success
open_parcel,000000037157.jpg,scissors,open parcel,handle of scissors,pull out the scissors,Yes,success
open_parcel,000000039470.jpg,scissors,open parcel,blade,cut open parcel,Yes,success
open_parcel,000000041478.jpg,scissors,open parcel,handle of scissors,use scissors to cut open the parcel,Yes,success
open_parcel,000000057739.jpg,scissors,open parcel,blades,use blades to cut open parcel,Yes,success
open_parcel,000000057903.jpg,scissors,open parcel,handle,pull the handle to open the parcel,Yes,success
open_parcel,000000059403.jpg,knife,open parcel,blade of knife,use knife to open parcel,Yes,success
open_parcel,000000059403.jpg,bottle,open parcel,top of bottle,use bottle to open parcel,Yes,success
open_parcel,000000064001.jpg,scissors,open parcel,handle,use scissors to cut open the parcel,Yes,success
open_parcel,000000064001.jpg,yarn,open parcel,spool,use yarn to tie a knot around the parcel,Yes,success
open_parcel,000000067765.jpg,scissors,open parcel,handle of scissors,use scissors to cut open parcel,Yes,success
open_parcel,000000067765.jpg,basket,open parcel,handle of basket,use basket to pull open parcel,Yes,success
open_parcel,000000070133.jpg,scissors,open parcel,handle of scissors,use scissors to cut the package open,Yes,success
open_parcel,000000070133.jpg,package,open parcel,top of package,pull the top of the package open,Yes,success
open_parcel,000000082324.jpg,scissors,open parcel,blade of scissors,use scissors to cut the parcel open,Yes,success
open_parcel,000000082324.jpg,lanyard,open parcel,loop of lanyard,pull the lanyard to open the parcel,Yes,success
open_parcel,000000084034.jpg,scissors,open parcel,handle of scissors,pull open the parcel,Yes,success
open_parcel,000000084283.jpg,scissors,open parcel,handle of scissors,use scissors to cut open the parcel,Yes,success
open_parcel,000000084283.jpg,pencil sharpener,open parcel,top of sharpener,use the sharpener to cut open the parcel,Yes,success
open_parcel,000000084283.jpg,pencils,open parcel,ends of pencils,use the pencil tips to cut open the parcel,Yes,success
open_parcel,000000084427.jpg,scissors,open parcel,handle of scissors,pull open the handle,Yes,success
open_parcel,000000084427.jpg,knife,open parcel,blade of knife,cut open the parcel,Yes,success
open_parcel,000000090554.jpg,scissors,open parcel,handle of scissors,pull open the parcel with scissors,Yes,success
open_parcel,000000090554.jpg,brush,open parcel,handle of brush,pull open the parcel with brush,Yes,success
open_parcel,000000090554.jpg,comb,open parcel,handle of comb,pull open the parcel with comb,Yes,success
open_parcel,000000102662.jpg,scissors,open parcel,handle of scissors,use scissors to cut open parcel,Yes,success
open_parcel,000000108695.jpg,scissors,open parcel,handle,use scissors to cut open parcel,Yes,success
open_parcel,000000108695.jpg,parcel,open parcel,top,pull top of parcel open,Yes,success
open_parcel,000000110765.jpg,scissors,open parcel,handle of scissors,use scissors to cut open the parcel,Yes,success
open_parcel,000000113126.jpg,scissors,open parcel,handle,pull open the handle,Yes,success
open_parcel,000000113126.jpg,punch,open parcel,handle,pull open the handle,Yes,success
open_parcel,000000113126.jpg,punch,open parcel,handle,pull open the handle,Yes,success
open_parcel,000000113126.jpg,punch,open parcel,handle,pull open the handle,Yes,success
open_parcel,000000113126.jpg,punch,open parcel,handle,pull open the handle,Yes,success
open_parcel,000000113182.jpg,scissors,open parcel,handle,pull open the parcel with the handle,Yes,success
open_parcel,000000115037.jpg,scissors,open parcel,blade of scissors,use blade to cut open parcel,Yes,success
open_parcel,000000115037.jpg,marker,open parcel,cap of marker,use cap to pry open parcel,Yes,success
open_parcel,000000115158.jpg,scissors,open parcel,handle of scissors,use scissors to cut open parcel,Yes,success
open_parcel,000000121101.jpg,scissors,open parcel,handle of scissors,pull open the parcel with the scissors,Yes,success
open_parcel,000000121226.jpg,knife,open parcel,blade,use knife to cut open parcel,Yes,success
open_parcel,000000121226.jpg,scissors,open parcel,handle,use scissors to cut open parcel,Yes,success
open_parcel,000000125017.jpg,scissors,open parcel,handle of scissors,use scissors to cut open parcel,Yes,success
open_parcel,000000125017.jpg,knife,open parcel,blade of knife,use knife to cut open parcel,Yes,success
open_parcel,000000127167.jpg,scissors,open parcel,orange handle,use scissors to cut open the parcel,Yes,success
open_parcel,000000129192.jpg,scissors,open parcel,handle of scissors,pull open the parcel with scissors,Yes,success
open_parcel,000000131487.jpg,scissors,open parcel,handle of scissors,hold scissors,Yes,success
open_parcel,000000133509.jpg,scissors,open parcel,handle of scissors,use scissors to cut the parcel open,Yes,success
open_parcel,000000135193.jpg,scissors,open parcel,blade of scissors,use scissors to cut open the parcel,Yes,success
open_parcel,000000135193.jpg,measuring tape,open parcel,length of measuring tape,use measuring tape to measure the parcel and cut it open,Yes,success
open_parcel,000000139721.jpg,scissors,open parcel,handle of scissors,use scissors to cut open parcel,Yes,success
open_parcel,000000141400.jpg,scissors,open parcel,handle of scissors,use scissors to cut open the parcel,Yes,success
open_parcel,000000141400.jpg,marker,open parcel,top of marker,use the sharp point of the marker to puncture the parcel,Yes,success
open_parcel,000000141756.jpg,scissors,open parcel,handle of scissors,use scissors to cut open the parcel,Yes,success
open_parcel,000000151790.jpg,scissors,open parcel,handle of scissors,use scissors to cut open the parcel,Yes,success
open_parcel,000000151790.jpg,knife,open parcel,blade of knife,use knife to cut open the parcel,Yes,success
open_parcel,000000168291.jpg,scissors,open parcel,handle of scissors,use scissors to cut open the parcel,Yes,success
open_parcel,000000172324.jpg,scissors,open parcel,handle,hold scissors,Yes,success
open_parcel,000000174135.jpg,scissors,open parcel,handle of scissors,use scissors to cut open the parcel,Yes,success
open_parcel,000000180522.jpg,scissors,open parcel,blade,cut open parcel,Yes,success
open_parcel,000000180522.jpg,pliers,open parcel,jaw,pull open parcel,Yes,success
open_parcel,000000180522.jpg,knife,open parcel,blade,slice open parcel,Yes,success
open_parcel,000000186729.jpg,scissors,open parcel,handle of scissors,use scissors to cut open the parcel,Yes,success
open_parcel,000000186729.jpg,cotton,open parcel,cotton ball,use cotton to stuff the parcel,Yes,success
open_parcel,000000188509.jpg,scissors,open parcel,blade,use blade to cut open parcel,Yes,success
open_parcel,000000188673.jpg,scissors,open parcel,handle of scissors,use scissors to cut open the parcel,Yes,success
open_parcel,000000194595.jpg,scissors,open parcel,handle of scissors,pull the handle to open the parcel,Yes,success
open_parcel,000000201120.jpg,scissors,open parcel,handle of scissors,use scissors to cut the parcel open,Yes,success
open_parcel,000000204969.jpg,scissors,open parcel,handle,pull out the blade,Yes,success
open_parcel,000000205304.jpg,scissors,open parcel,handle of scissors,pull the handle of scissors to open the parcel,Yes,success
open_parcel,000000206998.jpg,scissors,open parcel,handle,pull open the parcel,Yes,success
open_parcel,000000211013.jpg,scissors,open parcel,blue handle,hold the blue handle and pull the paper,Yes,success
open_parcel,000000211041.jpg,scissors,open parcel,handle,grab and pull,Yes,success
open_parcel,000000213070.jpg,scissors,open parcel,handle of scissors,use scissors to cut open the parcel,Yes,success
open_parcel,000000215226.jpg,scissors,open parcel,handle of scissors,use scissors to cut open the parcel,Yes,success
open_parcel,000000215226.jpg,beads,open parcel,beads in the container,use beads to fill the parcel,Yes,success
open_parcel,000000221400.jpg,scissors,open parcel,handle,pull open the parcel with the handle,Yes,success
open_parcel,000000221400.jpg,knife,open parcel,blade,cut open the parcel with the blade,Yes,success
open_parcel,000000221700.jpg,scissors,open parcel,red handles,pull open the parcel with the scissors,Yes,success
open_parcel,000000223362.jpg,scissors,open parcel,handle,hold and pull the blade,Yes,success
open_parcel,000000225654.jpg,scissors,open parcel,handle of scissors,hold scissors near the target,Yes,success
open_parcel,000000237844.jpg,scissors,open parcel,handle of scissors,use scissors to cut open the parcel,Yes,success
open_parcel,000000237844.jpg,laptop,open parcel,laptop screen,use laptop to open the parcel,Yes,success
open_parcel,000000241919.jpg,scissors,open parcel,blade,cut open parcel,Yes,success
open_parcel,000000241919.jpg,pencil,open parcel,pointed end,scratch open parcel,Yes,success
open_parcel,000000241919.jpg,ruler,open parcel,edge,rip open parcel,Yes,success
open_parcel,000000243820.jpg,scissors,open parcel,handle of scissors,use scissors to cut open parcel,Yes,success
open_parcel,000000254007.jpg,scissors,open parcel,handle of scissors,use scissors to cut the tape and open the parcel,Yes,success
open_parcel,000000254167.jpg,scissors,open parcel,blade,cut open parcel,Yes,success
open_parcel,000000258135.jpg,scissors,open parcel,handle,pull open,Yes,success
open_parcel,000000260167.jpg,scissors,open parcel,yellow handle,use scissors to cut open the parcel,Yes,success
open_parcel,000000264769.jpg,scissors,open parcel,handle of scissors,use scissors to cut open parcel,Yes,success
open_parcel,000000264769.jpg,pliers,open parcel,prongs of pliers,use pliers to cut open parcel,Yes,success
open_parcel,000000266379.jpg,cat,open parcel,body,simple action,Yes,success
open_parcel,000000266379.jpg,scissors,open parcel,handle,simple action,Yes,success
open_parcel,000000266487.jpg,scissors,open parcel,handle of scissors,pull the handle of scissors,Yes,success
open_parcel,000000268733.jpg,scissors,open parcel,blade,cut open parcel,Yes,success
open_parcel,000000278573.jpg,scissors,open parcel,blade of scissors,cut open parcel,Yes,success
open_parcel,000000281122.jpg,scissors,open parcel,handle of scissors,use scissors to cut open the parcel,Yes,success
open_parcel,000000282667.jpg,scissors,open parcel,handle of scissors,use scissors to cut open parcel,Yes,success
open_parcel,000000282703.jpg,scissors,open parcel,handle of scissors,use scissors to cut open parcel,Yes,success
open_parcel,000000282703.jpg,glue gun,open parcel,trigger of glue gun,pull trigger of glue gun to apply glue to parcel,Yes,success
open_parcel,000000282841.jpg,scissors,open parcel,blade of scissors,cut open parcel,Yes,success
open_parcel,000000282841.jpg,parcel,open parcel,edge of parcel,tear open parcel,Yes,success
open_parcel,000000284794.jpg,scissors,open parcel,red handles,use scissors to cut open parcel,Yes,success
open_parcel,000000287098.jpg,scissors,open parcel,handle of scissors,use scissors to cut open parcel,Yes,success
open_parcel,000000287098.jpg,parcel,open parcel,front of parcel,pull open parcel,Yes,success
open_parcel,000000292912.jpg,scissors,open parcel,handle of scissors,use scissors to cut open parcel,Yes,success
open_parcel,000000292912.jpg,knife,open parcel,blade of knife,use knife to cut open parcel,Yes,success
open_parcel,000000295135.jpg,scissors,open parcel,handle of scissors,grab scissors and cut paper,Yes,success
open_parcel,000000299349.jpg,scissors,open parcel,handle of scissors,grab and pull,Yes,success
open_parcel,000000303485.jpg,scissors,open parcel,handle of scissors,hold scissors,Yes,success
open_parcel,000000305713.jpg,scissors,open parcel,blade,cut open parcel,Yes,success
open_parcel,000000309695.jpg,scissors,open parcel,handle of scissors,hold paper with scissors,Yes,success
open_parcel,000000311635.jpg,scissors,open parcel,handle of scissors,pull the handle,Yes,success
open_parcel,000000313465.jpg,knife,open parcel,blade,slice open,Yes,success
open_parcel,000000313465.jpg,scissors,open parcel,handle,cut open,Yes,success
open_parcel,000000315938.jpg,bottle,open parcel,top of bottle,pull off the top,Yes,success
open_parcel,000000315938.jpg,scissors,open parcel,blade of scissors,cut the tape,Yes,success
open_parcel,000000317512.jpg,scissors,open parcel,blade of scissors,use blade to cut open parcel,Yes,success
open_parcel,000000317806.jpg,scissors,open parcel,blade,cut open the parcel,Yes,success
open_parcel,000000317806.jpg,pencil,open parcel,top,insert the pencil into the parcel,Yes,success
open_parcel,000000317806.jpg,pencil sharpener,open parcel,top,insert the pencil sharpener into the parcel,Yes,success
open_parcel,000000321610.jpg,scissors,open parcel,handle of scissors,pull the thread or ribbon,Yes,success
open_parcel,000000325801.jpg,scissors,open parcel,handle of scissors,use scissors to cut open parcel,Yes,success
open_parcel,000000325801.jpg,camera,open parcel,camera body,use camera to take picture of parcel,Yes,success
open_parcel,000000326035.jpg,scissors,open parcel,blade of scissors,cut the parcel,Yes,success
open_parcel,000000335914.jpg,scissors,open parcel,handle of scissors,pull open the handle,Yes,success
open_parcel,000000336046.jpg,scissors,open parcel,blade of scissors,cut fabric,Yes,success
open_parcel,000000336046.jpg,thread,open parcel,spool of thread,pull thread,Yes,success
open_parcel,000000344555.jpg,scissors,open parcel,blade of scissors,use to cut the parcel,Yes,success
open_parcel,000000344555.jpg,sewing needle,open parcel,pointed end of needle,use to pierce the parcel,Yes,success
open_parcel,000000350549.jpg,scissors,open parcel,blade of scissors,cut the parcel,Yes,success
open_parcel,000000363080.jpg,can,open parcel,top of can,use can opener,Yes,success
open_parcel,000000363080.jpg,package,open parcel,top of package,use knife,Yes,success
open_parcel,000000364656.jpg,scissors,open parcel,handle of scissors,pull the handle of scissors,Yes,success
open_parcel,000000367100.jpg,scissors,open parcel,handle of scissors,use scissors to cut the parcel open,Yes,success
open_parcel,000000371157.jpg,scissors,open parcel,blade of scissors,use scissors to cut open the parcel,Yes,success
open_parcel,000000371157.jpg,pencil,open parcel,pointed end of pencil,use the pointed end of the pencil to pierce the parcel,Yes,success
open_parcel,000000374994.jpg,scissors,open parcel,blade,cut open parcel,Yes,success
open_parcel,000000374994.jpg,knife,open parcel,blade,cut open parcel,Yes,success
open_parcel,000000374994.jpg,parcel,open parcel,any part,pull open parcel,Yes,success
open_parcel,000000376848.jpg,scissors,open parcel,handle of scissors,use scissors to cut open the box,Yes,success
open_parcel,000000376848.jpg,box,open parcel,top of box,open the box,Yes,success
open_parcel,000000387338.jpg,scissors,open parcel,handle of scissors,hold scissors open,Yes,success
open_parcel,000000389200.jpg,scissors,open parcel,handle of scissors,use scissors to cut open parcel,Yes,success
open_parcel,000000389326.jpg,scissors,open parcel,blades,pull open the parcel with the blades,Yes,success
open_parcel,000000389326.jpg,knife,open parcel,blade,use the blade to cut open the parcel,Yes,success
open_parcel,000000389335.jpg,scissors,open parcel,scissors,use scissors to cut open the parcel,Yes,success
open_parcel,000000393696.jpg,scissors,open parcel,handle of scissors,use scissors to cut open the parcel,Yes,success
open_parcel,000000395293.jpg,scissors,open parcel,blade of scissors,cut the thread,Yes,success
open_parcel,000000395293.jpg,ruler,open parcel,edge of ruler,align the ruler with the edge of the parcel,Yes,success
open_parcel,000000395293.jpg,thread,open parcel,spool of thread,pull the thread to open the parcel,Yes,success
open_parcel,000000399873.jpg,scissors,open parcel,handle of scissors,use scissors to cut the parcel,Yes,success
open_parcel,000000403910.jpg,scissors,open parcel,handle,pull open the parcel,Yes,success
open_parcel,000000403936.jpg,knife,open parcel,blade,slice through the parcel,Yes,success
open_parcel,000000414122.jpg,scissors,open parcel,handle of scissors,pull open the parcel with scissors,Yes,success
open_parcel,000000418141.jpg,knife,open parcel,blade,cut open the parcel,Yes,success
open_parcel,000000418141.jpg,scissors,open parcel,blade,cut open the parcel,Yes,success
open_parcel,000000424.jpg,knife,open parcel,blade of knife,cut open the parcel,Yes,success
open_parcel,000000424.jpg,fork,open parcel,handle of fork,use fork to pry open the parcel,Yes,success
open_parcel,000000424.jpg,plate,open parcel,edge of plate,use plate to pry open the parcel,Yes,success
open_parcel,000000424.jpg,butter,open parcel,top of butter,use butter to help open the parcel,Yes,success
open_parcel,000000436319.jpg,scissors,open parcel,orange handle,simple action,Yes,success
open_parcel,000000436319.jpg,t-shirt,open parcel,front of t-shirt,simple action,Yes,success
open_parcel,000000438447.jpg,scissors,open parcel,handle,pull the handle,Yes,success
open_parcel,000000442443.jpg,scissors,open parcel,blade,use blade to cut open parcel,Yes,success
open_parcel,000000442443.jpg,knife,open parcel,blade,use blade to cut open parcel,Yes,success
open_parcel,000000444682.jpg,scissors,open parcel,handle of scissors,use scissors to cut open the parcel,Yes,success
open_parcel,000000444682.jpg,pen,open parcel,tip of pen,use the tip of the pen to puncture the parcel,Yes,success
open_parcel,000000444941.jpg,laptop,open parcel,laptop screen,use the laptop screen to open the parcel,Yes,success
open_parcel,000000444941.jpg,scissors,open parcel,scissors blade,use the scissors blade to cut the parcel,Yes,success
open_parcel,000000450963.jpg,scissors,open parcel,handle,pull out the blade,Yes,success
open_parcel,000000450963.jpg,paintbrush,open parcel,brush,use the brush to remove tape,Yes,success
open_parcel,000000450963.jpg,tape,open parcel,roll,tear off a piece of tape,Yes,success
open_parcel,000000450977.jpg,scissors,open parcel,handle of scissors,use scissors to cut open parcel,Yes,success
open_parcel,000000463070.jpg,scissors,open parcel,handle of scissors,hold scissors,Yes,success
open_parcel,000000463226.jpg,scissors,open parcel,blue handles,use scissors to cut open the parcel,Yes,success
open_parcel,000000463226.jpg,sewn fabric,open parcel,blue and red pattern,use the sewn fabric to pull open the parcel,Yes,success
open_parcel,000000467325.jpg,scissors,open parcel,handle of scissors,hold scissors near the parcel,Yes,success
open_parcel,000000473678.jpg,scissors,open parcel,handle of scissors,use scissors to cut open the parcel,Yes,success
open_parcel,000000479508.jpg,scissors,open parcel,blade of scissors,cut the thread,Yes,success
open_parcel,000000485481.jpg,knife,open parcel,blade of knife,use knife to cut open parcel,Yes,success
open_parcel,000000485481.jpg,plate,open parcel,edge of plate,use plate to hold open parcel,Yes,success
open_parcel,000000489771.jpg,scissors,open parcel,handle of scissors,pull open the parcel,Yes,success
open_parcel,000000489771.jpg,paper,open parcel,edge of paper,tear open the parcel,Yes,success
open_parcel,000000499957.jpg,scissors,open parcel,blade of scissors,cut open parcel,Yes,success
open_parcel,000000504152.jpg,scissors,open parcel,blade,cut open parcel,Yes,success
open_parcel,000000504152.jpg,knife,open parcel,blade,cut open parcel,Yes,success
open_parcel,000000504152.jpg,parcel,open parcel,front,pull open parcel,Yes,success
open_parcel,000000506444.jpg,scissors,open parcel,handle,pull open,Yes,success
open_parcel,000000506444.jpg,knife,open parcel,blade,cut open,Yes,success
open_parcel,000000510399.jpg,knife,open parcel,blade of knife,use knife to cut open parcel,Yes,success
open_parcel,000000510399.jpg,scissors,open parcel,scissors,use scissors to cut open parcel,Yes,success
open_parcel,000000514404.jpg,scissors,open parcel,handle of scissors,pull the handle,Yes,success
open_parcel,000000524645.jpg,scissors,open parcel,handle of scissors,use scissors to cut open parcel,Yes,success
open_parcel,000000524834.jpg,scissors,open parcel,handle of scissors,use scissors to cut open the parcel,Yes,success
open_parcel,000000526827.jpg,scissors,open parcel,handle,pull open the handle,Yes,success
open_parcel,000000528579.jpg,chopsticks,open parcel,tips of chopsticks,use chopsticks to open parcel,Yes,success
open_parcel,000000528579.jpg,knife,open parcel,blade of knife,use knife to cut open parcel,Yes,success
open_parcel,000000532827.jpg,scissors,open parcel,blade of scissors,cut open parcel,Yes,success
open_parcel,000000532827.jpg,parcel,open parcel,top of parcel,pull open parcel,Yes,success
open_parcel,000000532967.jpg,scissors,open parcel,handle,pull the handle to open the parcel,Yes,success
open_parcel,000000536605.jpg,scissors,open parcel,handle,grab and pull,Yes,success
open_parcel,000000545071.jpg,box,open parcel,top of box,pull top of box,Yes,success
open_parcel,000000546846.jpg,scissors,open parcel,handle of scissors,use scissors to cut open the parcel,Yes,success
open_parcel,000000546846.jpg,package,open parcel,top of package,pull on the top of the package to open it,Yes,success
open_parcel,000000547147.jpg,scissors,open parcel,blade,cut open parcel,Yes,success
open_parcel,000000547154.jpg,scissors,open parcel,orange handles,use to cut open the parcel,Yes,success
open_parcel,000000547154.jpg,knife,open parcel,blade,use to cut open the parcel,Yes,success
open_parcel,000000548936.jpg,scissors,open parcel,handle of scissors,use scissors to cut open parcel,Yes,success
open_parcel,000000549171.jpg,scissors,open parcel,handle of scissors,hold scissors open,Yes,success
open_parcel,000000550978.jpg,scissors,open parcel,handle of scissors,use scissors to cut open parcel,Yes,success
open_parcel,000000552974.jpg,knife,open parcel,blade,open parcel,Yes,success
open_parcel,000000559262.jpg,scissors,open parcel,blade,cut open parcel,Yes,success
open_parcel,000000561314.jpg,scissors,open parcel,blade of scissors,cut the paper,Yes,success
open_parcel,000000561369.jpg,scissors,open parcel,handle of scissors,use scissors to cut open parcel,Yes,success
open_parcel,000000563763.jpg,scissors,open parcel,blade of scissors,cut parcel,Yes,success
open_parcel,000000573973.jpg,scissors,open parcel,handle of scissors,use scissors to cut open parcel,Yes,success
open_parcel,000000577759.jpg,scissors,open parcel,handle of scissors,pull the handle of scissors,Yes,success
open_parcel,000000578114.jpg,scissors,open parcel,handle,pull out the blade,Yes,success
open_parcel,000000578114.jpg,knife,open parcel,blade,cut open the parcel,Yes,success
open_parcel,000009939.jpg,toaster,open parcel,top of toaster,press the toaster to open the top,Yes,success
open_parcel,000014871.jpg,knife,open parcel,blade,pull out the blade,Yes,success
open_parcel,000014877.jpg,knife,open parcel,blade,use blade to cut open the parcel,Yes,success
open_parcel,000014877.jpg,paracord strap,open parcel,loop,use the loop to pull open the parcel,Yes,success
open_parcel,000014882.jpg,knife,open parcel,blade,use the blade to cut the package open,Yes,success
open_parcel,000014882.jpg,package,open parcel,front,pull the package open,Yes,success
open_parcel,000014970.jpg,knife,open parcel,blade,use the blade to cut open the parcel,Yes,success
open_parcel,000014988.jpg,knife,open parcel,blade,slice through the parcel,Yes,success
open_parcel,000014994.jpg,knife,open parcel,blade,use blade to cut open parcel,Yes,success
open_parcel,000014995.jpg,knife,open parcel,blade,use the blade to cut open the parcel,Yes,success
open_parcel,000014995.jpg,box,open parcel,front,use the box to open the parcel,Yes,success
open_parcel,000015037.jpg,knife,open parcel,blade,cut open parcel,Yes,success
open_parcel,000016787.jpg,knife,open parcel,blade,use blade to cut open the parcel,Yes,success
open_parcel,000016788.jpg,,,,,No,timeout
open_parcel,000041637.jpg,knife,open parcel,blade,simple action,Yes,success
open_parcel,000041638.jpg,knife,open parcel,blade,pull out the blade,Yes,success
open_parcel,000041654.jpg,knife,open parcel,blade,pull out blade,Yes,success
open_parcel,000041654.jpg,scissors,open parcel,cutting edge,open scissors,Yes,success
open_parcel,000041655.jpg,Victorinox pocket knife,open parcel,blade,pull out the blade,Yes,success
open_parcel,000041663.jpg,knife,open parcel,blade,pull out the blade,Yes,success
open_parcel,000041663.jpg,corkscrew,open parcel,corkscrew,rotate the corkscrew,Yes,success
open_parcel,000041669.jpg,knife,open parcel,blade,pull out blade,Yes,success
open_parcel,000041676.jpg,knife,open parcel,blade,cut open the parcel,Yes,success
open_parcel,000041697.jpg,knife,open parcel,blade,use the blade to cut open the parcel,Yes,success
open_parcel,000041851.jpg,gun,open parcel,trigger,pull trigger,Yes,success
open_parcel,000041851.jpg,bullet,open parcel,body of bullet,insert into gun,Yes,success
open_parcel,000054753.jpg,knife,open parcel,handle of knife,use knife to cut open parcel,Yes,success
open_parcel,000054753.jpg,fork,open parcel,handle of fork,use fork to cut open parcel,Yes,success
open_parcel,000057341.jpg,grill,open parcel,top part of grill,lift the lid,Yes,success
open_parcel,000063884.jpg,knife,open parcel,blade,use blade to cut open the parcel,Yes,success
open_parcel,000063884.jpg,sheath,open parcel,handle,use handle to pry open the parcel,Yes,success
open_parcel,000063890.jpg,knife,open parcel,blade,cut open the parcel,Yes,success
open_parcel,000063890.jpg,scissors,open parcel,blade,cut open the parcel,Yes,success
open_parcel,000063896.jpg,knife,open parcel,blade,pull out the blade,Yes,success
open_parcel,000063909.jpg,knife,open parcel,blade,use blade to cut open the parcel,Yes,success
open_parcel,000063909.jpg,sheath,open parcel,front,use sheath to pull open the parcel,Yes,success
open_parcel,000064019.jpg,knife,open parcel,blade,slice through the parcel,Yes,success
open_parcel,000064025.jpg,knife,open parcel,blade,use the blade to cut open the parcel,Yes,success
open_parcel,000064027.jpg,knife,open parcel,blade,use the blade to cut open the parcel,Yes,success
open_parcel,000064031.jpg,knife,open parcel,blade,slice open,Yes,success
open_parcel,000064035.jpg,knife,open parcel,blade,use the sharp edge to cut open the parcel,Yes,success
open_parcel,000064047.jpg,knife,open parcel,blade,slice through the parcel,Yes,success
open_parcel,000064059.jpg,knife,open parcel,blade,use the sharp edge to cut open the parcel,Yes,success
open_parcel,000064062.jpg,knife,open parcel,blade,use the sharp edge to cut open the parcel,Yes,success
open_parcel,000064083.jpg,knife,open parcel,blade,use blade to cut open the parcel,Yes,success
open_parcel,000064257.jpg,knife,open parcel,blade,cut open the parcel,Yes,success
open_parcel,000066989.jpg,knife,open parcel,blade,use blade to cut open parcel,Yes,success
open_parcel,0_1014_4346351458_36a917829e_c.jpg,knife,open parcel,blade,use knife to cut open the parcel,Yes,success
open_parcel,0_1014_4346351458_36a917829e_c.jpg,plastic wrap,open parcel,hand holding the wrap,use the plastic wrap to help open the parcel,Yes,success
open_parcel,0_1052_5313233216_58f30b3bba_c.jpg,knife,open parcel,blade of knife,use knife to cut open pumpkin,Yes,success
open_parcel,0_1052_5313233216_58f30b3bba_c.jpg,pumpkin,open parcel,inside of pumpkin,use knife to scoop out pumpkin seeds and pulp,Yes,success
open_parcel,0_1148_15289399643_11dbdbee3e_c.jpg,knife,open parcel,blade,cut open parcel,Yes,success
open_parcel,0_1351_23305720039_62f07ecb25_c.jpg,knife,open parcel,blade,cut open parcel,Yes,success
open_parcel,0_1351_23305720039_62f07ecb25_c.jpg,scissors,open parcel,blades,cut open parcel,Yes,success
open_parcel,0_1380_4122254951_f30f02f07a_c.jpg,knife,open parcel,blade of knife,use knife to cut open parcel,Yes,success
open_parcel,0_1380_4122254951_f30f02f07a_c.jpg,parlour,open parcel,front of parcel,use hands to open parcel,Yes,success
open_parcel,0_150_8005156115_3c83582125_c.jpg,knife,open parcel,blade,cut open parcel,Yes,success
open_parcel,0_1561_6953910234_3d4ca333a0_c.jpg,parcel,,,,No,success
open_parcel,0_1561_6953910234_3d4ca333a0_c.jpg,spatula,open parcel,handle of spatula,use spatula to open parcel,Yes,success
open_parcel,0_1671_43854965525_6777178487_c.jpg,knife,open parcel,blade,slice through the fish,Yes,success
open_parcel,0_1671_43854965525_6777178487_c.jpg,cutting board,open parcel,surface,place the fish on the cutting board,Yes,success
open_parcel,0_193_2543119704_765bcf0b91_c.jpg,knife,open parcel,blade,cut open parcel,Yes,success
open_parcel,0_193_2543119704_765bcf0b91_c.jpg,fork,open parcel,tine,tear open parcel,Yes,success
open_parcel,0_1992_38123540446_86e3b8f9cb_c.jpg,knife,open parcel,blade,use knife to cut open parcel,Yes,success
open_parcel,0_1992_38123540446_86e3b8f9cb_c.jpg,basket,open parcel,handle,use basket to hold open parcel,Yes,success
open_parcel,0_2015_3842202085_416d1dfce9_c.jpg,knife,open parcel,blade of knife,use knife to cut open parcel,Yes,success
open_parcel,0_2015_3842202085_416d1dfce9_c.jpg,fork,open parcel,handle of fork,use fork to pry open parcel,Yes,success
open_parcel,0_2024_38531349000_4d2a11eb58_c.jpg,knife,open parcel,blade,cut open parcel,Yes,success
open_parcel,0_2024_38531349000_4d2a11eb58_c.jpg,scissors,open parcel,blades,cut open parcel,Yes,success
open_parcel,0_2203_5295648781_893c4cb2a1_c.jpg,knife,open parcel,blade of knife,use knife to cut open parcel,Yes,success
open_parcel,0_2203_5295648781_893c4cb2a1_c.jpg,plate,open parcel,edge of plate,use edge of plate to cut open parcel,Yes,success
open_parcel,0_2302_2636724828_677a5023f2_c.jpg,knife,open parcel,handle of knife,use knife to cut open parcel,Yes,success
open_parcel,0_2302_2636724828_677a5023f2_c.jpg,fork,open parcel,handle of fork,use fork to cut open parcel,Yes,success
open_parcel,0_2573_1514255359_8c4c61b35e_c.jpg,knife,open parcel,blade,cut open parcel,Yes,success
open_parcel,0_2660_13311680674_898d74cd50_c.jpg,knife,open parcel,blade,use to cut open parcel,Yes,success
open_parcel,0_2660_13311680674_898d74cd50_c.jpg,fork,open parcel,handle,use to pry open parcel,Yes,success
open_parcel,0_2660_13311680674_898d74cd50_c.jpg,bottle,open parcel,cap,use to pry open parcel,Yes,success
open_parcel,0_2977_5243437696_f3e290f9b7_c.jpg,knife,open parcel,blade,use knife to open parcel,Yes,success
open_parcel,0_2977_5243437696_f3e290f9b7_c.jpg,bottle,open parcel,top,open parcel with bottle,Yes,success
open_parcel,0_2996_5722655826_951d2e532d_c.jpg,knife,open parcel,blade of knife,cut open parcel,Yes,success
open_parcel,0_2996_5722655826_951d2e532d_c.jpg,fork,open parcel,handle of fork,pull open parcel,Yes,success
open_parcel,0_2996_5722655826_951d2e532d_c.jpg,tablecloth,open parcel,area under tablecloth,unroll tablecloth,Yes,success
open_parcel,0_2996_6124283351_494afd7a3c_c.jpg,knife,open parcel,blade,cut open parcel,Yes,success
open_parcel,0_2996_6124283351_494afd7a3c_c.jpg,fork,open parcel,handle,pull open parcel,Yes,success
open_parcel,0_2996_6124283351_494afd7a3c_c.jpg,bottle,open parcel,top,open parcel,Yes,success
open_parcel,0_302_2713649919_44ecb0af6d_c.jpg,knife,open parcel,blade of knife,use knife to cut parcel,Yes,success
open_parcel,0_302_2713649919_44ecb0af6d_c.jpg,parcel,open parcel,top of parcel,pull open parcel,Yes,success
open_parcel,0_391_3791792869_9de59e8d25_c.jpg,fork,open parcel,handle of fork,use fork to tear open parcel,Yes,success
open_parcel,0_391_3791792869_9de59e8d25_c.jpg,napkin,open parcel,folded part of napkin,use napkin to wrap around parcel,Yes,success
open_parcel,0_718_5089709105_2da17da2b4_c.jpg,knife,open parcel,blade of knife,use knife to cut open parcel,Yes,success
open_parcel,0_718_5089709105_2da17da2b4_c.jpg,chopping board,open parcel,surface of chopping board,place chopping board on top of parcel,Yes,success
open_parcel,0_869_14742525968_baf5a7bddb_c.jpg,knife,open parcel,blade,slice through the parcel,Yes,success
open_parcel,0_869_14742525968_baf5a7bddb_c.jpg,plate,open parcel,edge,slide the plate to open the parcel,Yes,success
open_parcel,0_908_5011611504_08bcd2a7df_c.jpg,knife,open parcel,blade of knife,use knife to cut open parcel,Yes,success
open_parcel,0_908_5011611504_08bcd2a7df_c.jpg,bottle,open parcel,top of bottle,open bottle to access contents,Yes,success
open_parcel,0_951_4951666331_8ff2b59de5_c.jpg,knife,open parcel,blade,cut open parcel,Yes,success
open_parcel,0_980_5511884080_9f4f6e9a4a_c.jpg,knife,open parcel,blade of knife,use knife to open parcel,Yes,success
open_parcel,0_980_5511884080_9f4f6e9a4a_c.jpg,bottle,open parcel,top of bottle,open bottle to access contents,Yes,success
open_parcel,0_998_10287257726_83eac93346_c.jpg,scissors,open parcel,blade of scissors,use scissors to cut open parcel,Yes,success
open_parcel,0_998_10287257726_83eac93346_c.jpg,knife,open parcel,blade of knife,use knife to cut open parcel,Yes,success
open_parcel,10_1106_31798778532_5fb44e1fde_c.jpg,knife,open parcel,blade,use to cut open the parcel,Yes,success
open_parcel,10_1382_2979976202_0122a600a5_c.jpg,knife,open parcel,blade of knife,use knife to cut open parcel,Yes,success
open_parcel,10_1382_2979976202_0122a600a5_c.jpg,plate,open parcel,edge of plate,use plate to hold open parcel,Yes,success
open_parcel,10_1440_15265162343_bdeee9f41b_c.jpg,knife,open parcel,blade of knife,cut open the parcel,Yes,success
open_parcel,10_1440_15265162343_bdeee9f41b_c.jpg,cutting board,open parcel,surface of cutting board,place the parcel on the cutting board,Yes,success
open_parcel,10_1717_11051140296_138978707d_c.jpg,knife,open parcel,blade of knife,use knife to cut open parcel,Yes,success
open_parcel,10_1717_11051140296_138978707d_c.jpg,tinfoil,open parcel,tinfoil,use tinfoil to wrap and protect open parcel,Yes,success
open_parcel,10_1894_30708573020_c6498872cf_c.jpg,knife,open parcel,blade of knife,simple action,Yes,success
open_parcel,10_1894_30708573020_c6498872cf_c.jpg,spoon,open parcel,handle of spoon,simple action,Yes,success
open_parcel,10_1894_30708573020_c6498872cf_c.jpg,candle,open parcel,candle,simple action,Yes,success
open_parcel,10_2124_5169158431_0235ce3a30_c.jpg,knife,open parcel,blade of knife,cut open parcel,Yes,success
open_parcel,10_2124_5169158431_0235ce3a30_c.jpg,knife blade,,,,No,success
open_parcel,10_762_30160651424_73c81e438b_c.jpg,knife,open parcel,blade,use to cut open parcel,Yes,success
open_parcel,10_762_30160651424_73c81e438b_c.jpg,plate,open parcel,edge,use to hold open parcel,Yes,success
open_parcel,11_1056_8071524413_57b6193694_c.jpg,bottle,open parcel,top of bottle,unscrew the top,Yes,success
open_parcel,11_1103_5318557250_61b7f77706_c.jpg,spatula,open parcel,handle of spatula,use spatula to open parcel,Yes,success
open_parcel,11_1114_759604439_d3c41dc192_c.jpg,hand,open parcel,glove,use glove to open parcel,Yes,success
open_parcel,11_1246_232627405_8d23bccd00_c.jpg,knife,open parcel,blade of knife,use knife to cut open parcel,Yes,success
open_parcel,11_1246_232627405_8d23bccd00_c.jpg,bottle,open parcel,bottle cap,use bottle cap to open parcel,Yes,success
open_parcel,11_1269_37225602900_3fcef0e000_c.jpg,knife,open parcel,blade of knife,slice through the parcel,Yes,success
open_parcel,11_1480_285736234_8205d5aebd_c.jpg,fork,open parcel,handle of fork,simple action,Yes,success
open_parcel,11_1480_285736234_8205d5aebd_c.jpg,knife,open parcel,blade of knife,simple action,Yes,success
open_parcel,11_1480_285736234_8205d5aebd_c.jpg,napkin,open parcel,folded part of napkin,simple action,Yes,success
open_parcel,11_1480_285736234_8205d5aebd_c.jpg,bottle,open parcel,neck of bottle,simple action,Yes,success
open_parcel,11_270_6433950727_9d81a83b75_c.jpg,knife,open parcel,blade,use blade to cut open parcel,Yes,success
open_parcel,11_270_6433950727_9d81a83b75_c.jpg,scissors,open parcel,blades,use blades to cut open parcel,Yes,success
open_parcel,11_270_6433950727_9d81a83b75_c.jpg,hammer,open parcel,handle,use handle to pry open parcel,Yes,success
open_parcel,11_447_8262003325_7178b2caf8_c.jpg,knife,open parcel,blade,use blade to cut open parcel,Yes,success
open_parcel,11_447_8262003325_7178b2caf8_c.jpg,scoop,open parcel,handle,use handle to pry open parcel,Yes,success
open_parcel,11_842_8626385965_15ebb367f5_c.jpg,knife,open parcel,blade,use to cut open the parcel,Yes,success
open_parcel,11_842_8626385965_15ebb367f5_c.jpg,plate,open parcel,edge,use to hold the parcel open,Yes,success
open_parcel,11_979_236359090_fc179f7572_c.jpg,fork,open parcel,handle of fork,simple action,Yes,success
open_parcel,11_979_236359090_fc179f7572_c.jpg,knife,open parcel,blade of knife,simple action,Yes,success
open_parcel,12_1208_34403657832_02b3091d8c_c.jpg,knife,open parcel,blade of knife,use knife to cut open parcel,Yes,success
open_parcel,12_1208_34403657832_02b3091d8c_c.jpg,bottle,open parcel,top of bottle,unscrew top of bottle to open parcel,Yes,success
open_parcel,12_225_37986538605_e4c239aa95_c.jpg,knife,open parcel,blade,use blade to cut open parcel,Yes,success
open_parcel,12_301_262073984_9fbc96eeb3_c.jpg,scissors,open parcel,blade,cut open parcel,Yes,success
open_parcel,12_301_262073984_9fbc96eeb3_c.jpg,knife,open parcel,blade,cut open parcel,Yes,success
open_parcel,12_324_9186337173_bf2b581b03_c.jpg,corkscrew,open parcel,handle,rotate handle,Yes,success
open_parcel,12_418_8108784028_3c0dfe4e17_c.jpg,knife,open parcel,blade,slice open parcel,Yes,success
open_parcel,12_444_2969574015_44c34dfa69_c.jpg,knife,open parcel,blade,slice through the parcel,Yes,success
open_parcel,12_598_9463602882_4b79f79642_c.jpg,knife,open parcel,blade of knife,cut open the parcel,Yes,success
open_parcel,12_664_6446606101_c191f54d7b_c.jpg,knife,open parcel,blade of knife,use knife to cut open parcel,Yes,success
open_parcel,12_664_6446606101_c191f54d7b_c.jpg,plate,open parcel,edge of plate,use plate to hold open parcel,Yes,success
open_parcel,12_726_50692812137_9d70f493e1_c.jpg,knife,open parcel,blade of knife,use blade to cut through the parcel,Yes,success
open_parcel,12_726_50692812137_9d70f493e1_c.jpg,plate,open parcel,center of plate,use plate to hold the parcel open,Yes,success
open_parcel,12_829_15176395975_ee57b8e4f3_c.jpg,knife,open parcel,blade of knife,use blade to cut open parcel,Yes,success
open_parcel,12_829_15176395975_ee57b8e4f3_c.jpg,fork,open parcel,handle of fork,use handle to pry open parcel,Yes,success
open_parcel,12_833_3192148596_e89559cd80_c.jpg,knife,open parcel,blade of knife,use knife to cut open parcel,Yes,success
open_parcel,12_833_3192148596_e89559cd80_c.jpg,cutter,open parcel,handle of cutter,use cutter to cut open parcel,Yes,success
open_parcel,12_927_15905750450_0aae40b615_c.jpg,knife,open parcel,blade,slice through the packaging,Yes,success
open_parcel,13_1841_50345984822_7698cfae81_c.jpg,knife,open parcel,blade,cut open parcel,Yes,success
open_parcel,13_222_5239328645_f5488be8d6_c.jpg,knife,open parcel,blade,use blade to cut open the parcel,Yes,success
open_parcel,13_439_33164602282_b5955c5def_c.jpg,knife,open parcel,blade,cut open the parcel,Yes,success
open_parcel,13_698_25411048886_bbf1528f5e_c.jpg,knife,open parcel,blade of knife,use knife to cut open parcel,Yes,success
open_parcel,13_698_25411048886_bbf1528f5e_c.jpg,fork,open parcel,prongs of fork,use fork to pry open parcel,Yes,success
open_parcel,13_734_3118975335_db529dc85e_c.jpg,knife,open parcel,blade of knife,simple action,Yes,success
open_parcel,13_734_3118975335_db529dc85e_c.jpg,fork,open parcel,handle of fork,simple action,Yes,success
open_parcel,13_758_26126498151_d08ab76b33_c.jpg,knife,open parcel,blade of knife,use knife to cut through the parcel,Yes,success
open_parcel,13_844_5206617228_1edbeca5a0_c.jpg,knife,open parcel,blade,slice open,Yes,success
open_parcel,13_844_5206617228_1edbeca5a0_c.jpg,jar,open parcel,top,lift lid,Yes,success
open_parcel,13_884_4739742647_cfe2cac4b1_c.jpg,knife,open parcel,blade of knife,use knife to cut parcel open,Yes,success
open_parcel,13_939_48854816542_77b2f55d39_c.jpg,knife,open parcel,blade,use the blade to cut open the parcel,Yes,success
open_parcel,13_939_48854816542_77b2f55d39_c.jpg,garlic,open parcel,outer layer,use the outer layer to peel the garlic and open the parcel,Yes,success
open_parcel,14_1107_94728289_cf8d57919e_c.jpg,knife,open parcel,blade,use knife to cut open parcel,Yes,success
open_parcel,14_1107_94728289_cf8d57919e_c.jpg,chopping board,open parcel,surface,use chopping board to cut open parcel,Yes,success
open_parcel,14_1127_25354457812_a9b6891368_c.jpg,knife,open parcel,blade of knife,use knife to cut open parcel,Yes,success
open_parcel,14_1160_16196871230_8ec4bc10fa_c.jpg,knife,open parcel,blade of knife,slice the fruit,Yes,success
open_parcel,14_1160_16196871230_8ec4bc10fa_c.jpg,chopping board,open parcel,surface of chopping board,slice the fruit,Yes,success
open_parcel,14_1202_28278348584_a904c7fe2c_c.jpg,knife,open parcel,blade of knife,use knife to cut open parcel,Yes,success
open_parcel,14_1202_28278348584_a904c7fe2c_c.jpg,menu,open parcel,front of menu,use menu to tear open parcel,Yes,success
open_parcel,14_1688_31035640265_3bc1e50c31_c.jpg,knife,open parcel,blade,slice through the parcel,Yes,success
open_parcel,14_210_37917821312_d2dde4775d_c.jpg,knife,open parcel,blade,simple action,Yes,success
open_parcel,14_256_26803011_6a9666830f_c.jpg,knife,open parcel,blade of knife,use knife to open oyster,Yes,success
open_parcel,14_256_26803011_6a9666830f_c.jpg,oyster,open parcel,shell of oyster,open oyster,Yes,success
open_parcel,14_2874_2556847763_c50f9e87b1_c.jpg,knife,open parcel,blade of knife,use knife to cut open parcel,Yes,success
open_parcel,14_2874_2556847763_c50f9e87b1_c.jpg,knife,open parcel,handle of knife,use knife to cut open parcel,Yes,success
open_parcel,14_2874_2556847763_c50f9e87b1_c.jpg,knife,open parcel,blade of knife,use knife to cut open parcel,Yes,success
open_parcel,14_2874_2556847763_c50f9e87b1_c.jpg,knife,open parcel,blade of knife,use knife to cut open parcel,Yes,success
open_parcel,14_2874_2556847763_c50f9e87b1_c.jpg,knife,open parcel,handle of knife,use knife to cut open parcel,Yes,success
open_parcel,14_2874_2556847763_c50f9e87b1_c.jpg,knife,open parcel,blade of knife,use knife to cut open parcel,Yes,success
open_parcel,14_2874_2556847763_c50f9e87b1_c.jpg,knife,open parcel,blade of knife,use knife to cut open parcel,Yes,success
open_parcel,14_2874_2556847763_c50f9e87b1_c.jpg,knife,open parcel,handle of knife,use knife to cut open parcel,Yes,success
open_parcel,14_2874_2556847763_c50f9e87b1_c.jpg,knife,open parcel,blade of knife,use knife to cut open parcel,Yes,success
open_parcel,14_328_3458928297_7116d9523d_c.jpg,scissors,open parcel,blade of scissors,use scissors to cut open the parcel,Yes,success
open_parcel,14_328_3458928297_7116d9523d_c.jpg,knife,open parcel,blade of knife,use knife to cut open the parcel,Yes,success
open_parcel,14_352_6109043213_85d95a9af5_c.jpg,cut paper,open parcel,part of paper used,simple action,Yes,success
open_parcel,14_352_6109043213_85d95a9af5_c.jpg,knife,open parcel,blade of knife,simple action,Yes,success
open_parcel,14_352_6109043213_85d95a9af5_c.jpg,bottle,open parcel,top of bottle,simple action,Yes,success
open_parcel,14_352_6109043213_85d95a9af5_c.jpg,can,open parcel,top of can,simple action,Yes,success
open_parcel,14_499_14864964493_f0d2f25c57_c.jpg,knife,open parcel,blade of knife,use blade to cut open parcel,Yes,success
open_parcel,14_499_14864964493_f0d2f25c57_c.jpg,fork,open parcel,handle of fork,use handle to pry open parcel,Yes,success
open_parcel,14_649_68417353_46c336ec41_c.jpg,scissors,open parcel,blade,cut open the parcel,Yes,success
open_parcel,14_649_68417353_46c336ec41_c.jpg,knife,open parcel,blade,cut open the parcel,Yes,success
open_parcel,14_649_68417353_46c336ec41_c.jpg,spoon,open parcel,handle,use the spoon to pry open the parcel,Yes,success
open_parcel,15_1226_659273817_439ad3cfb8_c.jpg,knife,open parcel,blade,cut open parcel,Yes,success
open_parcel,15_1226_659273817_439ad3cfb8_c.jpg,glass,open parcel,bottom,open parcel,Yes,success
open_parcel,15_1343_286621088_cbd99446eb_c.jpg,knife,open parcel,blade of knife,use knife to cut open parcel,Yes,success
open_parcel,15_1343_286621088_cbd99446eb_c.jpg,spoon,open parcel,handle of spoon,use spoon to cut open parcel,Yes,success
open_parcel,15_1424_26116337255_400cd6e6d7_c.jpg,knife,open parcel,blade,use to cut open the parcel,Yes,success
open_parcel,15_1424_26116337255_400cd6e6d7_c.jpg,wooden spoon,open parcel,handle,use to pry open the parcel,Yes,success
open_parcel,15_1599_196985429_87c9f8291d_c.jpg,knife,open parcel,blade,cut open parcel,Yes,success
open_parcel,15_209_7988970084_db2a86cb61_c.jpg,knife,open parcel,blade,simple action,Yes,success
open_parcel,15_2741_17789300899_1e1b351f7f_c.jpg,knife,open parcel,blade,use knife to cut open parcel,Yes,success
open_parcel,15_2741_17789300899_1e1b351f7f_c.jpg,fork,open parcel,tine,use fork to pry open parcel,Yes,success
open_parcel,15_2741_17789300899_1e1b351f7f_c.jpg,spoon,open parcel,handle,use spoon to pry open parcel,Yes,success
open_parcel,15_2741_17789300899_1e1b351f7f_c.jpg,napkin,open parcel,folded edge,use napkin to wrap and protect parcel,Yes,success
open_parcel,15_308_350593807_04675525c7_c.jpg,knife,open parcel,blade,cut open parcel,Yes,success
open_parcel,15_338_35443872853_61eef50551_c.jpg,knife,open parcel,blade of knife,cut open the parcel,Yes,success
open_parcel,15_445_24774080192_c99b190a08_c.jpg,knife,open parcel,blade of knife,use knife to cut open parcel,Yes,success
open_parcel,15_445_24774080192_c99b190a08_c.jpg,jar,open parcel,lid of jar,use jar to open parcel,Yes,success
open_parcel,15_809_7309544594_4678acb41d_c.jpg,knife,open parcel,handle of knife,simple action,Yes,success
open_parcel,15_809_7309544594_4678acb41d_c.jpg,fork,open parcel,handle of fork,simple action,Yes,success
open_parcel,15_888_8434769323_78c7b2ce79_c.jpg,knife,open parcel,blade,cut open the parcel,Yes,success
open_parcel,15_888_8434769323_78c7b2ce79_c.jpg,scissors,open parcel,handle,cut open the parcel,Yes,success
open_parcel,15_970_30405276234_58e5e653dd_c.jpg,knife,open parcel,blade,use blade to cut open parcel,Yes,success
open_parcel,15_970_30405276234_58e5e653dd_c.jpg,fork,open parcel,tines,use tines to pry open parcel,Yes,success
open_parcel,16_1025_44084606255_f94c354637_c.jpg,knife,open parcel,blade of knife,use blade to cut open parcel,Yes,success
open_parcel,16_1025_44084606255_f94c354637_c.jpg,plate,open parcel,edge of plate,use edge of plate to pry open parcel,Yes,success
open_parcel,16_1260_34852308895_b59a01f7af_c.jpg,fork,open parcel,handle of fork,use fork to open parcel,Yes,success
open_parcel,16_1260_34852308895_b59a01f7af_c.jpg,knife,open parcel,blade of knife,use knife to open parcel,Yes,success
open_parcel,16_1855_4500662135_870510d0e5_c.jpg,knife,open parcel,blade of knife,slice through the pineapple,Yes,success
open_parcel,16_2621_3838386589_ca0f42051a_c.jpg,knife,open parcel,blade,cut open the parcel,Yes,success
open_parcel,16_2912_3718537743_6ddb5f496f_c.jpg,knife,open parcel,blade,simple action,Yes,success
open_parcel,16_2912_3718537743_6ddb5f496f_c.jpg,fork,open parcel,prongs,simple action,Yes,success
open_parcel,16_379_14719569984_8f5f98d52e_c.jpg,knife,open parcel,blade,use blade to cut open parcel,Yes,success
open_parcel,16_492_51091181448_8290f8c3d0_c.jpg,knife,open parcel,blade,slice open,Yes,success
open_parcel,16_492_51091181448_8290f8c3d0_c.jpg,peeler,open parcel,handle,peel open,Yes,success
open_parcel,16_660_4915582489_a3f6db5452_c.jpg,knife,open parcel,blade of knife,use knife to cut open parcel,Yes,success
open_parcel,16_660_4915582489_a3f6db5452_c.jpg,plate,open parcel,center of plate,use plate to hold open parcel,Yes,success
open_parcel,16_666_4109198370_b0ef5e8374_c.jpg,knife,open parcel,blade,use blade to cut open parcel,Yes,success
open_parcel,16_666_4109198370_b0ef5e8374_c.jpg,scissors,open parcel,handle,use handle to cut open parcel,Yes,success
open_parcel,16_709_1069711361_30575e69db_c.jpg,knife,open parcel,blade of knife,use blade to cut open the parcel,Yes,success
open_parcel,16_709_1069711361_30575e69db_c.jpg,bottle,open parcel,top of bottle,use the top of the bottle to puncture the parcel,Yes,success
open_parcel,16_810_2703072432_af0250ec5b_c.jpg,knife,open parcel,blade of knife,slice open the loaf,Yes,success
open_parcel,16_906_49109789348_6d1faaa4a2_c.jpg,knife,open parcel,blade,use knife to cut open parcel,Yes,success
open_parcel,16_906_49109789348_6d1faaa4a2_c.jpg,red cutting board,open parcel,surface,place parcel on cutting board,Yes,success
open_parcel,16_925_310865448_70f138560c_c.jpg,knife,open parcel,blade,slice through the parcel,Yes,success
open_parcel,17_1016_9673701066_d59e00c0c0_c.jpg,knife,open parcel,blade of knife,use knife to cut open parcel,Yes,success
open_parcel,17_1016_9673701066_d59e00c0c0_c.jpg,laptop,open parcel,screen of laptop,use laptop to open parcel,Yes,success
open_parcel,17_1355_3807767057_c5031367aa_c.jpg,knife,open parcel,blade of knife,use knife to cut open parcel,Yes,success
open_parcel,17_1355_3807767057_c5031367aa_c.jpg,grater,open parcel,handle of grater,use grater to cut open parcel,Yes,success
open_parcel,17_2909_6432822597_0d9a874b28_c.jpg,knife,open parcel,blade of knife,use knife to cut open parcel,Yes,success
open_parcel,17_2909_6432822597_0d9a874b28_c.jpg,fork,open parcel,tines of fork,use fork to pry open parcel,Yes,success
open_parcel,17_382_2300620761_ed928020b6_c.jpg,knife,open parcel,blade of knife,slice through the meat,Yes,success
open_parcel,17_493_5188441704_6b83a83fcf_c.jpg,knife,open parcel,blade of knife,use knife to cut open parcel,Yes,success
open_parcel,17_681_12560327193_f95e3ac5a8_c.jpg,knife,open parcel,blade,slice through the parcel,Yes,success
open_parcel,17_681_12560327193_f95e3ac5a8_c.jpg,spoon,open parcel,handle,press into the parcel,Yes,success
open_parcel,17_681_12560327193_f95e3ac5a8_c.jpg,olive oil,open parcel,container,pour into the parcel,Yes,success
open_parcel,17_762_3436760784_8c3aeb4aa8_c.jpg,knife,open parcel,blade,cut open parcel,Yes,success
open_parcel,17_762_3436760784_8c3aeb4aa8_c.jpg,fork,open parcel,handle,pull open parcel,Yes,success
open_parcel,17_762_3436760784_8c3aeb4aa8_c.jpg,bunny,open parcel,body,pull open parcel,Yes,success
open_parcel,17_851_9060552759_2b2bd19ef5_c.jpg,knife,open parcel,blade of knife,use knife to cut open parcel,Yes,success
open_parcel,17_851_9060552759_2b2bd19ef5_c.jpg,fork,open parcel,prongs of fork,use fork to pry open parcel,Yes,success
open_parcel,18_1137_2682345777_c8e718122d_c.jpg,knife,open parcel,blade,use knife to cut open parcel,Yes,success
open_parcel,18_1137_2682345777_c8e718122d_c.jpg,bowl,open parcel,bottom,use bowl to hold contents of parcel,Yes,success
open_parcel,18_1388_46010009721_de86647ab9_c.jpg,knife,open parcel,blade of knife,use knife to cut open parcel,Yes,success
open_parcel,18_1388_46010009721_de86647ab9_c.jpg,chopsticks,open parcel,chopsticks,use chopsticks to open parcel,Yes,success
open_parcel,18_1708_4052233096_4f75022fec_c.jpg,knife,open parcel,blade,cut parcel open,Yes,success
open_parcel,18_2635_3542203648_693047d868_c.jpg,knife,open parcel,blade of knife,simple action,Yes,success
open_parcel,18_2635_3542203648_693047d868_c.jpg,fork,open parcel,handle of fork,simple action,Yes,success
open_parcel,18_366_2175799323_3ef0108907_c.jpg,knife,open parcel,blade,slice through the parcel,Yes,success
open_parcel,18_511_23593283004_e21c830901_c.jpg,knife,open parcel,blade,slice open,Yes,success
open_parcel,18_566_16319965171_4281124f43_c.jpg,knife,open parcel,blade,cut open parcel,Yes,success
open_parcel,18_583_15469266581_a349254fed_c.jpg,knife,open parcel,blade of knife,use blade to cut open parcel,Yes,success
open_parcel,18_583_15469266581_a349254fed_c.jpg,fork,open parcel,handle of fork,use handle to pry open parcel,Yes,success
open_parcel,18_658_5818529287_e177c5fee9_c.jpg,knife,open parcel,blade of knife,use knife to cut open parcel,Yes,success
open_parcel,18_658_5818529287_e177c5fee9_c.jpg,plate,open parcel,edge of plate,use edge of plate to cut open parcel,Yes,success
open_parcel,18_787_3957652223_a4827374a6_c.jpg,scissors,open parcel,blades of scissors,use scissors to cut open the parcel,Yes,success
open_parcel,18_909_8234788825_5f0411b67b_c.jpg,tack gun,open parcel,trigger,pull trigger,Yes,success
open_parcel,18_909_8234788825_5f0411b67b_c.jpg,hammer,open parcel,head,hit the head on the parcel,Yes,success
open_parcel,18_909_8234788825_5f0411b67b_c.jpg,screwdriver,open parcel,blade,insert the blade into the parcel,Yes,success
open_parcel,18_909_8234788825_5f0411b67b_c.jpg,tape measure,open parcel,measuring edge,slide the measuring edge over the parcel,Yes,success
open_parcel,18_927_2688248901_3bfc0ae97c_c.jpg,knife,open parcel,blade,use the blade to cut open the parcel,Yes,success
open_parcel,18_959_8670136995_e8d0e1f7b0_c.jpg,knife,open parcel,blade of knife,use knife to cut open the parcel,Yes,success
open_parcel,18_959_8670136995_e8d0e1f7b0_c.jpg,bottle,open parcel,bottle cap,remove bottle cap to open the parcel,Yes,success
open_parcel,18_976_11206746045_4ec9e38848_c.jpg,knife,open parcel,blade,cut open parcel,Yes,success
open_parcel,18_976_11206746045_4ec9e38848_c.jpg,fork,open parcel,handle,pull open parcel,Yes,success
open_parcel,19_1147_4935209251_a296cfbf71_c.jpg,knife,open parcel,blade of knife,use knife to cut open parcel,Yes,success
open_parcel,19_1147_4935209251_a296cfbf71_c.jpg,fork,open parcel,handle of fork,use fork to pry open parcel,Yes,success
open_parcel,19_1606_2794816573_ceefb968fa_c.jpg,knife,open parcel,blade of knife,use knife to cut open parcel,Yes,success
open_parcel,19_175_6110433334_645c8d60cb_c.jpg,knife,open parcel,blade,use blade to cut open the parcel,Yes,success
open_parcel,19_219_41078946332_4b3b02309a_c.jpg,knife,open parcel,blade,pull out blade,Yes,success
open_parcel,19_219_41078946332_4b3b02309a_c.jpg,case,open parcel,front of case,open case,Yes,success
open_parcel,19_302_9115664843_e8e21ed091_c.jpg,knife,open parcel,blade,use blade to cut open parcel,Yes,success
open_parcel,19_690_139443725_258013954f_c.jpg,knife,open parcel,blade of knife,use knife to cut open parcel,Yes,success
open_parcel,19_690_139443725_258013954f_c.jpg,plate,open parcel,edge of plate,use edge of plate to cut open parcel,Yes,success
open_parcel,19_845_1491134073_44be1a48fe_c.jpg,knife,open parcel,blade,use to cut open the parcel,Yes,success
open_parcel,19_845_1491134073_44be1a48fe_c.jpg,bowl,open parcel,bottom,use to hold the parcel in place while cutting,Yes,success
open_parcel,1_109_6496701055_7bf8fe2499_c.jpg,scissors,open parcel,blade of scissors,use blade to cut open the parcel,Yes,success
open_parcel,1_1233_14277184045_37e004e9ed_c.jpg,knife,open parcel,blade of knife,slice through the cabbage,Yes,success
open_parcel,1_1361_8227612331_3fd99b857a_c.jpg,knife,open parcel,blade of knife,use knife to cut open the parcel,Yes,success
open_parcel,1_1611_6981088941_4e3e9bd7b4_c.jpg,clapboard,open parcel,middle of clapboard,simple action,Yes,success
open_parcel,1_1729_3632695996_40d5686d59_c.jpg,knife,open parcel,blade,use to cut open the package,Yes,success
open_parcel,1_1729_3632695996_40d5686d59_c.jpg,package,open parcel,front,use to cut open the package,Yes,success
open_parcel,1_1884_11915568485_b1c400d61f_c.jpg,knife,open parcel,blade,cut open the parcel,Yes,success
open_parcel,1_2027_2136336178_ffe70246ce_c.jpg,knife,open parcel,blade of knife,use knife to cut open the parcel,Yes,success
open_parcel,1_2027_2136336178_ffe70246ce_c.jpg,spoon,open parcel,handle of spoon,use spoon to cut open the parcel,Yes,success
open_parcel,1_2639_2394315432_9913b204d8_c.jpg,knife,open parcel,blade of knife,use knife to cut open parcel,Yes,success
open_parcel,1_2639_2394315432_9913b204d8_c.jpg,fork,open parcel,handle of fork,use fork to open parcel,Yes,success
open_parcel,1_2897_2872082932_446c15afba_c.jpg,knife,open parcel,blade of knife,simple action,Yes,success
open_parcel,1_2897_2872082932_446c15afba_c.jpg,fork,open parcel,handle of fork,simple action,Yes,success
open_parcel,1_2897_2872082932_446c15afba_c.jpg,plate,open parcel,center of plate,simple action,Yes,success
open_parcel,1_2909_16929247221_98b5912306_c.jpg,knife,open parcel,blade,use to cut open a parcel,Yes,success
open_parcel,1_2909_16929247221_98b5912306_c.jpg,fork,open parcel,handle,use to cut open a parcel,Yes,success
open_parcel,1_2909_16929247221_98b5912306_c.jpg,spoon,open parcel,handle,use to cut open a parcel,Yes,success
open_parcel,1_2979_18166675829_58a44456b8_c.jpg,knife,open parcel,blade of knife,use knife to cut parcel,Yes,success
open_parcel,1_2979_18166675829_58a44456b8_c.jpg,parcel,open parcel,top of parcel,pull open parcel,Yes,success
open_parcel,1_522_6008897791_7d6066d686_c.jpg,knife,open parcel,blade,use to cut open parcel,Yes,success
open_parcel,1_522_6008897791_7d6066d686_c.jpg,plate,open parcel,edge,use to open parcel,Yes,success
open_parcel,1_523_9448329315_524ddac7f2_c.jpg,knife,open parcel,handle of knife,use knife to cut open parcel,Yes,success
open_parcel,1_523_9448329315_524ddac7f2_c.jpg,fork,open parcel,prongs of fork,use fork to pry open parcel,Yes,success
open_parcel,1_714_5068190130_ab8eea6d83_c.jpg,knife,open parcel,blade,use blade to cut open the parcel,Yes,success
open_parcel,1_761_8593382565_0feb794ed8_c.jpg,knife,open parcel,blade of knife,slice through the parcel,Yes,success
open_parcel,1_806_2819814879_9516078d91_c.jpg,package,open parcel,top edge of package,pull the top edge of the package,Yes,success
open_parcel,1_832_6260234182_a22a0a1684_c.jpg,parcel,open parcel,top of parcel,pull the top of the parcel,Yes,success
open_parcel,1_877_5313211224_2e6dccc4c7_c.jpg,knife,open parcel,blade,use the blade to cut the parcel open,Yes,success
open_parcel,1_912_2841877225_827e480a51_c.jpg,knife,open parcel,blade,cut open the parcel,Yes,success
open_parcel,1_912_2841877225_827e480a51_c.jpg,spoon,open parcel,handle,use the handle to pry open the parcel,Yes,success
open_parcel,20_1373_48068383727_869b062577_c.jpg,knife,open parcel,blade of knife,slice open the parcel,Yes,success
open_parcel,20_1373_48068383727_869b062577_c.jpg,cutting board,open parcel,surface of cutting board,slice open the parcel,Yes,success
open_parcel,20_1535_8092578338_338b2ab34b_c.jpg,knife,open parcel,blade of knife,use knife to cut open parcel,Yes,success
open_parcel,20_1535_8092578338_338b2ab34b_c.jpg,box,open parcel,top of box,open box to reveal contents,Yes,success
open_parcel,20_1567_8045853488_c6bac6d2e9_c.jpg,knife,open parcel,blade of knife,use knife to cut open parcel,Yes,success
open_parcel,20_170_19071396948_a243df508f_c.jpg,knife,open parcel,blade,pull out the blade,Yes,success
open_parcel,20_217_2492869415_dc5eb832f2_c.jpg,knife,open parcel,blade,pull out the blade,Yes,success
open_parcel,20_217_2492869415_dc5eb832f2_c.jpg,leather sheath,open parcel,front pocket,open the front pocket,Yes,success
open_parcel,20_250_3280413636_d2b15968da_c.jpg,knife,open parcel,blade of knife,use knife to cut open parcel,Yes,success
open_parcel,20_414_5338260746_e3178ec4e7_c.jpg,knife,open parcel,blade,use the blade to cut the package open,Yes,success
open_parcel,20_414_5338260746_e3178ec4e7_c.jpg,package,open parcel,top,pull the top of the package open,Yes,success
open_parcel,20_453_42880298085_dc4639e337_c.jpg,knife,open parcel,blade of knife,use the blade to cut open the parcel,Yes,success
open_parcel,20_453_42880298085_dc4639e337_c.jpg,fork,open parcel,tines of fork,use the tines to pry open the parcel,Yes,success
open_parcel,20_485_6915850967_a2ea51d154_c.jpg,knife,open parcel,blade,cut open the parcel,Yes,success
open_parcel,20_485_6915850967_a2ea51d154_c.jpg,jar,open parcel,lid,lift the lid,Yes,success
open_parcel,20_551_2510163835_bf60f57665_c.jpg,knife,open parcel,blade of knife,cut open the egg,Yes,success
open_parcel,20_570_2847707564_a41791f1d3_c.jpg,knife,open parcel,blade,use blade to cut open parcel,Yes,success
open_parcel,20_570_2847707564_a41791f1d3_c.jpg,parsnip,open parcel,body,use body to push open parcel,Yes,success
open_parcel,20_570_2847707564_a41791f1d3_c.jpg,parsnip,open parcel,body,use body to push open parcel,Yes,success
open_parcel,20_575_2056780976_2fd7bb8d05_c.jpg,knife,open parcel,handle of knife,use knife to open parcel,Yes,success
open_parcel,20_575_2056780976_2fd7bb8d05_c.jpg,spoon,open parcel,handle of spoon,use spoon to open parcel,Yes,success
open_parcel,20_663_5546233886_339a206e59_c.jpg,knife,open parcel,blade of knife,slice through the meat,Yes,success
open_parcel,20_674_6807719778_d46047eac0_c.jpg,knife,open parcel,blade of knife,slice through the meat,Yes,success
open_parcel,20_674_6807719778_d46047eac0_c.jpg,cutting board,open parcel,surface of cutting board,place the meat on the cutting board,Yes,success
open_parcel,20_730_9125371205_318fa44690_c.jpg,knife,open parcel,blade of knife,cut open parcel,Yes,success
open_parcel,20_977_1802734458_e6632f4466_c.jpg,scissors,open parcel,blade of scissors,use to cut open the parcel,Yes,success
open_parcel,20_986_6354681677_ee49591315_c.jpg,knife,open parcel,blade,slice the parcel,Yes,success
open_parcel,21_1132_2854098957_9d99b3b566_c.jpg,knife,open parcel,blade of knife,use knife to cut open parcel,Yes,success
open_parcel,21_1132_2854098957_9d99b3b566_c.jpg,plate,open parcel,center of plate,use plate to hold open parcel,Yes,success
open_parcel,21_113_5738836939_859e39ce0e_c.jpg,knife,open parcel,blade,use blade to cut open parcel,Yes,success
open_parcel,21_1243_3479221765_b284e5f2d4_c.jpg,knife,open parcel,blade of knife,use knife to cut open parcel,Yes,success
open_parcel,21_1291_3030804887_fbc28d4f13_c.jpg,knife,open parcel,blade of knife,use knife to cut open parcel,Yes,success
open_parcel,21_1291_3030804887_fbc28d4f13_c.jpg,parcel,open parcel,whole parcel,use knife to cut open parcel,Yes,success
open_parcel,21_1372_117500583_426b179c59_c.jpg,knife,open parcel,blade,cut open parcel,Yes,success
open_parcel,21_1372_117500583_426b179c59_c.jpg,fork,open parcel,tines,tear open parcel,Yes,success
open_parcel,21_1642_3226326301_a69d616611_c.jpg,knife,open parcel,blade,cut open the parcel,Yes,success
open_parcel,21_462_10586264483_9b07960c36_c.jpg,knife,open parcel,blade of knife,use knife to cut open parcel,Yes,success
open_parcel,21_462_10586264483_9b07960c36_c.jpg,fork,open parcel,handle of fork,use fork to pry open parcel,Yes,success
open_parcel,21_589_29945502815_451302bb45_c.jpg,knife,open parcel,blade,use to cut open the package,Yes,success
open_parcel,21_589_29945502815_451302bb45_c.jpg,package,open parcel,top,pull top open,Yes,success
open_parcel,21_625_6800031334_05dd30f94a_c.jpg,knife,open parcel,blade of knife,use knife to cut open parcel,Yes,success
open_parcel,21_906_48862541496_02b1f3d88e_c.jpg,knife,open parcel,handle of knife,use knife to cut parcel,Yes,success
open_parcel,22_1016_50592386642_9ba05366a6_c.jpg,knife,open parcel,handle of knife,use knife to cut open parcel,Yes,success
open_parcel,22_1205_3364430954_eb35078c87_c.jpg,knife,open parcel,blade of knife,use knife to cut open parcel,Yes,success
open_parcel,22_1205_3364430954_eb35078c87_c.jpg,juicer,open parcel,juicer lid,use juicer lid to open parcel,Yes,success
open_parcel,22_1304_3616647022_4edb498e4a_c.jpg,knife,open parcel,handle of knife,use knife to cut open parcel,Yes,success
open_parcel,22_1304_3616647022_4edb498e4a_c.jpg,bottle,open parcel,top of bottle,use bottle to pour liquid into parcel,Yes,success
open_parcel,22_133_7173191091_48bedfa2bd_c.jpg,knife,open parcel,blade,use to cut open the parcel,Yes,success
open_parcel,22_133_7173191091_48bedfa2bd_c.jpg,fork,open parcel,tine,use to cut open the parcel,Yes,success
open_parcel,22_1619_3785497910_fedeb0193d_c.jpg,knife,open parcel,blade of knife,use knife to cut open parcel,Yes,success
open_parcel,22_1619_3785497910_fedeb0193d_c.jpg,knife,open parcel,blade of knife,use knife to cut open parcel,Yes,success
open_parcel,22_1619_3785497910_fedeb0193d_c.jpg,knife,open parcel,blade of knife,use knife to cut open parcel,Yes,success
open_parcel,22_193_6259707259_f7897cbbe4_c.jpg,knife,open parcel,blade of knife,use knife to open parcel,Yes,success
open_parcel,22_2221_37167321591_7157f0f6ef_c.jpg,knife,open parcel,blade,use to cut open the parcel,Yes,success
open_parcel,22_2221_37167321591_7157f0f6ef_c.jpg,fork,open parcel,handle,use to open the parcel,Yes,success
open_parcel,22_233_18097618671_b527bc44f6_c.jpg,knife,open parcel,blade,use the blade to cut open the parcel,Yes,success
open_parcel,22_233_18097618671_b527bc44f6_c.jpg,pen,open parcel,tip,use the pen tip to puncture the parcel,Yes,success
open_parcel,22_275_2761965566_e6bfb6a758_c.jpg,knife,open parcel,blade,use knife to cut open parcel,Yes,success
open_parcel,22_275_2761965566_e6bfb6a758_c.jpg,watermelon,open parcel,cutting board,use watermelon to cut open parcel,Yes,success
open_parcel,22_308_12041636963_7d0ffbf834_c.jpg,knife,open parcel,blade,simple action,Yes,success
open_parcel,22_726_8303917263_7324b2b3cb_c.jpg,plate,open parcel,top part of plate,use plate to open parcel,Yes,success
open_parcel,22_726_8303917263_7324b2b3cb_c.jpg,fork,open parcel,handle of fork,use fork to open parcel,Yes,success
open_parcel,22_817_19861125785_d996dac02c_c.jpg,knife,open parcel,blade of knife,use knife to cut open parcel,Yes,success
open_parcel,22_817_19861125785_d996dac02c_c.jpg,plate,open parcel,edge of plate,use plate to hold open parcel,Yes,success
open_parcel,2332439.jpg,knife,open parcel,blade,slice through the parcel,Yes,success
open_parcel,2332439.jpg,spoon,open parcel,handle,push through the parcel,Yes,success
open_parcel,2332640.jpg,knife,open parcel,blade,use the blade to cut open the parcel,Yes,success
open_parcel,2332640.jpg,bowl,open parcel,bottom,use the bottom of the bowl to press open the parcel,Yes,success
open_parcel,2332694.jpg,scissors,open parcel,blade of scissors,cut open parcel,Yes,success
open_parcel,2332702.jpg,knife,open parcel,blade of knife,cut open parcel,Yes,success
open_parcel,2332732.jpg,knife,open parcel,blade,open parcel,Yes,success
open_parcel,2332787.jpg,scissors,open parcel,blade,use blade to cut tape,Yes,success
open_parcel,2332787.jpg,cassette tape,open parcel,center,pull tape out,Yes,success
open_parcel,2332788.jpg,knife,open parcel,blade,slice through the pizza,Yes,success
open_parcel,2332812.jpg,knife,open parcel,blade,slice through the parcel,Yes,success
open_parcel,2332827.jpg,knife,open parcel,blade of knife,cut open parcel,Yes,success
open_parcel,2332827.jpg,butter,open parcel,butter on surface,spread butter on surface,Yes,success
open_parcel,2332905.jpg,knife,open parcel,blade of knife,use knife to cut into parcel,Yes,success
open_parcel,2332905.jpg,plate,open parcel,edge of plate,use plate to hold and steady parcel,Yes,success
open_parcel,2332940.jpg,knife,open parcel,blade,slice through the parcel,Yes,success
open_parcel,2332952.jpg,knife,open parcel,blade,use the blade to cut open the parcel,Yes,success
open_parcel,2332952.jpg,pliers,open parcel,handle,use the handle to pry open the parcel,Yes,success
open_parcel,2333158.jpg,knife,open parcel,blade of knife,use knife to cut open parcel,Yes,success
open_parcel,2333158.jpg,pizza,open parcel,crust of pizza,use pizza to cover open parcel,Yes,success
open_parcel,2333249.jpg,knife,open parcel,blade,cut open the parcel,Yes,success
open_parcel,2340446.jpg,knife,open parcel,blade of knife,use the blade to cut open the parcel,Yes,success
open_parcel,2340446.jpg,plate,open parcel,edge of plate,use the edge of the plate to pry open the parcel,Yes,success
open_parcel,23_1160_14374807474_67e24e3794_c.jpg,knife,open parcel,handle of knife,use knife to cut open parcel,Yes,success
open_parcel,23_1160_14374807474_67e24e3794_c.jpg,spoon,open parcel,handle of spoon,use spoon to cut open parcel,Yes,success
open_parcel,23_477_3746586978_a66bb1ba73_c.jpg,knife,open parcel,blade,use knife to open parcel,Yes,success
open_parcel,23_477_3746586978_a66bb1ba73_c.jpg,orange,open parcel,juice,use orange juice to open parcel,Yes,success
open_parcel,23_589_103077114_ebf9bdba3e_c.jpg,knife,open parcel,blade of knife,use to cut open parcel,Yes,success
open_parcel,23_589_103077114_ebf9bdba3e_c.jpg,fork,open parcel,tines of fork,use to cut open parcel,Yes,success
open_parcel,23_594_40872564962_912dcd0bdc_c.jpg,knife,open parcel,blade of knife,cut open the parcel,Yes,success
open_parcel,23_597_3138146150_284371cc1a_c.jpg,knife,open parcel,blade of knife,use knife to cut open parcel,Yes,success
open_parcel,23_597_3138146150_284371cc1a_c.jpg,fork,open parcel,tines of fork,use fork to pry open parcel,Yes,success
open_parcel,23_697_3125037488_ac23a1e199_c.jpg,knife,open parcel,blade of knife,use knife to cut open parcel,Yes,success
open_parcel,23_697_3125037488_ac23a1e199_c.jpg,spatula,open parcel,handle of spatula,use spatula to pry open parcel,Yes,success
open_parcel,23_728_6761828811_77df55c8a7_c.jpg,knife,open parcel,blade,use to cut open the parcel,Yes,success
open_parcel,23_728_6761828811_77df55c8a7_c.jpg,spatula,open parcel,handle,use to pry open the parcel,Yes,success
open_parcel,23_743_6683148383_ab0d8ef001_c.jpg,knife,open parcel,blade,use to cut open the parcel,Yes,success
open_parcel,23_743_6683148383_ab0d8ef001_c.jpg,plate,open parcel,edge,use to lift the parcel,Yes,success
open_parcel,23_777_5679842387_8b4ede4180_c.jpg,knife,open parcel,blade,cut open the parcel,Yes,success
open_parcel,23_814_4469157887_a87d70eb7f_c.jpg,knife,open parcel,blade of knife,cut open the parcel,Yes,success
open_parcel,23_925_8144698443_4deb98e747_c.jpg,knife,open parcel,blade of knife,use knife to cut open parcel,Yes,success
open_parcel,23_925_8144698443_4deb98e747_c.jpg,fork,open parcel,handle of fork,use fork to pry open parcel,Yes,success
open_parcel,24_1089_31083654001_36f3b04bb8_c.jpg,knife,open parcel,blade of knife,use knife to cut open parcel,Yes,success
open_parcel,24_1333_9900212616_d6be8e21d0_c.jpg,knife,open parcel,blade,use to cut open the parcel,Yes,success
open_parcel,24_1333_9900212616_d6be8e21d0_c.jpg,butter dish,open parcel,lid,use to open the parcel,Yes,success
open_parcel,24_1336_15265164343_aa6381bf9e_c.jpg,knife,open parcel,blade,use to cut open the parcel,Yes,success
open_parcel,24_1403_31071033577_2bbbbbf1dc_c.jpg,knife,open parcel,blade of knife,use knife to cut open parcel,Yes,success
open_parcel,24_1403_31071033577_2bbbbbf1dc_c.jpg,bottle,open parcel,bottle cap,remove bottle cap to open parcel,Yes,success
open_parcel,24_1527_5696306413_9d8c0c9c24_c.jpg,knife,open parcel,blade of knife,use knife to cut open parcel,Yes,success
open_parcel,24_1527_5696306413_9d8c0c9c24_c.jpg,plate,open parcel,plate,use plate to hold open parcel,Yes,success
open_parcel,24_1538_5064758555_29b8cc2608_c.jpg,knife,open parcel,blade,use the blade to cut open the parcel,Yes,success
open_parcel,24_158_5485926479_6f0d1e4f5a_c.jpg,knife,open parcel,blade,simple action,Yes,success
open_parcel,24_202_7063044479_cc04bca8bb_c.jpg,knife,open parcel,blade,slice open parcel,Yes,success
open_parcel,24_329_6888403683_0b9368e9b9_c.jpg,knife,open parcel,blade,slice open,Yes,success
open_parcel,24_635_155451958_f05a52ab1a_c.jpg,knife,open parcel,blade of knife,slice through the parcel,Yes,success
open_parcel,24_649_6987812283_e3f2fb405a_c.jpg,knife,open parcel,blade of knife,slice through the bread,Yes,success
open_parcel,24_844_218062704_3935f2ffcc_c.jpg,knife,open parcel,blade of knife,slice through the parcel,Yes,success
open_parcel,24_904_6036205747_efcf368e5c_c.jpg,spatula,open parcel,handle of spatula,simple action,Yes,success
open_parcel,24_904_6036205747_efcf368e5c_c.jpg,knife,open parcel,blade of knife,simple action,Yes,success
open_parcel,24_933_7526493094_10fd70cb8f_c.jpg,knife,open parcel,blade,use to cut open the package,Yes,success
open_parcel,24_933_7526493094_10fd70cb8f_c.jpg,package,open parcel,top,pull the top of the package open,Yes,success
open_parcel,25_1373_48266107082_f5e8a3bccc_c.jpg,knife,open parcel,blade of knife,use knife to cut open parcel,Yes,success
open_parcel,25_1373_48266107082_f5e8a3bccc_c.jpg,bowl,open parcel,bottom of bowl,use bowl to scoop out contents of parcel,Yes,success
open_parcel,25_152_3168486837_b948cb59e7_c.jpg,knife,open parcel,blade,use the blade to cut the parcel open,Yes,success
open_parcel,25_1601_4548472159_0157d11f49_c.jpg,knife,open parcel,blade of knife,use knife to cut open parcel,Yes,success
open_parcel,25_1601_4548472159_0157d11f49_c.jpg,fork,open parcel,handle of fork,use fork to pry open parcel,Yes,success
open_parcel,25_2778_573167_4af69289ec_c.jpg,knife,open parcel,blade,use knife to cut open parcel,Yes,success
open_parcel,25_339_2342061067_f517a72cf2_c.jpg,knife,open parcel,blade of knife,slice through the parcel,Yes,success
open_parcel,25_360_3504295745_2e94fc1fef_c.jpg,knife,open parcel,blade,slice through the parcel,Yes,success
open_parcel,25_898_2440834825_b79cd3bdd7_c.jpg,knife,open parcel,handle of knife,simple action,Yes,success
open_parcel,25_898_2440834825_b79cd3bdd7_c.jpg,spoon,open parcel,handle of spoon,simple action,Yes,success
open_parcel,25_947_51363050258_e2f427ee3d_c.jpg,knife,open parcel,blade,cut open the parcel,Yes,success
open_parcel,26_1122_8350603600_9d1555b737_c.jpg,knife,open parcel,blade of knife,slice the parcel,Yes,success
open_parcel,26_1122_8350603600_9d1555b737_c.jpg,plate,open parcel,edge of plate,lift the parcel,Yes,success
open_parcel,26_1132_2223604271_f06966c7a9_c.jpg,knife,open parcel,blade of knife,use knife to cut open parcel,Yes,success
open_parcel,26_1132_2223604271_f06966c7a9_c.jpg,plate,open parcel,center of plate,use plate to hold open parcel,Yes,success
open_parcel,26_1497_24328437101_de72542bb7_c.jpg,knife,open parcel,blade of knife,use the blade to cut open the parcel,Yes,success
open_parcel,26_1497_24328437101_de72542bb7_c.jpg,fork,open parcel,handle of fork,use the handle to pry open the parcel,Yes,success
open_parcel,26_152_5364971210_1567f4bfbc_c.jpg,knife,open parcel,blade,use blade to cut open the parcel,Yes,success
open_parcel,26_223_7535801894_da23c458d1_c.jpg,knife,open parcel,blade of knife,slice open parcel,Yes,success
open_parcel,26_346_927126418_2302f7f391_c.jpg,knife,open parcel,blade of knife,use knife to cut open parcel,Yes,success
open_parcel,26_346_927126418_2302f7f391_c.jpg,fork,open parcel,handle of fork,use fork to pry open parcel,Yes,success
open_parcel,26_645_7184962814_03e00ff208_c.jpg,knife,open parcel,knife blade,use knife to cut open parcel,Yes,success
open_parcel,26_910_34717672781_99aaf3a0ea_c.jpg,knife,open parcel,blade of knife,use knife to cut open parcel,Yes,success
open_parcel,26_910_34717672781_99aaf3a0ea_c.jpg,plate,open parcel,edge of plate,use plate to hold open parcel,Yes,success
open_parcel,26_971_19760492041_d2dfda9a8d_c.jpg,knife,open parcel,blade of knife,use knife to cut open parcel,Yes,success
open_parcel,27_1010_3469612927_f8c06510df_c.jpg,knife,open parcel,blade of knife,use knife to cut open parcel,Yes,success
open_parcel,27_1010_3469612927_f8c06510df_c.jpg,canned food,open parcel,top of can,use can opener to open parcel,Yes,success
open_parcel,27_1042_7458322796_7534ef70f1_c.jpg,knife,open parcel,blade of knife,use the blade to cut open the parcel,Yes,success
open_parcel,27_1042_7458322796_7534ef70f1_c.jpg,bowl,open parcel,bottom of bowl,use the bowl to scoop out the contents of the parcel,Yes,success
open_parcel,27_1442_16114415249_9ee318ee53_c.jpg,knife,open parcel,blade,slice open parcel,Yes,success
open_parcel,27_1442_16114415249_9ee318ee53_c.jpg,basket,open parcel,side,pull open parcel,Yes,success
open_parcel,27_1510_50938167171_da13d1b886_c.jpg,knife,open parcel,blade,use to cut open the parcel,Yes,success
open_parcel,27_1510_50938167171_da13d1b886_c.jpg,fork,open parcel,handle,use to cut open the parcel,Yes,success
open_parcel,27_2602_16904349916_ed9e084ed7_c.jpg,knife,open parcel,blade,simple action,Yes,success
open_parcel,27_2602_16904349916_ed9e084ed7_c.jpg,fork,open parcel,handle,simple action,Yes,success
open_parcel,27_350_8568630339_19140c7ec9_c.jpg,knife,open parcel,blade of knife,cut open parcel,Yes,success
open_parcel,27_350_8568630339_19140c7ec9_c.jpg,plate,open parcel,center of plate,open parcel,Yes,success
open_parcel,27_417_2146448753_db3dedbb22_c.jpg,knife,open parcel,blade of knife,slice through the parcel,Yes,success
open_parcel,27_829_2997553287_af4fec51d0_c.jpg,knife,open parcel,blade of knife,use knife to cut open parcel,Yes,success
open_parcel,27_829_2997553287_af4fec51d0_c.jpg,parcel,,,,No,success
open_parcel,28_286_4340018167_e3577a11c5_c.jpg,knife,open parcel,blade,use the blade to cut the parcel open,Yes,success
open_parcel,28_286_4340018167_e3577a11c5_c.jpg,sheath,open parcel,front,open the sheath to access the knife,Yes,success
open_parcel,28_299_5457019223_604de6b15a_c.jpg,knife,open parcel,blade of knife,use knife to cut open the fruit,Yes,success
open_parcel,28_651_6247379047_a7abd12a11_c.jpg,knife,open parcel,blade of knife,slice through the parcel,Yes,success
open_parcel,28_944_27371788748_a7c6869403_c.jpg,knife,open parcel,blade,cut open the parcel,Yes,success
open_parcel,28_944_27371788748_a7c6869403_c.jpg,whisk,open parcel,handle,twist and pull the whisk to open the parcel,Yes,success
open_parcel,28_951_25612334438_8332d1d0df_c.jpg,knife,open parcel,blade,use blade to cut open parcel,Yes,success
open_parcel,29_1101_12176706945_cddbc9b591_c.jpg,knife,open parcel,blade of knife,use the blade to cut open the parcel,Yes,success
open_parcel,29_146_7009142271_2388516021_c.jpg,knife,open parcel,blade,use the sharp edge to cut open the parcel,Yes,success
open_parcel,29_169_15205144498_6b27a78e52_c.jpg,knife,open parcel,blade,use blade to cut open the parcel,Yes,success
open_parcel,29_1814_2461498597_9dbc11e2f5_c.jpg,knife,open parcel,blade of knife,use knife to cut open parcel,Yes,success
open_parcel,29_1814_2461498597_9dbc11e2f5_c.jpg,fork,open parcel,tines of fork,use fork to pry open parcel,Yes,success
open_parcel,29_254_8665689446_6cb1b4b120_c.jpg,knife,open parcel,handle of knife,use knife to cut the cake,Yes,success
open_parcel,29_254_8665689446_6cb1b4b120_c.jpg,cake,open parcel,top of cake,use knife to cut the cake,Yes,success
open_parcel,29_369_4209141946_babfa574c3_c.jpg,knife,open parcel,blade,cut open the parcel,Yes,success
open_parcel,29_369_4209141946_babfa574c3_c.jpg,spoon,open parcel,handle,use the spoon to pry open the parcel,Yes,success
open_parcel,29_369_4209141946_babfa574c3_c.jpg,butter,open parcel,top,use the butter to grease the parcel,Yes,success
open_parcel,29_396_41315638392_79ec9115a4_c.jpg,knife,open parcel,blade,cut open the parcel,Yes,success
open_parcel,29_515_2195842716_589329d3fa_c.jpg,knife,open parcel,blade of knife,use knife to cut parcel,Yes,success
open_parcel,29_526_3866458870_c72a37f650_c.jpg,knife,open parcel,blade,use knife to cut open parcel,Yes,success
open_parcel,29_526_3866458870_c72a37f650_c.jpg,fork,open parcel,handle,use fork to pry open parcel,Yes,success
open_parcel,29_573_6618613745_ff9d5d5ff2_c.jpg,knife,open parcel,blade of knife,use knife to cut open parcel,Yes,success
open_parcel,29_618_8667334568_cee1da1c75_c.jpg,knife,open parcel,blade of knife,use knife to cut open parcel,Yes,success
open_parcel,29_618_8667334568_cee1da1c75_c.jpg,fork,open parcel,handle of fork,use fork to pry open parcel,Yes,success
open_parcel,29_625_3165510340_8dc27f0fa4_c.jpg,knife,open parcel,blade of knife,slice open parcel,Yes,success
open_parcel,29_775_47404736242_07671b0d72_c.jpg,knife,open parcel,blade of knife,use knife to cut open parcel,Yes,success
open_parcel,29_775_47404736242_07671b0d72_c.jpg,plate,open parcel,center of plate,use plate to hold open parcel,Yes,success
open_parcel,29_820_7818674400_fe59c19581_c.jpg,knife,open parcel,blade of knife,use knife to cut open parcel,Yes,success
open_parcel,29_820_7818674400_fe59c19581_c.jpg,biscuit,open parcel,top of biscuit,use knife to cut open parcel,Yes,success
open_parcel,29_820_7818674400_fe59c19581_c.jpg,biscuit,open parcel,top of biscuit,use knife to cut open parcel,Yes,success
open_parcel,29_921_14948651914_587428957e_c.jpg,cut paper,open parcel,edge of paper,simple action,Yes,success
open_parcel,29_921_14948651914_587428957e_c.jpg,knife,open parcel,blade of knife,simple action,Yes,success
open_parcel,2_1182_6094710672_10cba87279_c.jpg,knife,open parcel,blade of knife,use knife to cut open parcel,Yes,success
open_parcel,2_1182_6094710672_10cba87279_c.jpg,knife,open parcel,handle of knife,use knife to cut open parcel,Yes,success
open_parcel,2_1182_6094710672_10cba87279_c.jpg,knife,open parcel,blade of knife,use knife to cut open parcel,Yes,success
open_parcel,2_1182_6094710672_10cba87279_c.jpg,knife,open parcel,handle of knife,use knife to cut open parcel,Yes,success
open_parcel,2_1185_7989105699_ed0458115a_c.jpg,knife,open parcel,blade,pull out the blade,Yes,success
open_parcel,2_1418_1445381311_abcaa87b30_c.jpg,knife,open parcel,blade of knife,cut open parcel,Yes,success
open_parcel,2_1419_354211050_12f80c1349_c.jpg,knife,open parcel,blade,use to cut open the parcel,Yes,success
open_parcel,2_1419_354211050_12f80c1349_c.jpg,cutting board,open parcel,surface,use to place the parcel on,Yes,success
open_parcel,2_1480_658210840_81f4a5218b_c.jpg,knife,open parcel,blade of knife,use knife to cut open parcel,Yes,success
open_parcel,2_1480_658210840_81f4a5218b_c.jpg,fork,open parcel,handle of fork,use fork to pry open parcel,Yes,success
open_parcel,2_1685_13917383562_76c96efe63_c.jpg,knife,open parcel,blade of knife,use knife to open parcel,Yes,success
open_parcel,2_1685_13917383562_76c96efe63_c.jpg,plate,open parcel,center of plate,use plate to hold open parcel,Yes,success
open_parcel,2_1789_46655817295_963484e039_c.jpg,spoon,open parcel,handle of spoon,use spoon to open parcel,Yes,success
open_parcel,2_2670_3726345953_d0cc32d3e6_c.jpg,knife,open parcel,handle of knife,use knife to open parcel,Yes,success
open_parcel,2_2670_3726345953_d0cc32d3e6_c.jpg,bottle,open parcel,top of bottle,open parcel with bottle,Yes,success
open_parcel,2_471_31590906007_202338805a_c.jpg,knife,open parcel,blade,use knife to cut open the parcel,Yes,success
open_parcel,2_471_31590906007_202338805a_c.jpg,jar,open parcel,top,use jar to open the parcel,Yes,success
open_parcel,2_859_3854189342_f308faa848_c.jpg,knife,open parcel,blade of knife,use knife to cut parcel,Yes,success
open_parcel,2_859_3854189342_f308faa848_c.jpg,parcel,open parcel,top of parcel,pull open parcel,Yes,success
open_parcel,2_951_4024365350_1a7f526fa2_c.jpg,toaster,open parcel,top of toaster,use the top of the toaster to press open the parcel,Yes,success
open_parcel,2_951_4024365350_1a7f526fa2_c.jpg,honey container,open parcel,lid of honey container,use the lid of the honey container to press open the parcel,Yes,success
open_parcel,30_1014_20935675376_62d6826e50_c.jpg,knife,open parcel,handle of knife,use knife to cut open parcel,Yes,success
open_parcel,30_1033_5755158071_d1c620e13d_c.jpg,knife,open parcel,blade of knife,use blade to cut open parcel,Yes,success
open_parcel,30_1033_5755158071_d1c620e13d_c.jpg,plate,open parcel,edge of plate,use edge of plate to pry open parcel,Yes,success
open_parcel,30_1076_38542278622_88b60d1d89_c.jpg,knife,open parcel,blade of knife,use knife to cut open parcel,Yes,success
open_parcel,30_1076_38542278622_88b60d1d89_c.jpg,plate,open parcel,edge of plate,use edge of plate to pry open parcel,Yes,success
open_parcel,30_1169_22476076854_be395a65dc_c.jpg,knife,open parcel,blade of knife,use knife to open parcel,Yes,success
open_parcel,30_1169_22476076854_be395a65dc_c.jpg,fork,open parcel,handle of fork,use fork to open parcel,Yes,success
open_parcel,30_1602_4462857397_38f6b8aacf_c.jpg,knife,open parcel,blade of knife,use knife to cut open parcel,Yes,success
open_parcel,30_1602_4462857397_38f6b8aacf_c.jpg,spatula,open parcel,handle of spatula,use spatula to pry open parcel,Yes,success
open_parcel,30_189_3665796296_3c98cc583d_c.jpg,knife,open parcel,blade,pull out the blade,Yes,success
open_parcel,30_189_3665796296_3c98cc583d_c.jpg,paracord,open parcel,loop,pull the loop,Yes,success
open_parcel,30_312_6322132357_bcfc94a50a_c.jpg,knife,open parcel,blade,use blade to cut open the parcel,Yes,success
open_parcel,30_312_6322132357_bcfc94a50a_c.jpg,fork,open parcel,tines,use tines to pry open the parcel,Yes,success
open_parcel,30_718_8419723345_1783825bc4_c.jpg,knife,open parcel,blade of knife,use knife to cut open parcel,Yes,success
open_parcel,30_718_8419723345_1783825bc4_c.jpg,plate,open parcel,edge of plate,use plate to hold open parcel,Yes,success
open_parcel,30_896_50432980637_74e958c1d3_c.jpg,knife,open parcel,blade,use to cut open the parcel,Yes,success
open_parcel,30_896_50432980637_74e958c1d3_c.jpg,chopping board,open parcel,surface,place the parcel on the board to cut open,Yes,success
open_parcel,310192cb7c99bd11.jpg,scissors,open parcel,handle of scissors,pull the handle of scissors to open the parcel,Yes,success
open_parcel,31_1075_4502595969_e06957b2f1_c.jpg,knife,open parcel,blade of knife,slice through the meat,Yes,success
open_parcel,31_1075_4502595969_e06957b2f1_c.jpg,hand,open parcel,hand holding knife,hold the knife steady,Yes,success
open_parcel,31_176_4835627926_898d71973c_c.jpg,knife,open parcel,blade,cut open the parcel,Yes,success
open_parcel,31_1934_2179721641_13bda68249_c.jpg,knife,open parcel,blade of knife,use to cut open parcel,Yes,success
open_parcel,31_1934_2179721641_13bda68249_c.jpg,fork,open parcel,handle of fork,use to cut open parcel,Yes,success
open_parcel,31_306_3889305015_98db9ae11f_c.jpg,knife,open parcel,blade of knife,use knife to cut open parcel,Yes,success
open_parcel,31_431_4173831855_ff3f1c26f9_c.jpg,knife,open parcel,blade,slice open parcel,Yes,success
open_parcel,31_517_4646849149_d44674f311_c.jpg,knife,open parcel,blade,use the blade to cut open the parcel,Yes,success
open_parcel,31_517_4646849149_d44674f311_c.jpg,spoon,open parcel,handle,use the handle to pry open the parcel,Yes,success
open_parcel,31_517_4646849149_d44674f311_c.jpg,fork,open parcel,prongs,use the prongs to gently pry open the parcel,Yes,success
open_parcel,31_644_42911212392_00d93c3822_c.jpg,knife,open parcel,blade of knife,use knife to cut open parcel,Yes,success
open_parcel,31_644_42911212392_00d93c3822_c.jpg,knife,open parcel,handle of knife,use knife to cut open parcel,Yes,success
open_parcel,31_644_42911212392_00d93c3822_c.jpg,knife,open parcel,blade of knife,use knife to cut open parcel,Yes,success
open_parcel,31_644_42911212392_00d93c3822_c.jpg,knife,open parcel,blade of knife,use knife to cut open parcel,Yes,success
open_parcel,31_644_42911212392_00d93c3822_c.jpg,knife,open parcel,handle of knife,use knife to cut open parcel,Yes,success
open_parcel,31_644_42911212392_00d93c3822_c.jpg,knife,open parcel,blade of knife,use knife to cut open parcel,Yes,success
open_parcel,31_644_42911212392_00d93c3822_c.jpg,knife,open parcel,blade of knife,use knife to cut open parcel,Yes,success
open_parcel,31_644_42911212392_00d93c3822_c.jpg,knife,open parcel,handle of knife,use knife to cut open parcel,Yes,success
open_parcel,31_644_42911212392_00d93c3822_c.jpg,knife,open parcel,blade of knife,use knife to cut open parcel,Yes,success
open_parcel,31_970_17872826920_57e67d5560_c.jpg,knife,open parcel,blade,use knife to cut open parcel,Yes,success
open_parcel,32_1091_8502981627_a89f7bc607_c.jpg,parcel,open parcel,top of parcel,pull the top of the parcel open,Yes,success
open_parcel,32_1292_14321063569_5a208ff488_c.jpg,knife,open parcel,blade,slice through the parcel,Yes,success
open_parcel,32_1474_2634599301_d3542352fc_c.jpg,knife,open parcel,blade of knife,use knife to cut open parcel,Yes,success
open_parcel,32_1474_2634599301_d3542352fc_c.jpg,fork,open parcel,handle of fork,use fork to pry open parcel,Yes,success
open_parcel,32_193_5928697714_30d5ca0438_c.jpg,knife,open parcel,blade,slice through the package,Yes,success
open_parcel,32_193_5928697714_30d5ca0438_c.jpg,package,open parcel,top,tear open the package,Yes,success
open_parcel,32_211_4875157121_851eae90df_c.jpg,knife,open parcel,blade,slice through the parcel,Yes,success
open_parcel,32_2538_17972559872_1c1936e22e_c.jpg,knife,open parcel,blade of knife,use the blade to cut open the parcel,Yes,success
open_parcel,32_2538_17972559872_1c1936e22e_c.jpg,fork,open parcel,handle of fork,use the handle to pry open the parcel,Yes,success
open_parcel,32_460_6482143395_4d46097736_c.jpg,knife,open parcel,blade,use the blade to cut open the parcel,Yes,success
open_parcel,32_621_16202612094_292937209c_c.jpg,knife,open parcel,blade,slice through the parcel,Yes,success
open_parcel,32_621_16202612094_292937209c_c.jpg,spatula,open parcel,handle,slide under the parcel,Yes,success
open_parcel,33_252_39196768695_1809a2966d_c.jpg,knife,open parcel,blade,use blade to cut open the parcel,Yes,success
open_parcel,33_264_28976420645_faf9889524_c.jpg,knife,open parcel,blade,cut open the parcel,Yes,success
open_parcel,33_2776_4989290398_87de8a429d_c.jpg,knife,open parcel,blade of knife,use to cut open parcel,Yes,success
open_parcel,33_2776_4989290398_87de8a429d_c.jpg,plate,open parcel,edge of plate,use to hold open parcel,Yes,success
open_parcel,33_396_12272379306_89c283dfd4_c.jpg,knife,open parcel,blade of knife,use the blade to cut open the parcel,Yes,success
open_parcel,33_396_12272379306_89c283dfd4_c.jpg,fork,open parcel,handle of fork,use the handle to pry open the parcel,Yes,success
open_parcel,33_569_17160141138_00b6a4d868_c.jpg,knife,open parcel,blade of knife,use knife to cut open parcel,Yes,success
open_parcel,33_569_17160141138_00b6a4d868_c.jpg,plate,open parcel,edge of plate,use plate to hold open parcel,Yes,success
open_parcel,33_673_49722105427_754876b33a_c.jpg,knife,open parcel,blade of knife,use knife to open parcel,Yes,success
open_parcel,33_673_49722105427_754876b33a_c.jpg,spinach,open parcel,leaves of spinach,use spinach to open parcel,Yes,success
open_parcel,33_844_8026805069_5946da6701_c.jpg,knife,open parcel,blade of knife,cut open parcel,Yes,success
open_parcel,33_938_3665853269_8481632412_c.jpg,knife,open parcel,blade of knife,use knife to cut open parcel,Yes,success
open_parcel,33_938_3665853269_8481632412_c.jpg,fork,open parcel,prongs of fork,use fork to pry open parcel,Yes,success
open_parcel,33_966_1797374433_53ae79e1c2_c.jpg,knife,open parcel,blade of knife,use knife to cut open parcel,Yes,success
open_parcel,33_966_1797374433_53ae79e1c2_c.jpg,butter,open parcel,butter container,use butter to spread on parcel,Yes,success
open_parcel,34_1060_39378433215_f35d8f1b86_c.jpg,bottle,open parcel,top of bottle,unscrew top,Yes,success
open_parcel,34_1060_39378433215_f35d8f1b86_c.jpg,brush,open parcel,handle of brush,unscrew brush,Yes,success
open_parcel,34_1086_2773453984_cb09d41171_c.jpg,knife,open parcel,blade,use to cut open the parcel,Yes,success
open_parcel,34_1086_2773453984_cb09d41171_c.jpg,fork,open parcel,tines,use to pry open the parcel,Yes,success
open_parcel,34_1087_7332440532_0b748a8f29_c.jpg,spatula,open parcel,handle of spatula,use spatula to open parcel,Yes,success
open_parcel,34_164_20500531796_c2f036c96e_c.jpg,knife,open parcel,blade of knife,slice open parcel,Yes,success
open_parcel,34_204_6803014241_ea3110e2d9_c.jpg,knife,open parcel,blade,slice open,Yes,success
open_parcel,34_248_4313358818_5e58847f55_c.jpg,knife,open parcel,blade,use blade to cut open parcel,Yes,success
open_parcel,34_277_6813871969_fce68a57c9_c.jpg,knife,open parcel,blade of knife,cut open the parcel,Yes,success
open_parcel,34_277_6813871969_fce68a57c9_c.jpg,fork,open parcel,tines of fork,tear open the parcel,Yes,success
open_parcel,34_387_9795080885_d79b88f71d_c.jpg,knife,open parcel,blade of knife,use blade to cut open parcel,Yes,success
open_parcel,34_402_8249377921_e1a5b02e97_c.jpg,knife,open parcel,blade,use blade to cut open parcel,Yes,success
open_parcel,34_556_15128545603_9be9ebfbe6_c.jpg,knife,open parcel,blade of knife,cut open the parcel,Yes,success
open_parcel,34_861_487399787_7640410c85_c.jpg,knife,open parcel,blade of knife,use knife to cut open parcel,Yes,success
open_parcel,34_861_487399787_7640410c85_c.jpg,blender,open parcel,base of blender,use blender to open parcel,Yes,success
open_parcel,34_915_41302654352_f75430459f_c.jpg,knife,open parcel,blade of knife,use knife to cut open parcel,Yes,success
open_parcel,34_915_41302654352_f75430459f_c.jpg,parcel,open parcel,top of parcel,open parcel with hand,Yes,success
open_parcel,34_924_2173957956_9b6fdaeed4_c.jpg,knife,open parcel,blade of knife,use knife to cut open parcel,Yes,success
open_parcel,34_924_2173957956_9b6fdaeed4_c.jpg,cutting board,open parcel,surface of cutting board,use cutting board to place open parcel,Yes,success
open_parcel,34_953_5604288944_b4855190c9_c.jpg,knife,open parcel,blade,use to cut open the parcel,Yes,success
open_parcel,3_1030_50428591731_6998b48c58_c.jpg,knife,open parcel,blade of knife,use knife to cut open parcel,Yes,success
open_parcel,3_1106_2335345599_c7807db082_c.jpg,scissors,open parcel,handle,grab and pull open,Yes,success
open_parcel,3_1184_5499756479_97776b4a42_c.jpg,okra,open parcel,cutting edge of knife,simple action,Yes,success
open_parcel,3_1184_5499756479_97776b4a42_c.jpg,knife,open parcel,cutting edge of knife,simple action,Yes,success
open_parcel,3_1218_5241595353_30a4f03d14_c.jpg,knife,open parcel,blade of knife,slice through the pastry,Yes,success
open_parcel,3_1228_3182162124_5f01b9d800_c.jpg,knife,open parcel,blade,use to cut open the parcel,Yes,success
open_parcel,3_1228_3182162124_5f01b9d800_c.jpg,chopping board,open parcel,surface,place the parcel on the chopping board,Yes,success
open_parcel,3_1283_5587839141_f17e918906_c.jpg,knife,open parcel,blade,use blade to cut open parcel,Yes,success
open_parcel,3_1283_5587839141_f17e918906_c.jpg,knife,open parcel,blade,use blade to cut open parcel,Yes,success
open_parcel,3_1283_5587839141_f17e918906_c.jpg,knife,open parcel,blade,use blade to cut open parcel,Yes,success
open_parcel,3_1286_4154429885_38c5929cd9_c.jpg,knife,open parcel,blade of knife,use knife to cut open parcel,Yes,success
open_parcel,3_1286_4154429885_38c5929cd9_c.jpg,scissors,open parcel,blades of scissors,use scissors to cut open parcel,Yes,success
open_parcel,3_1342_3024275810_6b00294b84_c.jpg,knife,open parcel,blade,slice open parcel,Yes,success
open_parcel,3_1389_7979086910_4997b8211e_c.jpg,scissors,open parcel,blade of scissors,cut open parcel,Yes,success
open_parcel,3_1389_7979086910_4997b8211e_c.jpg,knife,open parcel,blade of knife,cut open parcel,Yes,success
open_parcel,3_1389_7979086910_4997b8211e_c.jpg,parcel,open parcel,top of parcel,pull open parcel,Yes,success
open_parcel,3_1424_3196387012_2ff36c72f9_c.jpg,knife,open parcel,blade of knife,use knife to cut open parcel,Yes,success
open_parcel,3_1424_3196387012_2ff36c72f9_c.jpg,butter,open parcel,butter on plate,use butter to spread on bread,Yes,success
open_parcel,3_1529_6690848279_a08b343799_c.jpg,knife,open parcel,blade of knife,use knife to cut open parcel,Yes,success
open_parcel,3_1791_24002962080_88e6ce330f_c.jpg,knife,open parcel,blade,slice the parcel open,Yes,success
open_parcel,3_2093_12983154283_0bcce675bc_c.jpg,knife,open parcel,blade of knife,use knife to cut open parcel,Yes,success
open_parcel,3_2093_12983154283_0bcce675bc_c.jpg,fork,open parcel,handle of fork,use fork to pry open parcel,Yes,success
open_parcel,3_2093_12983154283_0bcce675bc_c.jpg,package,open parcel,front of package,use package to tear open parcel,Yes,success
open_parcel,3_2647_25462724580_cf3ef3cd74_c.jpg,knife,open parcel,blade,use knife to open parcel,Yes,success
open_parcel,3_2647_25462724580_cf3ef3cd74_c.jpg,candle,open parcel,candle,use candle to open parcel,Yes,success
open_parcel,3_2650_8916354870_3c05b7753a_c.jpg,knife,open parcel,blade,cut open parcel,Yes,success
open_parcel,3_2650_8916354870_3c05b7753a_c.jpg,parcel,open parcel,front,pull open parcel,Yes,success
open_parcel,3_330_4951655515_aa3474a88b_c.jpg,knife,open parcel,blade,cut open the avocado,Yes,success
open_parcel,3_572_3646629009_3a6c241b79_c.jpg,knife,open parcel,blade,open parcel,Yes,success
open_parcel,3_749_50153066738_3ba89a31c7_c.jpg,knife,open parcel,blade,use the blade to cut open the parcel,Yes,success
open_parcel,3_749_50153066738_3ba89a31c7_c.jpg,chopping board,open parcel,surface,use the surface to place the parcel,Yes,success
open_parcel,3_828_6308996950_462cc6309b_c.jpg,knife,open parcel,blade,use to cut open a parcel,Yes,success
open_parcel,3_828_6308996950_462cc6309b_c.jpg,fork,open parcel,tines,use to cut open a parcel,Yes,success
open_parcel,4_1090_9407001404_92b73c7db2_c.jpg,knife,open parcel,blade of knife,use knife to cut open parcel,Yes,success
open_parcel,4_1090_9407001404_92b73c7db2_c.jpg,fork,open parcel,handle of fork,use fork to pry open parcel,Yes,success
open_parcel,4_116_48212373811_d0ea89ddfd_c.jpg,knife,open parcel,blade,use the blade to cut open the parcel,Yes,success
open_parcel,4_116_48212373811_d0ea89ddfd_c.jpg,fork,open parcel,prongs,use the prongs to pry open the parcel,Yes,success
open_parcel,4_1288_6856070362_d43a56c7be_c.jpg,knife,open parcel,blade,cut open the parcel,Yes,success
open_parcel,4_161_4129507375_256124bf2d_c.jpg,knife,open parcel,blade,use the blade to cut open the parcel,Yes,success
open_parcel,4_1719_4332687711_e8c85173ed_c.jpg,knife,open parcel,blade,use to cut open the parcel,Yes,success
open_parcel,4_1719_4332687711_e8c85173ed_c.jpg,fork,open parcel,tines,use to cut open the parcel,Yes,success
open_parcel,4_1784_25721473751_9898bdbd43_c.jpg,knife,open parcel,blade,use to cut open the parcel,Yes,success
open_parcel,4_1784_25721473751_9898bdbd43_c.jpg,cutting board,open parcel,surface,place the cutting board on top of the salmon,Yes,success
open_parcel,4_1784_25721473751_9898bdbd43_c.jpg,salmon,open parcel,body,cut open the salmon,Yes,success
open_parcel,4_1787_3477402318_0740d6a8e3_c.jpg,knife,open parcel,blade of knife,use blade to cut open the parcel,Yes,success
open_parcel,4_2014_6281957315_cf5b05d349_c.jpg,knife,open parcel,blade of knife,use knife to cut open parcel,Yes,success
open_parcel,4_2014_6281957315_cf5b05d349_c.jpg,plate,open parcel,plate surface,use plate to hold open parcel,Yes,success
open_parcel,4_2042_15967082133_e3698f64ba_c.jpg,knife,open parcel,blade of knife,use blade to cut open parcel,Yes,success
open_parcel,4_2850_16723018577_6dfee83a86_c.jpg,knife,open parcel,blade,use to cut open parcel,Yes,success
open_parcel,4_2850_16723018577_6dfee83a86_c.jpg,fork,open parcel,handle,use to open parcel,Yes,success
open_parcel,4_2850_16723018577_6dfee83a86_c.jpg,spoon,open parcel,handle,use to open parcel,Yes,success
open_parcel,4_329_41819731980_15c73206e7_c.jpg,knife,open parcel,blade of knife,slice open parcel,Yes,success
open_parcel,4_492_885362530_de004d281d_c.jpg,knife,open parcel,blade of knife,cut open the parcel,Yes,success
open_parcel,4_492_885362530_de004d281d_c.jpg,toaster,open parcel,top of toaster,open the toaster,Yes,success
open_parcel,4_582_4996772452_4e89e70fc7_c.jpg,basket,open parcel,basket handle,pull basket handle,Yes,success
open_parcel,4_605_6109590498_045fa9ebf2_c.jpg,knife,open parcel,blade,use to cut open the melon,Yes,success
open_parcel,4_605_6109590498_045fa9ebf2_c.jpg,cutting board,open parcel,surface,place the knife on the cutting board,Yes,success
open_parcel,4_768_6216585648_1bfc46869d_c.jpg,knife,open parcel,blade,use the blade to cut open the parcel,Yes,success
open_parcel,4_768_6216585648_1bfc46869d_c.jpg,coins,open parcel,stack of coins,use the coins to pry open the parcel,Yes,success
open_parcel,5_1012_29396166616_574fcdc226_c.jpg,knife,open parcel,blade of knife,use blade to cut open the parcel,Yes,success
open_parcel,5_1012_29396166616_574fcdc226_c.jpg,fork,open parcel,tines of fork,use tines to pry open the parcel,Yes,success
open_parcel,5_1158_4206775252_6234d249ea_c.jpg,knife,open parcel,blade,cut open the parcel,Yes,success
open_parcel,5_1158_4206775252_6234d249ea_c.jpg,fork,open parcel,handle,pull open the parcel,Yes,success
open_parcel,5_1197_3632196935_e2aa6daf6a_c.jpg,knife,open parcel,blade of knife,cut open parcel,Yes,success
open_parcel,5_1209_7004371830_4416431160_c.jpg,knife,open parcel,blade of knife,use knife to cut open parcel,Yes,success
open_parcel,5_1209_7004371830_4416431160_c.jpg,spoon,open parcel,handle of spoon,use spoon to cut open parcel,Yes,success
open_parcel,5_1326_4555513941_66251e8f77_c.jpg,knife,open parcel,blade,simple action,Yes,success
open_parcel,5_1326_4555513941_66251e8f77_c.jpg,fork,open parcel,prongs,simple action,Yes,success
open_parcel,5_1326_4555513941_66251e8f77_c.jpg,plate,open parcel,edge,simple action,Yes,success
open_parcel,5_1400_3167787092_ae8f124a3c_c.jpg,scissors,open parcel,blades of scissors,use scissors to cut open parcel,Yes,success
open_parcel,5_1400_3167787092_ae8f124a3c_c.jpg,knife,open parcel,blade of knife,use knife to cut open parcel,Yes,success
open_parcel,5_1400_3167787092_ae8f124a3c_c.jpg,candle,open parcel,candle,use candle to light parcel,Yes,success
open_parcel,5_1892_17771429579_b414413945_c.jpg,knife,open parcel,blade of knife,use knife to cut open parcel,Yes,success
open_parcel,5_1892_17771429579_b414413945_c.jpg,fork,open parcel,handle of fork,use fork to pry open parcel,Yes,success
open_parcel,5_1923_3190290825_1ea5de0d72_c.jpg,knife,open parcel,blade of knife,use knife to cut open parcel,Yes,success
open_parcel,5_1923_3190290825_1ea5de0d72_c.jpg,fork,open parcel,tines of fork,use fork to pry open parcel,Yes,success
open_parcel,5_2057_3123347135_5061a297de_c.jpg,knife,open parcel,blade of knife,use knife to cut open parcel,Yes,success
open_parcel,5_2057_3123347135_5061a297de_c.jpg,fork,open parcel,handle of fork,use fork to cut open parcel,Yes,success
open_parcel,5_2108_16091689539_fcdffd4b02_c.jpg,knife,open parcel,blade of knife,cut open parcel,Yes,success
open_parcel,5_2108_16091689539_fcdffd4b02_c.jpg,bottle,open parcel,top of bottle,open parcel with bottle,Yes,success
open_parcel,5_603_4108428173_c76e23c182_c.jpg,knife,open parcel,blade,use the blade to cut open the parcel,Yes,success
open_parcel,5_603_4108428173_c76e23c182_c.jpg,knife,open parcel,handle,use the handle to pry open the parcel,Yes,success
open_parcel,5_603_4108428173_c76e23c182_c.jpg,knife,open parcel,blade,use the blade to cut open the parcel,Yes,success
open_parcel,5_603_4108428173_c76e23c182_c.jpg,knife,open parcel,blade,use the blade to cut open the parcel,Yes,success
open_parcel,5_603_4108428173_c76e23c182_c.jpg,knife,open parcel,handle,use the handle to pry open the parcel,Yes,success
open_parcel,5_603_4108428173_c76e23c182_c.jpg,knife,open parcel,blade,use the blade to cut open the parcel,Yes,success
open_parcel,5_603_4108428173_c76e23c182_c.jpg,knife,open parcel,blade,use the blade to cut open the parcel,Yes,success
open_parcel,5_603_4108428173_c76e23c182_c.jpg,knife,open parcel,handle,use the handle to pry open the parcel,Yes,success
open_parcel,5_603_4108428173_c76e23c182_c.jpg,knife,open parcel,blade,use the blade to cut open the parcel,Yes,success
open_parcel,5_660_5524379131_d205c80778_c.jpg,knife,open parcel,blade,slice open parcel,Yes,success
open_parcel,5_660_5524379131_d205c80778_c.jpg,chopping board,open parcel,surface,cut open parcel,Yes,success
open_parcel,5_868_13288527023_49910ddfac_c.jpg,knife,open parcel,blade,simple action,Yes,success
open_parcel,5_868_13288527023_49910ddfac_c.jpg,fork,open parcel,handle,simple action,Yes,success
open_parcel,5_868_13288527023_49910ddfac_c.jpg,spoon,open parcel,handle,simple action,Yes,success
open_parcel,6_1157_24111311353_a7210b7001_c.jpg,knife,open parcel,blade,slice bread,Yes,success
open_parcel,6_1538_17076361718_300ac2792f_c.jpg,knife,open parcel,blade of knife,use knife to cut open parcel,Yes,success
open_parcel,6_1538_17076361718_300ac2792f_c.jpg,bowl,open parcel,bowl lid,use bowl lid to open parcel,Yes,success
open_parcel,6_1588_36680803901_7397cd1d74_c.jpg,knife,open parcel,blade,cut open parcel,Yes,success
open_parcel,6_1700_3437444555_bb9de6af95_c.jpg,knife,open parcel,blade,cut open the parcel,Yes,success
open_parcel,6_1810_48664847878_c68263c1a3_c.jpg,knife,open parcel,blade of knife,use knife to cut open parcel,Yes,success
open_parcel,6_1810_48664847878_c68263c1a3_c.jpg,chopping board,open parcel,surface of chopping board,use chopping board to hold open parcel,Yes,success
open_parcel,6_2770_172509244_002865d5e7_c.jpg,knife,open parcel,blade,cut open the parcel,Yes,success
open_parcel,6_2770_172509244_002865d5e7_c.jpg,scissors,open parcel,blades,cut open the parcel,Yes,success
open_parcel,6_2829_14230752234_7b31dbf2b7_c.jpg,knife,open parcel,blade,use knife to cut open parcel,Yes,success
open_parcel,6_2829_14230752234_7b31dbf2b7_c.jpg,fork,open parcel,tines,use fork to pry open parcel,Yes,success
open_parcel,6_2829_14230752234_7b31dbf2b7_c.jpg,bottle,open parcel,top,open bottle to access contents,Yes,success
open_parcel,6_2829_14230752234_7b31dbf2b7_c.jpg,plate,open parcel,center,use plate to support and hold open parcel,Yes,success
open_parcel,6_568_23553191038_b789181bb2_c.jpg,knife,open parcel,blade,slice open,Yes,success
open_parcel,6_626_2421209132_45fc44354b_c.jpg,knife,open parcel,blade,use knife to cut open parcel,Yes,success
open_parcel,6_626_2421209132_45fc44354b_c.jpg,fork,open parcel,handle,use fork to pry open parcel,Yes,success
open_parcel,6_974_1122106362_5cae720944_c.jpg,knife,open parcel,blade,cut open parcel,Yes,success
open_parcel,6_991_32524302794_a0769f467a_c.jpg,knife,open parcel,blade,cut open parcel,Yes,success
open_parcel,6_991_32524302794_a0769f467a_c.jpg,bottle,open parcel,top,open parcel,Yes,success
open_parcel,7_113_50825221028_e442a65977_c.jpg,knife,open parcel,blade,use blade to cut open parcel,Yes,success
open_parcel,7_1160_280126098_76790855dd_c.jpg,knife,open parcel,blade of knife,use knife to cut open parcel,Yes,success
open_parcel,7_1356_27249574792_a9169c3942_c.jpg,knife,open parcel,blade of knife,use knife to cut open parcel,Yes,success
open_parcel,7_1356_27249574792_a9169c3942_c.jpg,grater,open parcel,handle of grater,use grater to cut open parcel,Yes,success
open_parcel,7_1375_5825084565_82dce1df2e_c.jpg,knife,open parcel,blade of knife,slice through the parcel,Yes,success
open_parcel,7_1428_6177761732_f84295feeb_c.jpg,knife,open parcel,blade of knife,cut open parcel,Yes,success
open_parcel,7_1646_25760133322_d0e16dcb50_c.jpg,knife,open parcel,blade of knife,use to cut open the parcel,Yes,success
open_parcel,7_1646_25760133322_d0e16dcb50_c.jpg,fork,open parcel,prongs of fork,use to cut open the parcel,Yes,success
open_parcel,7_1865_33354862418_a484727e06_c.jpg,knife,open parcel,blade of knife,slice open parcel,Yes,success
open_parcel,7_1868_48278573846_0b07eceaee_c.jpg,knife,open parcel,handle of knife,use knife to cut open parcel,Yes,success
open_parcel,7_224_23110000342_f319ba6eed_c.jpg,scissors,open parcel,blade of scissors,cut open the parcel,Yes,success
open_parcel,7_2389_40482293872_6ef874e925_c.jpg,knife,open parcel,blade of knife,use knife to cut open parcel,Yes,success
open_parcel,7_269_6105180073_671d83f3d5_c.jpg,knife,open parcel,blade,pull the blade open,Yes,success
open_parcel,7_2827_20157602681_4f41715ba7_c.jpg,knife,open parcel,blade,use to cut open the parcel,Yes,success
open_parcel,7_2827_20157602681_4f41715ba7_c.jpg,fork,open parcel,handle,use to cut open the parcel,Yes,success
open_parcel,7_312_14380390435_7509f7e1fe_c.jpg,knife,open parcel,blade,use blade to cut open parcel,Yes,success
open_parcel,7_547_12041637043_945d8eacb8_c.jpg,knife,open parcel,blade,pull out the blade,Yes,success
open_parcel,7_976_36762227141_7441313120_c.jpg,knife,open parcel,blade of knife,use knife to cut open parcel,Yes,success
open_parcel,7_976_36762227141_7441313120_c.jpg,parcel,open parcel,top of parcel,use knife to cut open parcel,Yes,success
open_parcel,8_1033_6844360409_c0eff1656e_c.jpg,knife,open parcel,blade of knife,use blade to cut open parcel,Yes,success
open_parcel,8_1033_6844360409_c0eff1656e_c.jpg,fork,open parcel,handle of fork,use handle to pry open parcel,Yes,success
open_parcel,8_1107_6442519205_d980aa4db6_c.jpg,knife,open parcel,blade,cut open the oyster,Yes,success
open_parcel,8_1397_5759535235_07369d7e70_c.jpg,knife,open parcel,blade of knife,cut open the parcel,Yes,success
open_parcel,8_1397_5759535235_07369d7e70_c.jpg,fork,open parcel,prongs of fork,tear open the parcel,Yes,success
open_parcel,8_1484_46636354205_0c87b0fbba_c.jpg,knife,open parcel,blade,use blade to cut open parcel,Yes,success
open_parcel,8_1484_46636354205_0c87b0fbba_c.jpg,bottle,open parcel,top,unscrew top to open parcel,Yes,success
open_parcel,8_1609_4940967288_34f5c607d6_c.jpg,knife,open parcel,blade of knife,slice through the vegetables,Yes,success
open_parcel,8_1749_4948385435_c7d92e9088_c.jpg,knife,open parcel,blade of knife,slice open parcel,Yes,success
open_parcel,8_261_14660124231_d25476079a_c.jpg,knife,open parcel,blade,pull out blade,Yes,success
open_parcel,8_332_16571084775_89594e4cc9_c.jpg,knife,open parcel,blade of knife,use knife to open parcel,Yes,success
open_parcel,8_332_16571084775_89594e4cc9_c.jpg,fork,open parcel,tines of fork,use fork to open parcel,Yes,success
open_parcel,8_503_14271557272_175f5b7516_c.jpg,knife,open parcel,blade of knife,use knife to cut open parcel,Yes,success
open_parcel,8_503_14271557272_175f5b7516_c.jpg,plate,open parcel,edge of plate,use plate to hold open parcel,Yes,success
open_parcel,8_653_6170271772_883a08508c_c.jpg,knife,open parcel,blade of knife,use knife to cut open parcel,Yes,success
open_parcel,8_653_6170271772_883a08508c_c.jpg,bowl,open parcel,inside of bowl,use bowl to hold open parcel,Yes,success
open_parcel,8_802_416825195_307d9f5b59_c.jpg,fork,open parcel,handle of fork,use fork to open parcel,Yes,success
open_parcel,8_802_416825195_307d9f5b59_c.jpg,spoon,open parcel,handle of spoon,use spoon to open parcel,Yes,success
open_parcel,8_833_4885575129_e1a4bb42ab_c.jpg,knife,open parcel,blade,cut open parcel,Yes,success
open_parcel,8_865_8043425303_6c0d494a0b_c.jpg,knife,open parcel,blade of knife,use blade to cut open parcel,Yes,success
open_parcel,8_903_2367212171_a6014bd22d_c.jpg,knife,open parcel,blade,use to cut open the parcel,Yes,success
open_parcel,8_903_2367212171_a6014bd22d_c.jpg,scissors,open parcel,handle,use to cut open the parcel,Yes,success
open_parcel,8_903_2367212171_a6014bd22d_c.jpg,spoon,open parcel,handle,use to cut open the parcel,Yes,success
open_parcel,9_1131_5697356476_a2758210bd_c.jpg,knife,open parcel,blade of knife,cut open parcel,Yes,success
open_parcel,9_1131_5697356476_a2758210bd_c.jpg,plate,open parcel,center of plate,open parcel,Yes,success
open_parcel,9_1133_269054654_d0052024ca_c.jpg,knife,open parcel,blade of knife,cut open parcel,Yes,success
open_parcel,9_1260_47857475142_c87ab45527_c.jpg,parcel,open parcel,top of parcel,simple action,Yes,success
open_parcel,9_1482_187205466_d9337b47a9_c.jpg,knife,open parcel,blade of knife,cut open parcel,Yes,success
open_parcel,9_1879_16013453587_fedcb7f098_c.jpg,knife,open parcel,handle of knife,simple action,Yes,success
open_parcel,9_1879_16013453587_fedcb7f098_c.jpg,fork,open parcel,handle of fork,simple action,Yes,success
open_parcel,9_1956_4033290229_f6d2d3980c_c.jpg,knife,open parcel,blade,slice through the parcel,Yes,success
open_parcel,9_202_7001762985_557dbfee45_c.jpg,knife,open parcel,blade of knife,use the blade to cut the wrapping paper,Yes,success
open_parcel,9_261_5581794442_834e704d58_c.jpg,knife,open parcel,blade,use blade to cut open parcel,Yes,success
open_parcel,9_338_33434055140_16df1b2bde_c.jpg,knife,open parcel,blade,use blade to cut open parcel,Yes,success
open_parcel,9_338_33434055140_16df1b2bde_c.jpg,watch,open parcel,watch band,use watch band to pull open parcel,Yes,success
open_parcel,9_338_33434055140_16df1b2bde_c.jpg,flashlight,open parcel,light,use light to see inside parcel,Yes,success
open_parcel,9_646_21808084442_deca52a0f6_c.jpg,knife,open parcel,blade of knife,use knife to cut open parcel,Yes,success
open_parcel,9_656_5324705732_f2925f2042_c.jpg,knife,open parcel,blade,use the blade to cut open the parcel,Yes,success
open_parcel,9_656_5324705732_f2925f2042_c.jpg,grater,open parcel,handle,use the handle to pry open the parcel,Yes,success
open_parcel,9_953_218044949_a7593fa6ee_c.jpg,knife,open parcel,blade of knife,use knife to cut open parcel,Yes,success
open_parcel,9_969_120731443_0ad6954134_c.jpg,knife,open parcel,blade of knife,use knife to cut open parcel,Yes,success
open_parcel,9_969_120731443_0ad6954134_c.jpg,fork,open parcel,handle of fork,use fork to pry open parcel,Yes,success
open_parcel,COCO_val2014_000000000486.jpg,knife,open parcel,handle of knife,use knife to cut open parcel,Yes,success
open_parcel,COCO_val2014_000000000486.jpg,bowl,open parcel,bottom of bowl,use bowl to hold open parcel,Yes,success
open_parcel,COCO_val2014_000000001180.jpg,knife,open parcel,blade,cut open parcel,Yes,success
open_parcel,COCO_val2014_000000001647.jpg,scissors,open parcel,handle,pull the handle,Yes,success
open_parcel,COCO_val2014_000000001852.jpg,scissors,open parcel,blade of scissors,cut open the parcel,Yes,success
open_parcel,COCO_val2014_000000002592.jpg,knife,open parcel,blade,use blade to cut open parcel,Yes,success
open_parcel,COCO_val2014_000000004256.jpg,knife,open parcel,blade of knife,use the blade to cut open the parcel,Yes,success
open_parcel,COCO_val2014_000000004256.jpg,fork,open parcel,handle of fork,use the handle to pry open the parcel,Yes,success
open_parcel,COCO_val2014_000000005001.jpg,scissors,open parcel,handle of scissors,cut the red ribbon,Yes,success
open_parcel,COCO_val2014_000000005001.jpg,red ribbon,open parcel,length of ribbon,pull the red ribbon,Yes,success
open_parcel,COCO_val2014_000000005670.jpg,scissors,open parcel,handle of scissors,use scissors to cut open parcel,Yes,success
open_parcel,COCO_val2014_000000005724.jpg,knife,open parcel,blade of knife,use the blade to cut open the parcel,Yes,success
open_parcel,COCO_val2014_000000005724.jpg,plate,open parcel,edge of plate,use the edge of the plate to pry open the parcel,Yes,success
open_parcel,COCO_val2014_000000005961.jpg,knife,open parcel,blade of knife,slice through the package,Yes,success
open_parcel,COCO_val2014_000000006177.jpg,scissors,open parcel,blade,cut open parcel,Yes,success
open_parcel,COCO_val2014_000000006393.jpg,scissors,open parcel,handle of scissors,pull open the parcel,Yes,success
open_parcel,COCO_val2014_000000006415.jpg,knife,open parcel,blade of knife,slice through the carrot pieces,Yes,success
open_parcel,COCO_val2014_000000006658.jpg,knife,open parcel,blade,cut open parcel,Yes,success
open_parcel,COCO_val2014_000000006658.jpg,parcel,open parcel,edge,tear open parcel,Yes,success
open_parcel,COCO_val2014_000000009647.jpg,scissors,open parcel,handle of scissors,pull the handle of scissors,Yes,success
open_parcel,COCO_val2014_000000010149.jpg,knife,open parcel,blade,slice open the parcel,Yes,success
open_parcel,COCO_val2014_000000010149.jpg,cutting board,open parcel,surface,place the parcel on the cutting board,Yes,success
open_parcel,COCO_val2014_000000010583.jpg,knife,open parcel,handle of knife,use knife to cut open parcel,Yes,success
open_parcel,COCO_val2014_000000011262.jpg,scissors,open parcel,blade of scissors,cut open parcel,Yes,success
open_parcel,COCO_val2014_000000011262.jpg,knife,open parcel,blade of knife,cut open parcel,Yes,success
open_parcel,COCO_val2014_000000011360.jpg,knife,open parcel,blade,cut open parcel,Yes,success
open_parcel,COCO_val2014_000000011360.jpg,wooden cutting board,open parcel,surface,cut open parcel,Yes,success
open_parcel,COCO_val2014_000000012991.jpg,knife,open parcel,handle of knife,use knife to cut open parcel,Yes,success
open_parcel,COCO_val2014_000000013145.jpg,knife,open parcel,blade of knife,use blade to cut open the parcel,Yes,success
open_parcel,COCO_val2014_000000013783.jpg,scissors,open parcel,handle of scissors,use scissors to cut open parcel,Yes,success
open_parcel,COCO_val2014_000000014635.jpg,knife,open parcel,blade of knife,use knife to cut open parcel,Yes,success
open_parcel,COCO_val2014_000000015079.jpg,knife,open parcel,blade of knife,use knife to cut sandwich,Yes,success
open_parcel,COCO_val2014_000000016732.jpg,scissors,open parcel,handle,pull open the parcel,Yes,success
open_parcel,COCO_val2014_000000016928.jpg,scissors,open parcel,blade,pull open the parcel,Yes,success
open_parcel,COCO_val2014_000000017972.jpg,scissors,open parcel,blunt edge of scissors,pull the sharp edge of the scissors,Yes,success
open_parcel,COCO_val2014_000000019484.jpg,knife,open parcel,blade,use the blade to cut open the parcel,Yes,success
open_parcel,COCO_val2014_000000020177.jpg,knife,open parcel,blade of knife,use knife to cut open parcel,Yes,success
open_parcel,COCO_val2014_000000020177.jpg,bottle,open parcel,bottle cap,unscrew bottle cap,Yes,success
open_parcel,COCO_val2014_000000021686.jpg,knife,open parcel,blade of knife,use knife to cut open parcel,Yes,success
open_parcel,COCO_val2014_000000021776.jpg,knife,open parcel,blade of knife,slice apple,Yes,success
open_parcel,COCO_val2014_000000022474.jpg,knife,open parcel,blade of knife,slice the cake,Yes,success
open_parcel,COCO_val2014_000000022775.jpg,knife,open parcel,blade,use blade to cut open the orange,Yes,success
open_parcel,COCO_val2014_000000022850.jpg,knife,open parcel,blade,cut open the parcel,Yes,success
open_parcel,COCO_val2014_000000022850.jpg,serving spoon,open parcel,handle,use to cut open the parcel,Yes,success
open_parcel,COCO_val2014_000000024197.jpg,knife,open parcel,blade of knife,slice through the crust,Yes,success
open_parcel,COCO_val2014_000000024391.jpg,knife,open parcel,blade,cut open parcel,Yes,success
open_parcel,COCO_val2014_000000024391.jpg,bottle,open parcel,top,open parcel,Yes,success
open_parcel,COCO_val2014_000000025096.jpg,knife,open parcel,blade,slice through the cake,Yes,success
open_parcel,COCO_val2014_000000025654.jpg,scissors,open parcel,handle of scissors,hold the handle of scissors,Yes,success
open_parcel,COCO_val2014_000000027696.jpg,fork,open parcel,handle of fork,use fork to tear open the parcel,Yes,success
open_parcel,COCO_val2014_000000032656.jpg,knife,open parcel,blade of knife,use the blade to cut the cake,Yes,success
open_parcel,COCO_val2014_000000032656.jpg,cake,open parcel,top of cake,use the knife to cut the cake,Yes,success
open_parcel,COCO_val2014_000000033845.jpg,laptop,open parcel,laptop screen,use laptop screen to open parcel,Yes,success
open_parcel,COCO_val2014_000000033845.jpg,knife,open parcel,knife blade,use knife blade to cut parcel,Yes,success
open_parcel,COCO_val2014_000000033845.jpg,cup,open parcel,cup handle,use cup handle to pry open parcel,Yes,success
open_parcel,COCO_val2014_000000034080.jpg,scissors,open parcel,handle,pull open the parcel,Yes,success
open_parcel,COCO_val2014_000000034877.jpg,knife,open parcel,blade of knife,use blade to cut open the parcel,Yes,success
open_parcel,COCO_val2014_000000035279.jpg,laptop,open parcel,laptop screen,use the laptop screen to open the parcel,Yes,success
open_parcel,COCO_val2014_000000035279.jpg,book,open parcel,book cover,use the book cover to open the parcel,Yes,success
open_parcel,COCO_val2014_000000035279.jpg,camera,open parcel,camera lens,use the camera lens to open the parcel,Yes,success
open_parcel,COCO_val2014_000000035525.jpg,knife,open parcel,blade of knife,use knife to cut open parcel,Yes,success
open_parcel,COCO_val2014_000000035525.jpg,cabinet,open parcel,handle of cabinet,open cabinet to find parcel,Yes,success
open_parcel,COCO_val2014_000000035677.jpg,knife,open parcel,blade of knife,slice the cake,Yes,success
open_parcel,COCO_val2014_000000035705.jpg,scissors,open parcel,handle of scissors,use scissors to cut open the parcel,Yes,success
open_parcel,COCO_val2014_000000035705.jpg,laptop,open parcel,laptop screen,use laptop to open the parcel,Yes,success
open_parcel,COCO_val2014_000000037814.jpg,scissors,open parcel,handle of scissors,use scissors to cut the thread,Yes,success
open_parcel,COCO_val2014_000000037814.jpg,spool of thread,open parcel,spool of thread,use the spool of thread to tie the parcel,Yes,success
open_parcel,COCO_val2014_000000037900.jpg,knife,open parcel,blade,use blade to cut open parcel,Yes,success
open_parcel,COCO_val2014_000000037900.jpg,pen,open parcel,tip,use tip to puncture parcel,Yes,success
open_parcel,COCO_val2014_000000037900.jpg,pen cap,open parcel,top,use top to puncture parcel,Yes,success
open_parcel,COCO_val2014_000000038963.jpg,knife,open parcel,blade,use knife to cut open parcel,Yes,success
open_parcel,COCO_val2014_000000039663.jpg,scissors,open parcel,handle of scissors,use scissors to cut open the parcel,Yes,success
open_parcel,COCO_val2014_000000039663.jpg,backpack,open parcel,front pocket of backpack,open the front pocket of the backpack to access the parcel,Yes,success
open_parcel,COCO_val2014_000000041478.jpg,scissors,open parcel,handle of scissors,use scissors to cut open parcel,Yes,success
open_parcel,COCO_val2014_000000043375.jpg,knife,open parcel,blade,use the blade to cut open the parcel,Yes,success
open_parcel,COCO_val2014_000000047807.jpg,knife,open parcel,blade,slice open,Yes,success
open_parcel,COCO_val2014_000000048050.jpg,parcel,open parcel,front of parcel,pull the ribbon,Yes,success
open_parcel,COCO_val2014_000000049445.jpg,,,,,No,no_json_found
open_parcel,COCO_val2014_000000050230.jpg,knife,open parcel,blade of knife,use the blade to cut open the parcel,Yes,success
open_parcel,COCO_val2014_000000050230.jpg,peas,open parcel,peas on the cutting board,use the peas to create a makeshift tool to pry open the parcel,Yes,success
open_parcel,COCO_val2014_000000051500.jpg,scissors,open parcel,handle of scissors,hold scissors,Yes,success
open_parcel,COCO_val2014_000000052703.jpg,knife,open parcel,blade,use knife to cut open parcel,Yes,success
open_parcel,COCO_val2014_000000052703.jpg,plate,open parcel,edge,use edge of plate to pry open parcel,Yes,success
open_parcel,COCO_val2014_000000054870.jpg,knife,open parcel,handle of knife,use knife to cut open parcel,Yes,success
open_parcel,COCO_val2014_000000056430.jpg,knife,open parcel,blade of knife,use knife to cut open parcel,Yes,success
open_parcel,COCO_val2014_000000056430.jpg,foil,open parcel,foil,use foil to wrap and protect the sandwich,Yes,success
open_parcel,COCO_val2014_000000057072.jpg,knife,open parcel,blade,slice through the bread,Yes,success
open_parcel,COCO_val2014_000000057100.jpg,knife,open parcel,blade of knife,slice cake,Yes,success
open_parcel,COCO_val2014_000000058350.jpg,knife,open parcel,blade of knife,use knife to cut open the parcel,Yes,success
open_parcel,COCO_val2014_000000058350.jpg,pizza,open parcel,slice of pizza,use pizza to cut open the parcel,Yes,success
open_parcel,COCO_val2014_000000060246.jpg,knife,open parcel,blade of knife,cut parcel open,Yes,success
open_parcel,COCO_val2014_000000060246.jpg,candle,open parcel,base of candle,light candle,Yes,success
open_parcel,COCO_val2014_000000061315.jpg,knife,open parcel,blade of knife,use knife to cut open parcel,Yes,success
open_parcel,COCO_val2014_000000061315.jpg,pizza,open parcel,top of pizza,use pizza to cover open parcel,Yes,success
open_parcel,COCO_val2014_000000062154.jpg,scissors,open parcel,handle of scissors,use scissors to cut open parcel,Yes,success
open_parcel,COCO_val2014_000000062154.jpg,thread,open parcel,thread,use thread to tie parcel,Yes,success
open_parcel,COCO_val2014_000000063648.jpg,scissors,open parcel,handle of scissors,use scissors to cut the tape on the box,Yes,success
open_parcel,COCO_val2014_000000063648.jpg,box,open parcel,top of box,pull the top of the box to open it,Yes,success
open_parcel,COCO_val2014_000000064574.jpg,pen,open parcel,pen tip,use the pen to puncture the parcel,Yes,success
open_parcel,COCO_val2014_000000064574.jpg,knife,open parcel,blade,use the knife to cut the parcel open,Yes,success
open_parcel,COCO_val2014_000000064574.jpg,lighter,open parcel,flint,use the lighter to ignite a fire and heat the parcel,Yes,success
open_parcel,COCO_val2014_000000064574.jpg,hairbrush,open parcel,brush bristles,use the hairbrush to create friction and heat the parcel,Yes,success
open_parcel,COCO_val2014_000000064909.jpg,knife,open parcel,blade of knife,cut open parcel,Yes,success
open_parcel,COCO_val2014_000000066231.jpg,knife,open parcel,blade,simple action,Yes,success
open_parcel,COCO_val2014_000000066231.jpg,knife,open parcel,blade,simple action,Yes,success
open_parcel,COCO_val2014_000000066231.jpg,knife,open parcel,blade,simple action,Yes,success
open_parcel,COCO_val2014_000000066468.jpg,knife,open parcel,blade of knife,use knife to cut open the parcel,Yes,success
open_parcel,COCO_val2014_000000066468.jpg,pizza,open parcel,crust of pizza,use the crust to open the parcel,Yes,success
open_parcel,COCO_val2014_000000068300.jpg,knife,open parcel,blade,use the blade to cut open the parcel,Yes,success
open_parcel,COCO_val2014_000000068300.jpg,fork,open parcel,handle,use the handle to pry open the parcel,Yes,success
open_parcel,COCO_val2014_000000069577.jpg,knife,open parcel,blade of knife,use knife to cut open parcel,Yes,success
open_parcel,COCO_val2014_000000069577.jpg,parcel,open parcel,front of parcel,use knife to cut open parcel,Yes,success
open_parcel,COCO_val2014_000000070256.jpg,knife,open parcel,handle of knife,simple action,Yes,success
open_parcel,COCO_val2014_000000070945.jpg,parlour,open parcel,front of parlour,simple action,Yes,success
open_parcel,COCO_val2014_000000074135.jpg,knife,open parcel,blade,slice open parcel,Yes,success
open_parcel,COCO_val2014_000000074135.jpg,bowl,open parcel,bottom,lift lid,Yes,success
open_parcel,COCO_val2014_000000076731.jpg,pen,open parcel,top of pen,use pen to pry open the parcel,Yes,success
open_parcel,COCO_val2014_000000078426.jpg,cat,open parcel,head,simple action,Yes,success
open_parcel,COCO_val2014_000000078426.jpg,pen,open parcel,tip,simple action,Yes,success
open_parcel,COCO_val2014_000000078478.jpg,knife,open parcel,blade of knife,slice through foil,Yes,success
open_parcel,COCO_val2014_000000078478.jpg,foil,open parcel,edges of foil,tear open,Yes,success
open_parcel,COCO_val2014_000000081354.jpg,scissors,open parcel,handle,pull open the handle,Yes,success
open_parcel,COCO_val2014_000000085674.jpg,knife,open parcel,blade of knife,cut open parcel,Yes,success
open_parcel,COCO_val2014_000000086008.jpg,scissors,open parcel,handle of scissors,use scissors to cut open the parcel,Yes,success
open_parcel,COCO_val2014_000000086008.jpg,parcel,open parcel,top of parcel,pull the top of the parcel open,Yes,success
open_parcel,COCO_val2014_000000086147.jpg,knife,open parcel,blade of knife,use knife to cut cake,Yes,success
open_parcel,COCO_val2014_000000086147.jpg,cake,open parcel,top of cake,use knife to cut cake,Yes,success
open_parcel,COCO_val2014_000000087567.jpg,knife,open parcel,blade,use to cut open the parcel,Yes,success
open_parcel,COCO_val2014_000000087567.jpg,cutting board,open parcel,surface,use to cut open the parcel,Yes,success
open_parcel,COCO_val2014_000000088988.jpg,microwave,open parcel,front of microwave,use microwave to heat food,Yes,success
open_parcel,COCO_val2014_000000089367.jpg,knife,open parcel,blade of knife,slice pizza,Yes,success
open_parcel,COCO_val2014_000000089557.jpg,knife,open parcel,blade of knife,cut open parcel,Yes,success
open_parcel,COCO_val2014_000000089738.jpg,scissors,open parcel,blade of scissors,use blade to cut open the parcel,Yes,success
open_parcel,COCO_val2014_000000089839.jpg,knife,open parcel,blade,use blade to cut open parcel,Yes,success
open_parcel,COCO_val2014_000000089839.jpg,clock,open parcel,face,use clock to open parcel,Yes,success
open_parcel,COCO_val2014_000000090554.jpg,scissors,open parcel,handle of scissors,use scissors to cut open the parcel,Yes,success
open_parcel,COCO_val2014_000000090554.jpg,toothbrush,open parcel,handle of toothbrush,use toothbrush to cut open the parcel,Yes,success
open_parcel,COCO_val2014_000000090554.jpg,comb,open parcel,handle of comb,use comb to cut open the parcel,Yes,success
open_parcel,COCO_val2014_000000091318.jpg,scissors,open parcel,handle of scissors,use scissors to cut the parcel,Yes,success
open_parcel,COCO_val2014_000000091326.jpg,knife,open parcel,blade of knife,slice pizza,Yes,success
open_parcel,COCO_val2014_000000091353.jpg,knife,open parcel,blade of knife,use knife to cut open parcel,Yes,success
open_parcel,COCO_val2014_000000091406.jpg,pizza,open parcel,top of pizza box,simple action,Yes,success
open_parcel,COCO_val2014_000000092059.jpg,knife,open parcel,blade of knife,slice through the parcel,Yes,success
open_parcel,COCO_val2014_000000092519.jpg,knife,open parcel,blade of knife,use knife to cut open parcel,Yes,success
open_parcel,COCO_val2014_000000092602.jpg,knife,open parcel,blade of knife,slice cake,Yes,success
open_parcel,COCO_val2014_000000093746.jpg,knife,open parcel,blade of knife,slice cake,Yes,success
open_parcel,COCO_val2014_000000093746.jpg,cake,open parcel,top of cake,slice cake,Yes,success
open_parcel,COCO_val2014_000000099024.jpg,scissors,open parcel,handle of scissors,use scissors to cut the tape holding the parcel together,Yes,success
open_parcel,COCO_val2014_000000100203.jpg,knife,open parcel,blade of knife,use knife to cut parcel,Yes,success
open_parcel,COCO_val2014_000000100203.jpg,plate,open parcel,edge of plate,use plate to hold parcel,Yes,success
open_parcel,COCO_val2014_000000101919.jpg,pizza,open parcel,top part of pizza,simple action,Yes,success
open_parcel,COCO_val2014_000000103027.jpg,parcel,open parcel,top of parcel,simple action,Yes,success
open_parcel,COCO_val2014_000000103379.jpg,scissors,open parcel,blades of scissors,cut open parcel,Yes,success
open_parcel,COCO_val2014_000000105655.jpg,knife,open parcel,blade of knife,cut open parcel,Yes,success
open_parcel,COCO_val2014_000000105655.jpg,plate,open parcel,edge of plate,lift edge of plate,Yes,success
open_parcel,COCO_val2014_000000107020.jpg,knife,open parcel,blade of knife,slice through the cake,Yes,success
open_parcel,COCO_val2014_000000107831.jpg,knife,open parcel,blade,slice through the packaging,Yes,success
open_parcel,COCO_val2014_000000108021.jpg,scissors,open parcel,handle,pull the loop to open the parcel,Yes,success
open_parcel,COCO_val2014_000000108431.jpg,scissors,open parcel,handle,use handle to cut parcel,Yes,success
open_parcel,COCO_val2014_000000109673.jpg,knife,open parcel,blade,cut open parcel,Yes,success
open_parcel,COCO_val2014_000000109673.jpg,knife,open parcel,blade,cut open parcel,Yes,success
open_parcel,COCO_val2014_000000109673.jpg,knife,open parcel,blade,cut open parcel,Yes,success
open_parcel,COCO_val2014_000000110672.jpg,knife,open parcel,blade of knife,use blade to cut open parcel,Yes,success
open_parcel,COCO_val2014_000000110672.jpg,bottle,open parcel,top of bottle,unscrew top of bottle to open parcel,Yes,success
open_parcel,COCO_val2014_000000111104.jpg,knife,open parcel,blade of knife,use knife to cut cake,Yes,success
open_parcel,COCO_val2014_000000111629.jpg,knife,open parcel,blade of knife,use knife to cut open parcel,Yes,success
open_parcel,COCO_val2014_000000111629.jpg,knife,open parcel,blade of knife,use knife to cut open parcel,Yes,success
open_parcel,COCO_val2014_000000112437.jpg,knife,open parcel,blade of knife,use knife to cut cake,Yes,success
open_parcel,COCO_val2014_000000112437.jpg,cake,open parcel,top of cake,use knife to cut cake,Yes,success
open_parcel,COCO_val2014_000000112988.jpg,knife,open parcel,blade of knife,cut the cake,Yes,success
open_parcel,COCO_val2014_000000113126.jpg,scissors,open parcel,handle,pull open the handle,Yes,success
open_parcel,COCO_val2014_000000113126.jpg,punch,open parcel,handle,pull open the handle,Yes,success
open_parcel,COCO_val2014_000000113440.jpg,knife,open parcel,blade of knife,slice the cake,Yes,success
open_parcel,COCO_val2014_000000113533.jpg,knife,open parcel,blade of knife,slice through the parcel,Yes,success
open_parcel,COCO_val2014_000000113533.jpg,parcel,open parcel,top of parcel,pull open the parcel,Yes,success
open_parcel,COCO_val2014_000000113571.jpg,knife,open parcel,blade of knife,slice into cake,Yes,success
open_parcel,COCO_val2014_000000115793.jpg,knife,open parcel,blade of knife,use knife to cut open parcel,Yes,success
open_parcel,COCO_val2014_000000115793.jpg,pizza,open parcel,crust of pizza,use pizza to cover and seal parcel,Yes,success
open_parcel,COCO_val2014_000000116206.jpg,knife,open parcel,blade of knife,use knife to cut open parcel,Yes,success
open_parcel,COCO_val2014_000000116825.jpg,knife,open parcel,blade,use blade to cut open parcel,Yes,success
open_parcel,COCO_val2014_000000117308.jpg,scissors,open parcel,handle of scissors,pull the thread,Yes,success
open_parcel,COCO_val2014_000000117441.jpg,scissors,open parcel,handle,pull open,Yes,success
open_parcel,COCO_val2014_000000117441.jpg,knife,open parcel,blade,slice open,Yes,success
open_parcel,COCO_val2014_000000118344.jpg,knife,open parcel,blade of knife,use knife to cut open parcel,Yes,success
open_parcel,COCO_val2014_000000118344.jpg,knife,open parcel,blade of knife,use knife to cut open parcel,Yes,success
open_parcel,COCO_val2014_000000118344.jpg,knife,open parcel,blade of knife,use knife to cut open parcel,Yes,success
open_parcel,COCO_val2014_000000118846.jpg,scissors,open parcel,blade of scissors,use the blade to cut the parcel open,Yes,success
open_parcel,COCO_val2014_000000119677.jpg,fork,open parcel,handle of fork,use fork to cut into the cheesecake,Yes,success
open_parcel,COCO_val2014_000000122602.jpg,scissors,open parcel,handle of scissors,use scissors to cut open the parcel,Yes,success
open_parcel,COCO_val2014_000000122602.jpg,cutting mat,open parcel,surface of cutting mat,place the cutting mat on top of the parcel to protect it,Yes,success
open_parcel,COCO_val2014_000000123071.jpg,knife,open parcel,blade of knife,slice pizza,Yes,success
open_parcel,COCO_val2014_000000123642.jpg,knife,open parcel,blade of knife,use knife to cut sandwich,Yes,success
open_parcel,COCO_val2014_000000123810.jpg,knife,open parcel,blade of knife,use knife to cut cake,Yes,success
open_parcel,COCO_val2014_000000124135.jpg,knife,open parcel,blade,cut open parcel,Yes,success
open_parcel,COCO_val2014_000000131847.jpg,scissors,open parcel,blade,cut open parcel,Yes,success
open_parcel,COCO_val2014_000000133050.jpg,knife,open parcel,blade of knife,use the sharp edge to cut open the parcel,Yes,success
open_parcel,COCO_val2014_000000136270.jpg,knife,open parcel,handle of knife,use knife to cut cake,Yes,success
open_parcel,COCO_val2014_000000136270.jpg,cake,open parcel,top of cake,use knife to cut cake,Yes,success
open_parcel,COCO_val2014_000000136458.jpg,,,,,No,no_json_found
open_parcel,COCO_val2014_000000137475.jpg,cut paper,open parcel,cut paper,simple action,Yes,success
open_parcel,COCO_val2014_000000137475.jpg,knife,open parcel,knife,simple action,Yes,success
open_parcel,COCO_val2014_000000140021.jpg,scissors,open parcel,blade,cut the ribbon,Yes,success
open_parcel,COCO_val2014_000000140388.jpg,knife,open parcel,blade of knife,use knife to cut parcel,Yes,success
open_parcel,COCO_val2014_000000141163.jpg,knife,open parcel,blade of knife,slice through the parcel,Yes,success
open_parcel,COCO_val2014_000000141317.jpg,pizza,open parcel,top part of pizza,simple action,Yes,success
open_parcel,COCO_val2014_000000143516.jpg,knife,open parcel,blade of knife,use knife to cut open parcel,Yes,success
open_parcel,COCO_val2014_000000143516.jpg,plate,open parcel,edge of plate,use edge of plate to cut open parcel,Yes,success
open_parcel,COCO_val2014_000000144003.jpg,knife,open parcel,blade of knife,use knife to cut open parcel,Yes,success
open_parcel,COCO_val2014_000000145436.jpg,knife,open parcel,blade,use to cut open the orange,Yes,success
open_parcel,COCO_val2014_000000145436.jpg,orange,open parcel,cut side,use to open the orange,Yes,success
open_parcel,COCO_val2014_000000147236.jpg,scissors,open parcel,handle of scissors,pull open the parcel,Yes,success
open_parcel,COCO_val2014_000000149251.jpg,knife,open parcel,blade,slice through the parcel,Yes,success
open_parcel,COCO_val2014_000000150986.jpg,scissors,open parcel,blade of scissors,open parcel,Yes,success
open_parcel,COCO_val2014_000000151387.jpg,knife,open parcel,blade,use blade to cut open parcel,Yes,success
open_parcel,COCO_val2014_000000151387.jpg,pliers,open parcel,handle,use handle to pry open parcel,Yes,success
open_parcel,COCO_val2014_000000151790.jpg,scissors,open parcel,handle of scissors,use scissors to cut open the parcel,Yes,success
open_parcel,COCO_val2014_000000151790.jpg,box,open parcel,top of box,use the box to open the parcel,Yes,success
open_parcel,COCO_val2014_000000152202.jpg,knife,open parcel,blade of knife,use knife to cut parcel,Yes,success
open_parcel,COCO_val2014_000000152326.jpg,knife,open parcel,blade of knife,cut open parcel,Yes,success
open_parcel,COCO_val2014_000000153300.jpg,knife,open parcel,blade of knife,use knife to cut parcel,Yes,success
open_parcel,COCO_val2014_000000153632.jpg,knife,open parcel,blade,use blade to cut open parcel,Yes,success
open_parcel,COCO_val2014_000000154202.jpg,laptop,open parcel,laptop screen,use laptop screen to open parcel,Yes,success
open_parcel,COCO_val2014_000000154202.jpg,ipod,open parcel,ipod screen,use ipod screen to open parcel,Yes,success
open_parcel,COCO_val2014_000000154202.jpg,mouse,open parcel,mouse button,click mouse button to open parcel,Yes,success
open_parcel,COCO_val2014_000000154202.jpg,notebook,open parcel,notebook cover,open notebook cover to access contents,Yes,success
open_parcel,COCO_val2014_000000154202.jpg,pens,open parcel,pens cap,use pens cap to open parcel,Yes,success
open_parcel,COCO_val2014_000000154202.jpg,scissors,open parcel,scissors blade,use scissors blade to cut parcel,Yes,success
open_parcel,COCO_val2014_000000154202.jpg,keychain,open parcel,keychain ring,use keychain ring to open parcel,Yes,success
open_parcel,COCO_val2014_000000154202.jpg,phone,open parcel,phone screen,use phone screen to open parcel,Yes,success
open_parcel,COCO_val2014_000000154202.jpg,backpack,open parcel,backpack zipper,use backpack zipper to open parcel,Yes,success
open_parcel,COCO_val2014_000000154213.jpg,scissors,open parcel,handle of scissors,use scissors to cut open the pie crust,Yes,success
open_parcel,COCO_val2014_000000154213.jpg,pie crust,open parcel,edges of pie crust,use fingers to pull open the edges of the pie crust,Yes,success
open_parcel,COCO_val2014_000000157184.jpg,scissors,open parcel,handle of scissors,use scissors to cut open parcel,Yes,success
open_parcel,COCO_val2014_000000160012.jpg,pizza,open parcel,top part of pizza,use the pizza as a tool to open the parcel,Yes,success
open_parcel,COCO_val2014_000000160012.jpg,table,open parcel,center of table,use the table as a surface to place the pizza and open the parcel,Yes,success
open_parcel,COCO_val2014_000000161008.jpg,scissors,open parcel,handle,pull the handle,Yes,success
open_parcel,COCO_val2014_000000161447.jpg,pizza,open parcel,top part of pizza,simple action,Yes,success
open_parcel,COCO_val2014_000000161447.jpg,knife,open parcel,handle of knife,simple action,Yes,success
open_parcel,COCO_val2014_000000162332.jpg,knife,open parcel,blade of knife,slice cake,Yes,success
open_parcel,COCO_val2014_000000162332.jpg,cake,open parcel,top of cake,cut into pieces,Yes,success
open_parcel,COCO_val2014_000000164635.jpg,pizza,open parcel,top of pizza,slice pizza,Yes,success
open_parcel,COCO_val2014_000000164635.jpg,pizza cutter,open parcel,handle of pizza cutter,slice pizza,Yes,success
open_parcel,COCO_val2014_000000165464.jpg,knife,open parcel,blade of knife,slice cake,Yes,success
open_parcel,COCO_val2014_000000167131.jpg,knife,open parcel,blade of knife,use the blade to cut open the parcel,Yes,success
open_parcel,COCO_val2014_000000167989.jpg,knife,open parcel,blade of knife,use knife to cut open parcel,Yes,success
open_parcel,COCO_val2014_000000167989.jpg,bowl,open parcel,bottom of bowl,use bowl to hold and cut open parcel,Yes,success
open_parcel,COCO_val2014_000000168353.jpg,cake,open parcel,top of cake,simple action,Yes,success
open_parcel,COCO_val2014_000000169045.jpg,knife,open parcel,blade of knife,use knife to cut open parcel,Yes,success
open_parcel,COCO_val2014_000000169045.jpg,scissors,open parcel,handle of scissors,use scissors to cut open parcel,Yes,success
open_parcel,COCO_val2014_000000170038.jpg,knife,open parcel,handle of knife,use knife to cut open parcel,Yes,success
open_parcel,COCO_val2014_000000170716.jpg,knife,open parcel,blade,use knife to cut open parcel,Yes,success
open_parcel,COCO_val2014_000000170729.jpg,knife,open parcel,blade of knife,use knife to cut open parcel,Yes,success
open_parcel,COCO_val2014_000000170729.jpg,fork,open parcel,handle of fork,use fork to pry open parcel,Yes,success
open_parcel,COCO_val2014_000000173235.jpg,scissors,open parcel,handle of scissors,pull the handle of scissors,Yes,success
open_parcel,COCO_val2014_000000174113.jpg,knife,open parcel,blade of knife,use knife to cut open parcel,Yes,success
open_parcel,COCO_val2014_000000174113.jpg,microwave,open parcel,door of microwave,open microwave door to access parcel,Yes,success
open_parcel,COCO_val2014_000000174893.jpg,scissors,open parcel,handle of scissors,hold the handle of scissors,Yes,success
open_parcel,COCO_val2014_000000175611.jpg,scissors,open parcel,handle of scissors,use scissors to cut open parcel,Yes,success
open_parcel,COCO_val2014_000000176446.jpg,spiral notebook,open parcel,cover of notebook,open the notebook,Yes,success
open_parcel,COCO_val2014_000000176446.jpg,pen,open parcel,top of pen,use the pen to open the notebook,Yes,success
open_parcel,COCO_val2014_000000176841.jpg,scissors,open parcel,red handles,cut open parcel,Yes,success
open_parcel,COCO_val2014_000000176841.jpg,spoon,open parcel,metal,use spoon to cut open parcel,Yes,success
open_parcel,COCO_val2014_000000177941.jpg,knife,open parcel,blade of knife,use knife to cut open parcel,Yes,success
open_parcel,COCO_val2014_000000179850.jpg,scissors,open parcel,handle of scissors,hold scissors,Yes,success
open_parcel,COCO_val2014_000000180718.jpg,knife,open parcel,blade,use to cut open package,Yes,success
open_parcel,COCO_val2014_000000180718.jpg,package,open parcel,top,use to open package,Yes,success
open_parcel,COCO_val2014_000000181574.jpg,knife,open parcel,blade of knife,use knife to cut open parcel,Yes,success
open_parcel,COCO_val2014_000000181627.jpg,knife,open parcel,blade of knife,use the blade to cut open the parcel,Yes,success
open_parcel,COCO_val2014_000000181627.jpg,plate,open parcel,center of plate,use the plate to hold the parcel,Yes,success
open_parcel,COCO_val2014_000000181947.jpg,scissors,open parcel,blades,use blades to cut open parcel,Yes,success
open_parcel,COCO_val2014_000000181947.jpg,cup,open parcel,top,use cup to hold and steady parcel,Yes,success
open_parcel,COCO_val2014_000000182503.jpg,knife,open parcel,blade,slice through the pizza,Yes,success
open_parcel,COCO_val2014_000000182715.jpg,knife,open parcel,blade of knife,use the blade to cut open the parcel,Yes,success
open_parcel,COCO_val2014_000000182775.jpg,knife,open parcel,blade,use blade to cut open parcel,Yes,success
open_parcel,COCO_val2014_000000182775.jpg,plate,open parcel,edge,use edge to pry open parcel,Yes,success
open_parcel,COCO_val2014_000000184425.jpg,knife,open parcel,blade,cut open parcel,Yes,success
open_parcel,COCO_val2014_000000184425.jpg,bottle,open parcel,top,open parcel,Yes,success
open_parcel,COCO_val2014_000000186125.jpg,scissors,open parcel,handle of scissors,use scissors to cut open parcel,Yes,success
open_parcel,COCO_val2014_000000186130.jpg,knife,open parcel,blade of knife,use knife to cut open parcel,Yes,success
open_parcel,COCO_val2014_000000188509.jpg,scissors,open parcel,blade,cut open parcel,Yes,success
open_parcel,COCO_val2014_000000188768.jpg,knife,open parcel,blade of knife,slice through the cake,Yes,success
open_parcel,COCO_val2014_000000189209.jpg,scissors,open parcel,handle,pull the handle to open the parcel,Yes,success
open_parcel,COCO_val2014_000000189451.jpg,knife,open parcel,blade of knife,slice cake,Yes,success
open_parcel,COCO_val2014_000000189451.jpg,plate,open parcel,edge of plate,lift cake,Yes,success
open_parcel,COCO_val2014_000000189752.jpg,knife,open parcel,blade of knife,use knife to cut open parcel,Yes,success
open_parcel,COCO_val2014_000000189752.jpg,plate,open parcel,edge of plate,use edge of plate to pry open parcel,Yes,success
open_parcel,COCO_val2014_000000190156.jpg,cat,drink from cup,mouth of cat,simple action,Yes,success
open_parcel,COCO_val2014_000000190156.jpg,cup,drink from cup,mouth of cup,simple action,Yes,success
open_parcel,COCO_val2014_000000190292.jpg,scissors,open parcel,orange handle,use scissors to cut open the parcel,Yes,success
open_parcel,COCO_val2014_000000190432.jpg,scissors,open parcel,metallic blades,use scissors to cut open the parcel,Yes,success
open_parcel,COCO_val2014_000000194097.jpg,knife,open parcel,blade of knife,cut into the cake,Yes,success
open_parcel,COCO_val2014_000000194097.jpg,cake,open parcel,top of cake,slice the cake,Yes,success
open_parcel,COCO_val2014_000000194425.jpg,scissors,open parcel,blade,use blade to cut paper,Yes,success
open_parcel,COCO_val2014_000000194595.jpg,scissors,open parcel,handle,pull out the blades,Yes,success
open_parcel,COCO_val2014_000000195353.jpg,scissors,open parcel,handle of scissors,pull the thread,Yes,success
open_parcel,COCO_val2014_000000196506.jpg,knife,open parcel,blade,cut open parcel,Yes,success
open_parcel,COCO_val2014_000000196506.jpg,scissors,open parcel,blade,cut open parcel,Yes,success
open_parcel,COCO_val2014_000000196699.jpg,knife,open parcel,blade of knife,use the blade to cut open the parcel,Yes,success
open_parcel,COCO_val2014_000000196699.jpg,blue cutting board,open parcel,surface of cutting board,use the cutting board to hold the parcel open,Yes,success
open_parcel,COCO_val2014_000000197336.jpg,scissors,open parcel,handle,pull open the parcel,Yes,success
open_parcel,COCO_val2014_000000198992.jpg,scissors,open parcel,blade,cut open parcel,Yes,success
open_parcel,COCO_val2014_000000199540.jpg,scissors,open parcel,handle of scissors,hold scissors open,Yes,success
open_parcel,COCO_val2014_000000204471.jpg,sandwich,open parcel,bread,simple action,Yes,success
open_parcel,COCO_val2014_000000205134.jpg,knife,open parcel,blade,cut into the cake,Yes,success
open_parcel,COCO_val2014_000000207060.jpg,scissors,open parcel,blade of scissors,cut open parcel,Yes,success
open_parcel,COCO_val2014_000000209548.jpg,knife,open parcel,blade of knife,cut the cake,Yes,success
open_parcel,COCO_val2014_000000209548.jpg,bottle,open parcel,top of bottle,open the bottle,Yes,success
open_parcel,COCO_val2014_000000211326.jpg,knife,open parcel,blade,use blade to cut open parcel,Yes,success
open_parcel,COCO_val2014_000000211326.jpg,zippo lighter,open parcel,lighter,use lighter to ignite parcel,Yes,success
open_parcel,COCO_val2014_000000212363.jpg,knife,open parcel,blade of knife,use the blade to cut open the sandwich,Yes,success
open_parcel,COCO_val2014_000000212363.jpg,fork,open parcel,tines of fork,use the tines to lift the sandwich,Yes,success
open_parcel,COCO_val2014_000000213054.jpg,scissors,open parcel,handle,pull open,Yes,success
open_parcel,COCO_val2014_000000214046.jpg,knife,open parcel,blade of knife,use knife to cut open parcel,Yes,success
open_parcel,COCO_val2014_000000214046.jpg,knife,open parcel,blade of knife,use knife to cut open parcel,Yes,success
open_parcel,COCO_val2014_000000214046.jpg,knife,open parcel,blade of knife,use knife to cut open parcel,Yes,success
open_parcel,COCO_val2014_000000214494.jpg,knife,open parcel,handle of knife,use knife to cut open parcel,Yes,success
open_parcel,COCO_val2014_000000214720.jpg,knife,open parcel,blade,cut open the parcel,Yes,success
open_parcel,COCO_val2014_000000214720.jpg,scissors,open parcel,blades,cut open the parcel,Yes,success
open_parcel,COCO_val2014_000000218996.jpg,knife,open parcel,handle of knife,use knife to cut sandwich,Yes,success
open_parcel,COCO_val2014_000000219291.jpg,knife,open parcel,blade,use to cut open parcel,Yes,success
open_parcel,COCO_val2014_000000219291.jpg,bowl,open parcel,top,use to open parcel,Yes,success
open_parcel,COCO_val2014_000000219546.jpg,knife,open parcel,blade of knife,use blade to cut open parcel,Yes,success
open_parcel,COCO_val2014_000000219546.jpg,bowl,open parcel,lid of bowl,use lid to cut open parcel,Yes,success
open_parcel,COCO_val2014_000000220111.jpg,knife,open parcel,handle of knife,use knife to open parcel,Yes,success
open_parcel,COCO_val2014_000000221282.jpg,scissors,open parcel,handle of scissors,use scissors to cut open the parcel,Yes,success
open_parcel,COCO_val2014_000000221282.jpg,knife,open parcel,blade of knife,use knife to cut open the parcel,Yes,success
open_parcel,COCO_val2014_000000221605.jpg,laptop,open parcel,laptop screen,simple action,Yes,success
open_parcel,COCO_val2014_000000221605.jpg,mouse,open parcel,mouse button,simple action,Yes,success
open_parcel,COCO_val2014_000000221700.jpg,scissors,open parcel,blade of scissors,use blade to cut open parcel,Yes,success
open_parcel,COCO_val2014_000000227032.jpg,scissors,open parcel,handle of scissors,grab scissors and pull open the parcel,Yes,success
open_parcel,COCO_val2014_000000233556.jpg,knife,open parcel,blade,slice open,Yes,success
open_parcel,COCO_val2014_000000233556.jpg,carrot,open parcel,end,pull out,Yes,success
open_parcel,COCO_val2014_000000236762.jpg,knife,open parcel,blade of knife,use knife to cut open parcel,Yes,success
open_parcel,COCO_val2014_000000236762.jpg,pizza,open parcel,crust of pizza,use pizza to cover open parcel,Yes,success
open_parcel,COCO_val2014_000000237517.jpg,knife,open parcel,blade of knife,use knife to cut open parcel,Yes,success
open_parcel,COCO_val2014_000000237517.jpg,plate,open parcel,edge of plate,use plate to hold open parcel,Yes,success
open_parcel,COCO_val2014_000000238062.jpg,knife,open parcel,blade of knife,use knife to cut open parcel,Yes,success
open_parcel,COCO_val2014_000000238062.jpg,butter,open parcel,butter on bread,spread butter on bread,Yes,success
open_parcel,COCO_val2014_000000241431.jpg,knife,open parcel,blade,slice through the parcel,Yes,success
open_parcel,COCO_val2014_000000245242.jpg,knife,open parcel,blade of the knife,slice the parcel open,Yes,success
open_parcel,COCO_val2014_000000245874.jpg,knife,open parcel,handle of knife,use knife to cut open the parcel,Yes,success
open_parcel,COCO_val2014_000000245874.jpg,cereal bowl,open parcel,inside of bowl,use the bowl to scoop out the contents of the parcel,Yes,success
open_parcel,COCO_val2014_000000245874.jpg,cereal container,open parcel,top of container,use the container to scoop out the contents of the parcel,Yes,success
open_parcel,COCO_val2014_000000246436.jpg,knife,open parcel,blade,slice pizza,Yes,success
open_parcel,COCO_val2014_000000247037.jpg,scissors,open parcel,handle of scissors,hold and pull the handle,Yes,success
open_parcel,COCO_val2014_000000251531.jpg,knife,open parcel,blade of knife,use knife to cut open parcel,Yes,success
open_parcel,COCO_val2014_000000251531.jpg,butter,open parcel,block of butter,use butter to spread on steak,Yes,success
open_parcel,COCO_val2014_000000251824.jpg,scissors,open parcel,handle of scissors,use scissors to cut the parcel,Yes,success
open_parcel,COCO_val2014_000000253432.jpg,knife,open parcel,blade of knife,use knife to cut open parcel,Yes,success
open_parcel,COCO_val2014_000000253432.jpg,plate,open parcel,center of plate,use plate to hold open parcel,Yes,success
open_parcel,COCO_val2014_000000253485.jpg,knife,open parcel,blade of knife,slice through the cake,Yes,success
open_parcel,COCO_val2014_000000253930.jpg,bowl,open parcel,contents of bowl,simple action,Yes,success
open_parcel,COCO_val2014_000000257060.jpg,knife,open parcel,blade of knife,slice pizza,Yes,success
open_parcel,COCO_val2014_000000260618.jpg,knife,open parcel,blade of knife,slice pizza,Yes,success
open_parcel,COCO_val2014_000000260618.jpg,pizza,open parcel,top of pizza,slice pizza,Yes,success
open_parcel,COCO_val2014_000000262093.jpg,knife,open parcel,blade,cut open parcel,Yes,success
open_parcel,COCO_val2014_000000262093.jpg,scissors,open parcel,handle,cut open parcel,Yes,success
open_parcel,COCO_val2014_000000262093.jpg,jar,open parcel,lid,lift lid,Yes,success
open_parcel,COCO_val2014_000000262093.jpg,bottle,open parcel,cap,lift cap,Yes,success
open_parcel,COCO_val2014_000000262404.jpg,knife,open parcel,blade,use knife to cut open parcel,Yes,success
open_parcel,COCO_val2014_000000262404.jpg,bowl,open parcel,bottom,use bowl to scoop out contents,Yes,success
open_parcel,COCO_val2014_000000263288.jpg,scissors,open parcel,red handles,pull open the parcel,Yes,success
open_parcel,COCO_val2014_000000264155.jpg,knife,open parcel,blade of knife,use the blade to cut open the parcel,Yes,success
open_parcel,COCO_val2014_000000264155.jpg,bottle,open parcel,top of bottle,unscrew the cap of the bottle,Yes,success
open_parcel,COCO_val2014_000000264769.jpg,scissors,open parcel,handle of scissors,use scissors to cut open the parcel,Yes,success
open_parcel,COCO_val2014_000000264769.jpg,pliers,open parcel,handle of pliers,use pliers to cut open the parcel,Yes,success
open_parcel,COCO_val2014_000000265200.jpg,scissors,open parcel,handle of scissors,grab and pull,Yes,success
open_parcel,COCO_val2014_000000266443.jpg,scissors,open parcel,handle of scissors,use scissors to cut open the parcel,Yes,success
open_parcel,COCO_val2014_000000266487.jpg,scissors,open parcel,handle of scissors,pull open the parcel,Yes,success
open_parcel,COCO_val2014_000000267694.jpg,knife,open parcel,blade of knife,use knife to cut pizza,Yes,success
open_parcel,COCO_val2014_000000267694.jpg,fork,open parcel,tines of fork,use fork to cut pizza,Yes,success
open_parcel,COCO_val2014_000000267998.jpg,swissmemory,open parcel,lanyard part,pull out the lanyard,Yes,success
open_parcel,COCO_val2014_000000268224.jpg,pizza,,,,No,success
open_parcel,COCO_val2014_000000268224.jpg,knife,open parcel,blade of knife,use knife to cut pizza,Yes,success
open_parcel,COCO_val2014_000000268413.jpg,knife,open parcel,blade of knife,use knife to cut open parcel,Yes,success
open_parcel,COCO_val2014_000000268413.jpg,knife,open parcel,handle of knife,use knife to cut open parcel,Yes,success
open_parcel,COCO_val2014_000000268413.jpg,knife,open parcel,blade of knife,use knife to cut open parcel,Yes,success
open_parcel,COCO_val2014_000000268413.jpg,knife,open parcel,blade of knife,use knife to cut open parcel,Yes,success
open_parcel,COCO_val2014_000000268413.jpg,knife,open parcel,handle of knife,use knife to cut open parcel,Yes,success
open_parcel,COCO_val2014_000000268413.jpg,knife,open parcel,blade of knife,use knife to cut open parcel,Yes,success
open_parcel,COCO_val2014_000000268413.jpg,knife,open parcel,blade of knife,use knife to cut open parcel,Yes,success
open_parcel,COCO_val2014_000000268413.jpg,knife,open parcel,handle of knife,use knife to cut open parcel,Yes,success
open_parcel,COCO_val2014_000000268413.jpg,knife,open parcel,blade of knife,use knife to cut open parcel,Yes,success
open_parcel,COCO_val2014_000000271259.jpg,knife,open parcel,blade of knife,use knife to cut cake,Yes,success
open_parcel,COCO_val2014_000000271259.jpg,cake,open parcel,top of cake,cut cake,Yes,success
open_parcel,COCO_val2014_000000275175.jpg,knife,open parcel,blade of knife,slice open,Yes,success
open_parcel,COCO_val2014_000000275175.jpg,chopping board,open parcel,surface of chopping board,cut open,Yes,success
open_parcel,COCO_val2014_000000275197.jpg,knife,open parcel,blade of knife,use knife to cut open parcel,Yes,success
open_parcel,COCO_val2014_000000275197.jpg,knife,open parcel,blade of knife,use knife to cut open parcel,Yes,success
open_parcel,COCO_val2014_000000275197.jpg,knife,open parcel,blade of knife,use knife to cut open parcel,Yes,success
open_parcel,COCO_val2014_000000275198.jpg,knife,open parcel,blade of knife,use knife to cut open parcel,Yes,success
open_parcel,COCO_val2014_000000275198.jpg,fork,open parcel,handle of fork,use fork to open parcel,Yes,success
open_parcel,COCO_val2014_000000275198.jpg,bowl,open parcel,inside of bowl,use bowl to scoop out contents of parcel,Yes,success
open_parcel,COCO_val2014_000000276434.jpg,knife,open parcel,blade of knife,slice cake,Yes,success
open_parcel,COCO_val2014_000000276552.jpg,knife,open parcel,blade of knife,cut open parcel,Yes,success
open_parcel,COCO_val2014_000000276552.jpg,pizza,open parcel,top of pizza,slice pizza,Yes,success
open_parcel,COCO_val2014_000000277051.jpg,knife,open parcel,blade of knife,use the blade to cut open the package,Yes,success
open_parcel,COCO_val2014_000000277051.jpg,package,open parcel,top of package,use the knife to cut open the package,Yes,success
open_parcel,COCO_val2014_000000283060.jpg,fork,open parcel,handle of fork,use fork to open parcel,Yes,success
open_parcel,COCO_val2014_000000283060.jpg,knife,open parcel,blade of knife,use knife to open parcel,Yes,success
open_parcel,COCO_val2014_000000288313.jpg,knife,open parcel,blade,use blade to cut open parcel,Yes,success
open_parcel,COCO_val2014_000000288313.jpg,spoon,open parcel,handle,use handle to pry open parcel,Yes,success
open_parcel,COCO_val2014_000000296960.jpg,knife,open parcel,blade,cut open parcel,Yes,success
open_parcel,COCO_val2014_000000297146.jpg,knife,open parcel,blade,use knife to cut open parcel,Yes,success
open_parcel,COCO_val2014_000000297146.jpg,plate,open parcel,edge,use plate to hold open parcel,Yes,success
open_parcel,COCO_val2014_000000298396.jpg,knife,open parcel,blade,use to cut open the parcel,Yes,success
open_parcel,COCO_val2014_000000298396.jpg,scissors,open parcel,blade,use to cut open the parcel,Yes,success
open_parcel,COCO_val2014_000000299349.jpg,scissors,open parcel,handle of scissors,pull open the parcel,Yes,success
open_parcel,COCO_val2014_000000300577.jpg,knife,open parcel,blade,use to cut open the parcel,Yes,success
open_parcel,COCO_val2014_000000300577.jpg,spoon,open parcel,handle,use to cut open the parcel,Yes,success
open_parcel,COCO_val2014_000000300876.jpg,knife,open parcel,blade of knife,use knife to cut open parcel,Yes,success
open_parcel,COCO_val2014_000000300876.jpg,plate,open parcel,edge of plate,use edge of plate to cut open parcel,Yes,success
open_parcel,COCO_val2014_000000304689.jpg,scissors,open parcel,handle of scissors,use scissors to cut open parcel,Yes,success
open_parcel,COCO_val2014_000000305713.jpg,scissors,open parcel,handle,pull open the parcel,Yes,success
open_parcel,COCO_val2014_000000310354.jpg,knife,open parcel,blade of knife,use knife to cut open parcel,Yes,success
open_parcel,COCO_val2014_000000310493.jpg,scissors,open parcel,blade of scissors,cut open parcel,Yes,success
open_parcel,COCO_val2014_000000311180.jpg,scissors,open parcel,handle,hold and pull,Yes,success
open_parcel,COCO_val2014_000000314074.jpg,knife,open parcel,blade of knife,use knife to cut cake,Yes,success
open_parcel,COCO_val2014_000000314074.jpg,cake,open parcel,top of cake,use knife to cut cake,Yes,success
open_parcel,COCO_val2014_000000317357.jpg,knife,open parcel,blade,cut open the parcel,Yes,success
open_parcel,COCO_val2014_000000317357.jpg,pliers,open parcel,prongs,use prongs to open the parcel,Yes,success
open_parcel,COCO_val2014_000000317357.jpg,saw,open parcel,blade,use blade to cut open the parcel,Yes,success
open_parcel,COCO_val2014_000000317656.jpg,knife,open parcel,blade of knife,use knife to cut open parcel,Yes,success
open_parcel,COCO_val2014_000000317656.jpg,fork,open parcel,handle of fork,use fork to pry open parcel,Yes,success
open_parcel,COCO_val2014_000000318455.jpg,knife,open parcel,blade of knife,use knife to cut open parcel,Yes,success
open_parcel,COCO_val2014_000000318455.jpg,knife,open parcel,blade of knife,use knife to cut open parcel,Yes,success
open_parcel,COCO_val2014_000000318455.jpg,knife,open parcel,blade of knife,use knife to cut open parcel,Yes,success
open_parcel,COCO_val2014_000000318455.jpg,knife,open parcel,blade of knife,use knife to cut open parcel,Yes,success
open_parcel,COCO_val2014_000000318730.jpg,scissors,open parcel,handle,pull the ribbon to open the parcel,Yes,success
open_parcel,COCO_val2014_000000318789.jpg,scissors,open parcel,handle,pull open the parcel,Yes,success
open_parcel,COCO_val2014_000000319677.jpg,sword,open parcel,blade,slice through the parcel,Yes,success
open_parcel,COCO_val2014_000000319677.jpg,tie,open parcel,end of tie,pull the tie to open the parcel,Yes,success
open_parcel,COCO_val2014_000000320664.jpg,knife,open parcel,blade of knife,use knife to cut open parcel,Yes,success
open_parcel,COCO_val2014_000000320664.jpg,fork,open parcel,handle of fork,use fork to pry open parcel,Yes,success
open_parcel,COCO_val2014_000000320832.jpg,knife,open parcel,blade of knife,slice open parcel,Yes,success
open_parcel,COCO_val2014_000000320832.jpg,fork,open parcel,tines of fork,tear open parcel,Yes,success
open_parcel,COCO_val2014_000000321008.jpg,knife,open parcel,blade of knife,use knife to cut waffle,Yes,success
open_parcel,COCO_val2014_000000321008.jpg,waffle,open parcel,top of waffle,use knife to cut waffle,Yes,success
open_parcel,COCO_val2014_000000323370.jpg,knife,open parcel,blade of knife,use blade to cut open the sandwich,Yes,success
open_parcel,COCO_val2014_000000323370.jpg,fork,open parcel,handle of fork,use handle to pry open the sandwich,Yes,success
open_parcel,COCO_val2014_000000324715.jpg,scissors,open parcel,handle of scissors,pull the handle of scissors,Yes,success
open_parcel,COCO_val2014_000000324715.jpg,parcel,open parcel,any part of the parcel,pull the tape on the parcel,Yes,success
open_parcel,COCO_val2014_000000325102.jpg,fork,open parcel,handle of fork,use fork to tear open parcel,Yes,success
open_parcel,COCO_val2014_000000325102.jpg,plate,open parcel,center of plate,use plate to hold open parcel,Yes,success
open_parcel,COCO_val2014_000000326344.jpg,knife,open parcel,blade of knife,use the blade to cut open the parcel,Yes,success
open_parcel,COCO_val2014_000000326344.jpg,package,open parcel,outer surface of the package,pull the package open,Yes,success
open_parcel,COCO_val2014_000000326367.jpg,knife,open parcel,blade of knife,use knife to cut open parcel,Yes,success
open_parcel,COCO_val2014_000000326367.jpg,pizza,open parcel,top of pizza,use pizza to cover and seal parcel,Yes,success
open_parcel,COCO_val2014_000000328890.jpg,pizza,open parcel,top of pizza,slice pizza,Yes,success
open_parcel,COCO_val2014_000000328890.jpg,spatula,open parcel,handle of spatula,lift slice,Yes,success
open_parcel,COCO_val2014_000000331475.jpg,knife,open parcel,blade of knife,use knife to cut open sandwich,Yes,success
open_parcel,COCO_val2014_000000331475.jpg,sandwich,open parcel,top part of sandwich,pull apart sandwich,Yes,success
open_parcel,COCO_val2014_000000331807.jpg,knife,open parcel,blade,use knife to cut open parcel,Yes,success
open_parcel,COCO_val2014_000000331807.jpg,jar,open parcel,lid,open jar to access contents,Yes,success
open_parcel,COCO_val2014_000000334483.jpg,knife,open parcel,blade of knife,use knife to cut open parcel,Yes,success
open_parcel,COCO_val2014_000000334483.jpg,bowl,open parcel,top of bowl,use bowl to scoop out contents of parcel,Yes,success
open_parcel,COCO_val2014_000000336046.jpg,scissors,open parcel,handle of scissors,use scissors to cut open the parcel,Yes,success
open_parcel,COCO_val2014_000000336046.jpg,thread,open parcel,spool of thread,use thread to tie the parcel,Yes,success
open_parcel,COCO_val2014_000000340069.jpg,knife,open parcel,handle of knife,simple action,Yes,success
open_parcel,COCO_val2014_000000340930.jpg,scissors,open parcel,handle of scissors,pull open the parcel with the scissors,Yes,success
open_parcel,COCO_val2014_000000342650.jpg,knife,open parcel,blade of knife,use knife to cut open the parcel,Yes,success
open_parcel,COCO_val2014_000000342650.jpg,pizza,open parcel,top of pizza,use pizza to cover the parcel,Yes,success
open_parcel,COCO_val2014_000000344555.jpg,scissors,open parcel,handle,pull open the parcel with the handle,Yes,success
open_parcel,COCO_val2014_000000344555.jpg,sewing needle,open parcel,pointed end,insert the pointed end into the parcel to open it,Yes,success
open_parcel,COCO_val2014_000000345400.jpg,knife,open parcel,blade,use to cut open the parcel,Yes,success
open_parcel,COCO_val2014_000000345400.jpg,fork,open parcel,handle,use to pry open the parcel,Yes,success
open_parcel,COCO_val2014_000000348012.jpg,scissors,open parcel,blade,cut tape,Yes,success
open_parcel,COCO_val2014_000000348481.jpg,ipod,open parcel,bottom part of ipod,simple action,Yes,success
open_parcel,COCO_val2014_000000348481.jpg,laptop,open parcel,top part of laptop,simple action,Yes,success
open_parcel,COCO_val2014_000000348481.jpg,cell phone,open parcel,bottom part of cell phone,simple action,Yes,success
open_parcel,COCO_val2014_000000360600.jpg,knife,open parcel,blade of knife,use knife to cut into the pizza,Yes,success
open_parcel,COCO_val2014_000000360600.jpg,spoon,open parcel,handle of spoon,use spoon to scoop pizza onto the plate,Yes,success
open_parcel,COCO_val2014_000000360706.jpg,knife,open parcel,blade,slice open,Yes,success
open_parcel,COCO_val2014_000000362306.jpg,knife,open parcel,blade,use blade to cut open parcel,Yes,success
open_parcel,COCO_val2014_000000363241.jpg,knife,open parcel,blade of knife,use knife to cut pizza,Yes,success
open_parcel,COCO_val2014_000000363241.jpg,pizza,open parcel,crust of pizza,use pizza to open parcel,Yes,success
open_parcel,COCO_val2014_000000365121.jpg,knife,open parcel,handle of knife,use knife to cut open parcel,Yes,success
open_parcel,COCO_val2014_000000368294.jpg,scissors,open parcel,handle of scissors,use scissors to cut open parcel,Yes,success
open_parcel,COCO_val2014_000000368982.jpg,scissors,open parcel,blade of scissors,cut open parcel,Yes,success
open_parcel,COCO_val2014_000000368982.jpg,parcel,,,,No,success
open_parcel,COCO_val2014_000000369379.jpg,knife,open parcel,blade of knife,use knife to cut open parcel,Yes,success
open_parcel,COCO_val2014_000000369379.jpg,parcel,open parcel,top of parcel,pull open parcel,Yes,success
open_parcel,COCO_val2014_000000374505.jpg,knife,open parcel,blade,cut open the parcel,Yes,success
open_parcel,COCO_val2014_000000374743.jpg,scissors,open parcel,handle,pull the handle to open the parcel,Yes,success
open_parcel,COCO_val2014_000000375915.jpg,knife,open parcel,blade of knife,cut open the parcel,Yes,success
open_parcel,COCO_val2014_000000375980.jpg,knife,open parcel,blade of knife,use knife to cut parcel,Yes,success
open_parcel,COCO_val2014_000000375980.jpg,knife,open parcel,handle of knife,use knife to cut parcel,Yes,success
open_parcel,COCO_val2014_000000375980.jpg,knife,open parcel,blade of knife,use knife to cut parcel,Yes,success
open_parcel,COCO_val2014_000000375980.jpg,knife,open parcel,handle of knife,use knife to cut parcel,Yes,success
open_parcel,COCO_val2014_000000376264.jpg,knife,open parcel,blade,use blade to cut open parcel,Yes,success
open_parcel,COCO_val2014_000000376264.jpg,teapot,open parcel,handle,use handle to pry open parcel,Yes,success
open_parcel,COCO_val2014_000000376706.jpg,scissors,open parcel,handle,pull open the zipper,Yes,success
open_parcel,COCO_val2014_000000377611.jpg,knife,open parcel,blade,use blade to cut open parcel,Yes,success
open_parcel,COCO_val2014_000000378327.jpg,knife,open parcel,blade,slice through the parcel,Yes,success
open_parcel,COCO_val2014_000000379343.jpg,lanyard,open parcel,blue part of lanyard,pull the lanyard to open the parcel,Yes,success
open_parcel,COCO_val2014_000000379343.jpg,keychain,open parcel,red part of keychain,pull the keychain to open the parcel,Yes,success
open_parcel,COCO_val2014_000000379443.jpg,scissors,open parcel,handle of scissors,pull the fabric apart,Yes,success
open_parcel,COCO_val2014_000000381413.jpg,knife,open parcel,blade of knife,use the blade to cut open the parcel,Yes,success
open_parcel,COCO_val2014_000000381413.jpg,orange,open parcel,outer skin of orange,use the outer skin to peel open the parcel,Yes,success
open_parcel,COCO_val2014_000000382797.jpg,knife,open parcel,blade of knife,use knife to cut open parcel,Yes,success
open_parcel,COCO_val2014_000000382797.jpg,bottle,open parcel,top of bottle,use bottle cap to open parcel,Yes,success
open_parcel,COCO_val2014_000000385029.jpg,knife,open parcel,blade,slice the pizza,Yes,success
open_parcel,COCO_val2014_000000388066.jpg,knife,open parcel,blade of knife,use knife to cut sandwich,Yes,success
open_parcel,COCO_val2014_000000388066.jpg,sandwich,open parcel,top part of sandwich,pull apart sandwich,Yes,success
open_parcel,COCO_val2014_000000389056.jpg,scissors,open parcel,blade of scissors,cut open parcel,Yes,success
open_parcel,COCO_val2014_000000391255.jpg,knife,open parcel,blade,slice through the cake,Yes,success
open_parcel,COCO_val2014_000000399851.jpg,knife,open parcel,blade,cut open parcel,Yes,success
open_parcel,COCO_val2014_000000399851.jpg,spatula,open parcel,handle,slide open parcel,Yes,success
open_parcel,COCO_val2014_000000399851.jpg,pan,open parcel,handle,slide open parcel,Yes,success
open_parcel,COCO_val2014_000000401024.jpg,scissors,open parcel,handle of scissors,use scissors to cut open the parcel,Yes,success
open_parcel,COCO_val2014_000000401024.jpg,comb,open parcel,handle of comb,use comb to pull open the parcel,Yes,success
open_parcel,COCO_val2014_000000404237.jpg,pizza,open parcel,top of pizza,slice pizza,Yes,success
open_parcel,COCO_val2014_000000404237.jpg,pizza cutter,open parcel,handle of pizza cutter,slice pizza,Yes,success
open_parcel,COCO_val2014_000000406616.jpg,knife,open parcel,blade of knife,use the blade to cut open the parcel,Yes,success
open_parcel,COCO_val2014_000000410554.jpg,knife,open parcel,blade of knife,slice bread,Yes,success
open_parcel,COCO_val2014_000000410554.jpg,scissors,open parcel,blades of scissors,cut open parcel,Yes,success
open_parcel,COCO_val2014_000000410724.jpg,scissors,open parcel,handle of scissors,grab scissors and pull,Yes,success
open_parcel,COCO_val2014_000000410810.jpg,knife,open parcel,blade,cut the cake,Yes,success
open_parcel,COCO_val2014_000000410924.jpg,scissors,open parcel,blade,cut paper,Yes,success
open_parcel,COCO_val2014_000000410924.jpg,knife,open parcel,blade,cut paper,Yes,success
open_parcel,COCO_val2014_000000411086.jpg,knife,open parcel,blade,cut open the parcel,Yes,success
open_parcel,COCO_val2014_000000411086.jpg,pineapple,open parcel,outer skin,peel the outer skin,Yes,success
open_parcel,COCO_val2014_000000411368.jpg,knife,open parcel,blade,use blade to cut open parcel,Yes,success
open_parcel,COCO_val2014_000000411368.jpg,scissors,open parcel,blade,use blade to cut open parcel,Yes,success
open_parcel,COCO_val2014_000000413551.jpg,knife,open parcel,blade of knife,cut open the parcel,Yes,success
open_parcel,COCO_val2014_000000413551.jpg,scissors,open parcel,handle of scissors,cut open the parcel,Yes,success
open_parcel,COCO_val2014_000000414122.jpg,scissors,open parcel,handle of scissors,pull open the parcel with scissors,Yes,success
open_parcel,COCO_val2014_000000414638.jpg,knife,open parcel,blade of knife,use the blade to cut open the sandwich,Yes,success
open_parcel,COCO_val2014_000000414638.jpg,fork,open parcel,prongs of fork,use the prongs to open the sandwich,Yes,success
open_parcel,COCO_val2014_000000414750.jpg,scissors,open parcel,blade,use blade to cut through the parcel,Yes,success
open_parcel,COCO_val2014_000000418699.jpg,scissors,open parcel,handle,pull the handle open,Yes,success
open_parcel,COCO_val2014_000000419098.jpg,scissors,open parcel,handle,pull open,Yes,success
open_parcel,COCO_val2014_000000421069.jpg,scissors,open parcel,blade of scissors,use blade to cut paper,Yes,success
open_parcel,COCO_val2014_000000421955.jpg,knife,open parcel,blade of knife,use knife to cut parcel,Yes,success
open_parcel,COCO_val2014_000000427796.jpg,knife,open parcel,blade of knife,use knife to cut open parcel,Yes,success
open_parcel,COCO_val2014_000000434513.jpg,knife,open parcel,blade of knife,cut open the parcel,Yes,success
open_parcel,COCO_val2014_000000434513.jpg,fork,open parcel,prongs of fork,stab the parcel,Yes,success
open_parcel,COCO_val2014_000000440528.jpg,knife,open parcel,blade of knife,use knife to cut open parcel,Yes,success
open_parcel,COCO_val2014_000000440528.jpg,pear,open parcel,stem of pear,use pear to push open parcel,Yes,success
open_parcel,COCO_val2014_000000441264.jpg,scissors,open parcel,blade,use blade to cut open parcel,Yes,success
open_parcel,COCO_val2014_000000441541.jpg,knife,open parcel,blade,use knife to cut open box,Yes,success
open_parcel,COCO_val2014_000000441541.jpg,box,open parcel,top,pull box open,Yes,success
open_parcel,COCO_val2014_000000442877.jpg,fork,open parcel,handle of fork,use fork to tear open the parcel,Yes,success
open_parcel,COCO_val2014_000000442877.jpg,knife,open parcel,blade of knife,use knife to cut open the parcel,Yes,success
open_parcel,COCO_val2014_000000443301.jpg,scissors,open parcel,handle of scissors,use scissors to cut open the parcel,Yes,success
open_parcel,COCO_val2014_000000443688.jpg,knife,open parcel,blade of knife,cut parcel,Yes,success
open_parcel,COCO_val2014_000000445200.jpg,knife,open parcel,blade of knife,use knife to cut open parcel,Yes,success
open_parcel,COCO_val2014_000000445200.jpg,cheese,open parcel,cheese on plate,use cheese to cover open parcel,Yes,success
open_parcel,COCO_val2014_000000445200.jpg,cheese,open parcel,cheese on plate,use cheese to cover open parcel,Yes,success
open_parcel,COCO_val2014_000000447611.jpg,knife,open parcel,blade,slice through the laptop,Yes,success
open_parcel,COCO_val2014_000000447647.jpg,scissors,open parcel,blade,cut open the parcel,Yes,success
open_parcel,COCO_val2014_000000447647.jpg,tape measure,open parcel,measuring edge,use the measuring edge to cut open the parcel,Yes,success
open_parcel,COCO_val2014_000000447647.jpg,thread,open parcel,spool,pull the thread to cut open the parcel,Yes,success
open_parcel,COCO_val2014_000000448308.jpg,knife,open parcel,blade,use blade to cut open the orange peel,Yes,success
open_parcel,COCO_val2014_000000448535.jpg,knife,open parcel,blade,cut open parcel,Yes,success
open_parcel,COCO_val2014_000000449480.jpg,scissors,open parcel,handle of scissors,use scissors to cut open the parcel,Yes,success
open_parcel,COCO_val2014_000000452846.jpg,knife,open parcel,blade,cut open parcel,Yes,success
open_parcel,COCO_val2014_000000463070.jpg,scissors,open parcel,handle,hold scissors,Yes,success
open_parcel,COCO_val2014_000000463226.jpg,scissors,open parcel,handle of scissors,open parcel,Yes,success
open_parcel,COCO_val2014_000000470553.jpg,knife,open parcel,blade of knife,use knife to cut cake,Yes,success
open_parcel,COCO_val2014_000000470553.jpg,cake,open parcel,top of cake,use knife to cut cake,Yes,success
open_parcel,COCO_val2014_000000471932.jpg,scissors,open parcel,handle of scissors,use scissors to cut open the parcel,Yes,success
open_parcel,COCO_val2014_000000471932.jpg,thread,open parcel,spools of thread,use the spools of thread to tie the parcel closed,Yes,success
open_parcel,COCO_val2014_000000472034.jpg,knife,open parcel,handle of knife,use knife to cut open parcel,Yes,success
open_parcel,COCO_val2014_000000472034.jpg,plate,open parcel,center of plate,use plate to hold open parcel,Yes,success
open_parcel,COCO_val2014_000000480000.jpg,knife,open parcel,blade of knife,use knife to cut open parcel,Yes,success
open_parcel,COCO_val2014_000000480000.jpg,bottle,open parcel,top of bottle,open bottle to access contents,Yes,success
open_parcel,COCO_val2014_000000485368.jpg,scissors,open parcel,handle,grab and pull,Yes,success
open_parcel,COCO_val2014_000000487385.jpg,knife,open parcel,blade of knife,use knife to cut open parcel,Yes,success
open_parcel,COCO_val2014_000000487385.jpg,plate,open parcel,edge of plate,use edge of plate to cut open parcel,Yes,success
open_parcel,COCO_val2014_000000490871.jpg,knife,open parcel,blade,cut open the parcel,Yes,success
open_parcel,COCO_val2014_000000490871.jpg,banana,open parcel,stem,pull the stem to open the parcel,Yes,success
open_parcel,COCO_val2014_000000518375.jpg,knife,open parcel,blade of knife,use knife to cut open parcel,Yes,success
open_parcel,COCO_val2014_000000518375.jpg,fork,open parcel,handle of fork,use fork to pry open parcel,Yes,success
open_parcel,COCO_val2014_000000558809.jpg,knife,open parcel,blade of knife,slice through the parcel,Yes,success
open_parcel,COCO_val2014_000000561314.jpg,scissors,open parcel,blade of scissors,cut the paper,Yes,success
open_parcel,COCO_val2014_000000563153.jpg,knife,open parcel,blade of knife,cut open the apple,Yes,success
open_parcel,COCO_val2014_000000569274.jpg,knife,open parcel,blade of knife,use to cut open parcel,Yes,success
open_parcel,COCO_val2014_000000569274.jpg,plate,open parcel,edge of plate,use to hold open parcel,Yes,success
open_parcel,COCO_val2014_000000569333.jpg,knife,open parcel,blade of knife,open parcel,Yes,success
open_parcel,COCO_val2014_000000569450.jpg,,,,,No,no_json_found
open_parcel,COCO_val2014_000000569618.jpg,pizza,open parcel,top part of pizza,simple action,Yes,success
open_parcel,COCO_val2014_000000569618.jpg,plate,open parcel,bottom part of plate,simple action,Yes,success
open_parcel,COCO_val2014_000000569652.jpg,knife,open parcel,blade,use blade to cut open parcel,Yes,success
open_parcel,COCO_val2014_000000569652.jpg,fork,open parcel,handle,use handle to pry open parcel,Yes,success
open_parcel,COCO_val2014_000000569652.jpg,spoon,open parcel,handle,use handle to pry open parcel,Yes,success
open_parcel,COCO_val2014_000000569652.jpg,grater,open parcel,handle,use handle to pry open parcel,Yes,success
open_parcel,COCO_val2014_000000569652.jpg,pan,open parcel,handle,use handle to pry open parcel,Yes,success
open_parcel,COCO_val2014_000000569926.jpg,juicer,open parcel,handle of juicer,pull handle to open,Yes,success
open_parcel,COCO_val2014_000000580791.jpg,knife,open parcel,blade of knife,use knife to cut open the parcel,Yes,success
open_parcel,COCO_val2014_000000580791.jpg,fork,open parcel,handle of fork,use fork to pry open the parcel,Yes,success
place_flowers,000000000030.jpg,vase,place flowers,top of vase,simple action,Yes,success
place_flowers,000000001340.jpg,vase,place flowers,base of vase,simple action,Yes,success
place_flowers,000000001577.jpg,vase,place flowers,body of vase,simple action,Yes,success
place_flowers,000000002106.jpg,vase,place flowers,upper part of vase,simple action,Yes,success
place_flowers,000000002150.jpg,vase,place flowers,top of vase,simple action,Yes,success
place_flowers,000000002349.jpg,vase,place flowers,top of vase,simple action,Yes,success
place_flowers,000000003464.jpg,vase,place flowers,top part of vase,simple action,Yes,success
place_flowers,000000003613.jpg,vase,place flowers,base of vase,simple action,Yes,success
place_flowers,000000003742.jpg,vase,place flowers,top part of vase,simple action,Yes,success
place_flowers,000000003866.jpg,vase,place flowers,base of vase,simple action,Yes,success
place_flowers,000000004079.jpg,vase,place flowers,base of vase,simple action,Yes,success
place_flowers,000000004265.jpg,blue vase,place flowers,body of vase,simple action,Yes,success
place_flowers,000000004265.jpg,blue glass bottle,place flowers,body of bottle,simple action,Yes,success
place_flowers,000000004265.jpg,blue glass bottle,place flowers,body of bottle,simple action,Yes,success
place_flowers,000000004265.jpg,blue glass bottle,place flowers,body of bottle,simple action,Yes,success
place_flowers,000000004265.jpg,blue glass bottle,place flowers,body of bottle,simple action,Yes,success
place_flowers,000000004963.jpg,vase,place flowers,top of vase,simple action,Yes,success
place_flowers,000000008245.jpg,vase,place flowers,top of vase,simple action,Yes,success
place_flowers,000000008405.jpg,vase,place flowers,bottom of vase,simple action,Yes,success
place_flowers,000000009127.jpg,vase1,place flowers,upper part of vase,place flowers in the upper part of the vase,Yes,success
place_flowers,000000009127.jpg,vase2,place flowers,middle part of vase,place flowers in the middle part of the vase,Yes,success
place_flowers,000000009127.jpg,vase3,place flowers,lower part of vase,place flowers in the lower part of the vase,Yes,success
place_flowers,000000009180.jpg,vase,place flowers,top part of vase,place flowers in the top part of the vase,Yes,success
place_flowers,000000011188.jpg,vase,place flowers,bottom of vase,simple action,Yes,success
place_flowers,000000011723.jpg,vase,place flowers,top of vase,simple action,Yes,success
place_flowers,000000012098.jpg,vase,place flowers,bottom part of vase,simple action,Yes,success
place_flowers,000000013148.jpg,wine bottle,place flowers,top of bottle,place flowers in bottle,Yes,success
place_flowers,000000013300.jpg,vase,place flowers,top of vase,simple action,Yes,success
place_flowers,000000016410.jpg,vase,place flowers,base of vase,simple action,Yes,success
place_flowers,000000016870.jpg,vase,place flowers,top of vase,simple action,Yes,success
place_flowers,000000017545.jpg,vase,place flowers,base of vase,simple action,Yes,success
place_flowers,000000017921.jpg,bed,place flowers,center of bed,simple action,Yes,success
place_flowers,000000017921.jpg,bedside table,place flowers,top of bedside table,simple action,Yes,success
place_flowers,000000018291.jpg,vase,place flowers,base of vase,simple action,Yes,success
place_flowers,000000019013.jpg,vase,place flowers,base of vase,simple action,Yes,success
place_flowers,000000020788.jpg,flowers,place flowers,vase,simple action,Yes,success
place_flowers,000000021023.jpg,vase,place flowers,top of vase,simple action,Yes,success
place_flowers,000000024974.jpg,vase,place flowers,base of vase,simple action,Yes,success
place_flowers,000000025286.jpg,vase,place flowers,base of vase,simple action,Yes,success
place_flowers,000000025485.jpg,vase,place flowers,base of vase,simple action,Yes,success
place_flowers,000000025717.jpg,vase,place flowers,top part of vase,simple action,Yes,success
place_flowers,000000026035.jpg,vase,place flowers,body of vase,simple action,Yes,success
place_flowers,000000026171.jpg,vase,place flowers,base of vase,place flowers in the base of the vase,Yes,success
place_flowers,000000026200.jpg,vase,place flowers,base of vase,simple action,Yes,success
place_flowers,000000026472.jpg,vase,place flowers,base of vase,simple action,Yes,success
place_flowers,000000026728.jpg,vase,place flowers,top of vase,simple action,Yes,success
place_flowers,000000026801.jpg,vase,place flowers,vase with flowers,simple action,Yes,success
place_flowers,000000027267.jpg,vase,place flowers,bottom of vase,simple action,Yes,success
place_flowers,000000027792.jpg,vase,place flowers,top part of vase,simple action,Yes,success
place_flowers,000000028766.jpg,swan,place flowers,body of swan,place flowers in the body of swan,Yes,success
place_flowers,000000028766.jpg,vase,place flowers,inside of vase,place flowers in the inside of vase,Yes,success
place_flowers,000000029438.jpg,vase,place flowers,base of vase,simple action,Yes,success
place_flowers,000000029698.jpg,vase,place flowers,base of vase,simple action,Yes,success
place_flowers,000000033009.jpg,table,place flowers,top surface of table,simple action,Yes,success
place_flowers,000000033009.jpg,vase,place flowers,inside of vase,simple action,Yes,success
place_flowers,000000033052.jpg,flowers,place flowers,in vase,simple action,Yes,success
place_flowers,000000033248.jpg,table,place flowers,top surface of table,simple action,Yes,success
place_flowers,000000033248.jpg,vase,place flowers,inside the vase,simple action,Yes,success
place_flowers,000000033249.jpg,vase,place flowers,base of vase,simple action,Yes,success
place_flowers,000000033733.jpg,flowers,place flowers,vase,simple action,Yes,success
place_flowers,000000033761.jpg,vase,place flowers,bottom of vase,simple action,Yes,success
place_flowers,000000034483.jpg,vase,place flowers,base of vase,simple action,Yes,success
place_flowers,000000034795.jpg,vase,place flowers,top of vase,simple action,Yes,success
place_flowers,000000034855.jpg,vase,place flowers,base of vase,simple action,Yes,success
place_flowers,000000035351.jpg,vase,place flowers,top of vase,simple action,Yes,success
place_flowers,000000035668.jpg,vase,place flowers,base of vase,simple action,Yes,success
place_flowers,000000035817.jpg,flowers,place flowers,center of table,simple action,Yes,success
place_flowers,000000035853.jpg,vase,place flowers,base of vase,simple action,Yes,success
place_flowers,000000035907.jpg,vase,place flowers,body of vase,place flowers in vase,Yes,success
place_flowers,000000036382.jpg,vase,place flowers,top part of vase,place flowers in top part of vase,Yes,success
place_flowers,000000037729.jpg,vase,place flowers,top of vase,simple action,Yes,success
place_flowers,000000037729.jpg,wine bottle,place flowers,top of bottle,simple action,Yes,success
place_flowers,000000041147.jpg,vase,place flowers,base of vase,simple action,Yes,success
place_flowers,000000041729.jpg,remote control,place flowers,button area,click button,Yes,success
place_flowers,000000043007.jpg,vase,place flowers,top of vase,simple action,Yes,success
place_flowers,000000043218.jpg,vase,place flowers,top of vase,simple action,Yes,success
place_flowers,000000043542.jpg,vase,place flowers,top part of vase,simple action,Yes,success
place_flowers,000000043921.jpg,vase,place flowers,body of vase,simple action,Yes,success
place_flowers,000000043971.jpg,clock,place flowers,clock face,simple action,Yes,success
place_flowers,000000044332.jpg,vase,place flowers,top of vase,place flowers in vase,Yes,success
place_flowers,000000044332.jpg,doll,place flowers,side of doll,place flowers next to doll,Yes,success
place_flowers,000000045180.jpg,vase,place flowers,top of vase,simple action,Yes,success
place_flowers,000000045356.jpg,vase,place flowers,top of vase,simple action,Yes,success
place_flowers,000000045422.jpg,vase,place flowers,top of vase,simple action,Yes,success
place_flowers,000000046055.jpg,egg cup,place flowers,top of egg cup,simple action,Yes,success
place_flowers,000000046055.jpg,bird,place flowers,body of bird,simple action,Yes,success
place_flowers,000000050356.jpg,vase,place flowers,bottom of vase,simple action,Yes,success
place_flowers,000000050591.jpg,flowers,place flowers,center of table,simple action,Yes,success
place_flowers,000000051124.jpg,vase,place flowers,bottom part of vase,simple action,Yes,success
place_flowers,000000051191.jpg,vase,place flowers,top of vase,place flowers in vase,Yes,success
place_flowers,000000051941.jpg,red vase,place flowers,base of vase,simple action,Yes,success
place_flowers,000000051941.jpg,red flower,place flowers,stem of flower,simple action,Yes,success
place_flowers,000000052572.jpg,vase,place flowers,body of vase,simple action,Yes,success
place_flowers,000000052634.jpg,vase,place flowers,top of vase,place flowers in vase,Yes,success
place_flowers,000000052712.jpg,vase,place flowers,top part of vase,place flowers in the top part of the vase,Yes,success
place_flowers,000000052773.jpg,vase,place flowers,base of vase,simple action,Yes,success
place_flowers,000000053176.jpg,flower,place flowers,center of flower,simple action,Yes,success
place_flowers,000000053503.jpg,vase,place flowers,base of vase,simple action,Yes,success
place_flowers,000000053931.jpg,vase,place flowers,top of vase,simple action,Yes,success
place_flowers,000000054334.jpg,bed,place flowers,area near the bed,simple action,Yes,success
place_flowers,000000054334.jpg,table,place flowers,area near the table,simple action,Yes,success
place_flowers,000000054334.jpg,floor lamp,place flowers,area near the floor lamp,simple action,Yes,success
place_flowers,000000057571.jpg,vase,place flowers,bottom half of vase,simple action,Yes,success
place_flowers,000000057707.jpg,vase,place flowers,base of vase,simple action,Yes,success
place_flowers,000000058245.jpg,blue vase,place flowers,bottom of vase,simple action,Yes,success
place_flowers,000000058407.jpg,vase,place flowers,body of vase,simple action,Yes,success
place_flowers,000000058407.jpg,flowers,place flowers,flowers in vase,simple action,Yes,success
place_flowers,000000058834.jpg,table,place flowers,center of table,simple action,Yes,success
place_flowers,000000058834.jpg,candle holder,place flowers,center of table,simple action,Yes,success
place_flowers,000000058857.jpg,flowers,place flowers,flowers in vase,simple action,Yes,success
place_flowers,000000059596.jpg,table,place flowers,top of table,simple action,Yes,success
place_flowers,000000059596.jpg,vase,place flowers,inside vase,simple action,Yes,success
place_flowers,000000059750.jpg,vase,place flowers,bottom part of vase,simple action,Yes,success
place_flowers,000000059821.jpg,vase,place flowers,top of vase,simple action,Yes,success
place_flowers,000000059997.jpg,vase,place flowers,top of vase,simple action,Yes,success
place_flowers,000000060515.jpg,flowers,place flowers,vase,simple action,Yes,success
place_flowers,000000060526.jpg,vase,place flowers,top of vase,place flowers in vase,Yes,success
place_flowers,000000060554.jpg,vase,place flowers,bottom of vase,simple action,Yes,success
place_flowers,000000061316.jpg,plant,place flowers,leaves,simple action,Yes,success
place_flowers,000000065685.jpg,vase,place flowers,base of vase,simple action,Yes,success
place_flowers,000000066011.jpg,flowers,place flowers,any part of flowers,simple action,Yes,success
place_flowers,000000066011.jpg,vase,place flowers,any part of vase,simple action,Yes,success
place_flowers,000000066064.jpg,vase,place flowers,bottom part of vase,simple action,Yes,success
place_flowers,000000066154.jpg,flower pot,place flowers,top of flower pot,simple action,Yes,success
place_flowers,000000066181.jpg,flowers,place flowers,stem of flowers,simple action,Yes,success
place_flowers,000000066902.jpg,vase,place flowers,base of vase,simple action,Yes,success
place_flowers,000000067997.jpg,glass,place flowers,bottom of glass,place flowers in glass,Yes,success
place_flowers,000000068158.jpg,vase,place flowers,top of vase,simple action,Yes,success
place_flowers,000000068434.jpg,vase,place flowers,top of vase,simple action,Yes,success
place_flowers,000000068445.jpg,glass vase,place flowers,base of vase,simple action,Yes,success
place_flowers,000000069021.jpg,pillow,place flowers,top of pillow,simple action,Yes,success
place_flowers,000000069340.jpg,flowers,place flowers,in vase,simple action,Yes,success
place_flowers,000000069839.jpg,vase,place flowers,base of vase,simple action,Yes,success
place_flowers,000000069839.jpg,flowers,,,,No,success
place_flowers,000000069863.jpg,vase,place flowers,top of vase,place flowers,Yes,success
place_flowers,000000070251.jpg,vase,place flowers,top of vase,simple action,Yes,success
place_flowers,000000070251.jpg,flowers,place flowers,inside vase,simple action,Yes,success
place_flowers,000000070387.jpg,vase,place flowers,bottom part of vase,simple action,Yes,success
place_flowers,000000073757.jpg,vase,place flowers,top of vase,simple action,Yes,success
place_flowers,000000073774.jpg,vase,place flowers,top of vase,simple action,Yes,success
place_flowers,000000074555.jpg,vase,place flowers,top of vase,simple action,Yes,success
place_flowers,000000075415.jpg,vase,place flowers,base of vase,simple action,Yes,success
place_flowers,000000075976.jpg,vase,place flowers,bottom of vase,simple action,Yes,success
place_flowers,000000076872.jpg,vase,place flowers,top of vase,simple action,Yes,success
place_flowers,000000077137.jpg,vase,place flowers,top of vase,simple action,Yes,success
place_flowers,000000077178.jpg,ceramic vase,place flowers,top part of vase,simple action,Yes,success
place_flowers,000000077270.jpg,flowers,place flowers,entire flower arrangement,simple action,Yes,success
place_flowers,000000077477.jpg,vase,place flowers,bottom part of vase,place flowers in the vase,Yes,success
place_flowers,000000077936.jpg,vase,place flowers,top of vase,simple action,Yes,success
place_flowers,000000078462.jpg,vase,place flowers,top of vase,place flowers in vase,Yes,success
place_flowers,000000078462.jpg,cup,place flowers,inside cup,place flowers in cup,Yes,success
place_flowers,000000078640.jpg,vase,place flowers,bottom of vase,simple action,Yes,success
place_flowers,000000081994.jpg,vase,place flowers,base of vase,simple action,Yes,success
place_flowers,000000083059.jpg,flowers,place flowers,in vase,simple action,Yes,success
place_flowers,000000085939.jpg,vase,place flowers,top part of vase,place flowers in the top part of the vase,Yes,success
place_flowers,000000086356.jpg,chair,place flowers,back of chair,simple action,Yes,success
place_flowers,000000086468.jpg,vase,place flowers,bottom part of vase,simple action,Yes,success
place_flowers,000000086800.jpg,vase,place flowers,bottom part of vase,simple action,Yes,success
place_flowers,000000086864.jpg,vase,place flowers,top part of vase,place flowers in top part of vase,Yes,success
place_flowers,000000086916.jpg,vase,place flowers,bottom part of vase,simple action,Yes,success
place_flowers,000000087123.jpg,vase,place flowers,base of vase,simple action,Yes,success
place_flowers,000000090328.jpg,plant,place flowers,leaves,simple action,Yes,success
place_flowers,000000090818.jpg,vase,place flowers,base of vase,simple action,Yes,success
place_flowers,000000090962.jpg,vase,place flowers,top part of vase,simple action,Yes,success
place_flowers,000000092196.jpg,table,place flowers,entire table,simple action,Yes,success
place_flowers,000000092196.jpg,vase,place flowers,inside vase,simple action,Yes,success
place_flowers,000000092439.jpg,vase,place flowers,top of vase,simple action,Yes,success
place_flowers,000000092464.jpg,vase,place flowers,top of vase,simple action,Yes,success
place_flowers,000000092464.jpg,flowers,place flowers,in vase,simple action,Yes,success
place_flowers,000000092683.jpg,vase,place flowers,body of vase,simple action,Yes,success
place_flowers,000000092683.jpg,flowers,place flowers,flowers in vase,simple action,Yes,success
place_flowers,000000092729.jpg,vase,place flowers,body of vase,simple action,Yes,success
place_flowers,000000092826.jpg,window,place flowers,outside of window,simple action,Yes,success
place_flowers,000000092826.jpg,cups,place flowers,inside of cups,simple action,Yes,success
place_flowers,000000093219.jpg,vase,place flowers,top part of vase,simple action,Yes,success
place_flowers,000000093476.jpg,clock,place flowers,clock face,simple action,Yes,success
place_flowers,000000093672.jpg,vase,place flowers,top of vase,simple action,Yes,success
place_flowers,000000093765.jpg,vase,place flowers,top part of vase,simple action,Yes,success
place_flowers,000000094260.jpg,flowers,place flowers,in vase,simple action,Yes,success
place_flowers,000000094940.jpg,vase,place flowers,base of vase,simple action,Yes,success
place_flowers,000000098563.jpg,vase,place flowers,top of vase,simple action,Yes,success
place_flowers,000000098563.jpg,ribbon,place flowers,bottom of ribbon,simple action,Yes,success
place_flowers,000000100471.jpg,sink,place flowers,area around sink,simple action,Yes,success
place_flowers,000000100471.jpg,towel,place flowers,area around towel,simple action,Yes,success
place_flowers,000000100558.jpg,table,place flowers,center of table,simple action,Yes,success
place_flowers,000000100558.jpg,chair,place flowers,seat of chair,simple action,Yes,success
place_flowers,000000100626.jpg,vase,place flowers,body of vase,simple action,Yes,success
place_flowers,000000100626.jpg,flowers,place flowers,flowers in vase,simple action,Yes,success
place_flowers,000000100698.jpg,vase,place flowers,top part of vase,simple action,Yes,success
place_flowers,000000101059.jpg,table,place flowers,top surface of table,simple action,Yes,success
place_flowers,000000101059.jpg,vase,place flowers,center of table,simple action,Yes,success
place_flowers,000000101548.jpg,bed,place flowers,area where flowers can be placed,place flowers on the bed,Yes,success
place_flowers,000000101548.jpg,table,place flowers,area where flowers can be placed,place flowers on the table,Yes,success
place_flowers,000000101761.jpg,sink,place flowers,area around sink,simple action,Yes,success
place_flowers,000000101761.jpg,vase,place flowers,inside vase,simple action,Yes,success
place_flowers,000000102006.jpg,vase,place flowers,top part of vase,simple action,Yes,success
place_flowers,000000102066.jpg,vase,place flowers,base of vase,simple action,Yes,success
place_flowers,000000102235.jpg,flowers,place flowers,top of image,simple action,Yes,success
place_flowers,000000102446.jpg,flowers,place flowers,in vase,simple action,Yes,success
place_flowers,000000102447.jpg,bottle,place flowers,bottom of bottle,place flowers in bottle,Yes,success
place_flowers,000000102488.jpg,plant,place flowers,pot,simple action,Yes,success
place_flowers,000000102662.jpg,vase,place flowers,bottom part of vase,simple action,Yes,success
place_flowers,000000103059.jpg,vase,place flowers,base of vase,simple action,Yes,success
place_flowers,000000103287.jpg,vase,place flowers,inside vase,simple action,Yes,success
place_flowers,000000103287.jpg,table,place flowers,top of table,simple action,Yes,success
place_flowers,000000106660.jpg,vase,place flowers,top part of vase,simple action,Yes,success
place_flowers,000000106836.jpg,flowers,place flowers,vase,simple action,Yes,success
place_flowers,000000108045.jpg,bird cage,place flowers,inside bird cage,simple action,Yes,success
place_flowers,000000108375.jpg,flowers,place flowers,vase,simple action,Yes,success
place_flowers,000000108898.jpg,vase,place flowers,base of vase,simple action,Yes,success
place_flowers,000000109638.jpg,vase,place flowers,top of vase,simple action,Yes,success
place_flowers,000000109638.jpg,flowers,place flowers,in vase,simple action,Yes,success
place_flowers,000000109797.jpg,flowers,place flowers,center of the image,simple action,Yes,success
place_flowers,000000110090.jpg,glass,place flowers,base of glass,simple action,Yes,success
place_flowers,000000110090.jpg,plant,place flowers,pot,simple action,Yes,success
place_flowers,000000110621.jpg,pine cone,place flowers,top of pine cone,place flowers on top of pine cone,Yes,success
place_flowers,000000110621.jpg,vase,place flowers,top of vase,place flowers in vase,Yes,success
place_flowers,000000111104.jpg,flowers,place flowers,bouquet of flowers,simple action,Yes,success
place_flowers,000000111245.jpg,vase,place flowers,upper part of vase,simple action,Yes,success
place_flowers,000000111706.jpg,vase,place flowers,top of vase,place flowers in vase,Yes,success
place_flowers,000000111706.jpg,lamp,place flowers,base of lamp,place flowers in lamp,Yes,success
place_flowers,000000114749.jpg,vase,place flowers,top of vase,simple action,Yes,success
place_flowers,000000115014.jpg,vase,place flowers,top of vase,place flowers in vase,Yes,success
place_flowers,000000115156.jpg,vase,place flowers,top of vase,simple action,Yes,success
place_flowers,000000115156.jpg,table,place flowers,table surface,simple action,Yes,success
place_flowers,000000115270.jpg,flowers,place flowers,vase,simple action,Yes,success
place_flowers,000000115359.jpg,chair,place flowers,seat of chair,simple action,Yes,success
place_flowers,000000116270.jpg,vase,place flowers,base of vase,simple action,Yes,success
place_flowers,000000118237.jpg,vase,place flowers,top of vase,simple action,Yes,success
place_flowers,000000118904.jpg,vase,place flowers,base of vase,simple action,Yes,success
place_flowers,000000119488.jpg,flowers,place flowers,in vase,simple action,Yes,success
place_flowers,000000123017.jpg,table,place flowers,top surface of table,simple action,Yes,success
place_flowers,000000123017.jpg,chair,place flowers,seat of chair,simple action,Yes,success
place_flowers,000000123719.jpg,candle holder,place flowers,base of candle holder,simple action,Yes,success
place_flowers,000000125109.jpg,countertop,place flowers,anywhere on the countertop,simple action,Yes,success
place_flowers,000000125109.jpg,vase,place flowers,anywhere in the vase,simple action,Yes,success
place_flowers,000000125432.jpg,bottle,place flowers,top of bottle,place flowers on top of bottle,Yes,success
place_flowers,000000126921.jpg,vase,place flowers,base of vase,simple action,Yes,success
place_flowers,000000126967.jpg,desk,place flowers,top surface of desk,simple action,Yes,success
place_flowers,000000127282.jpg,vase,place flowers,top of vase,simple action,Yes,success
place_flowers,000000127543.jpg,vase,place flowers,top of vase,simple action,Yes,success
place_flowers,000000127585.jpg,flowers,place flowers,vase,simple action,Yes,success
place_flowers,000000128029.jpg,vase,place flowers,inside vase,simple action,Yes,success
place_flowers,000000131128.jpg,vase,place flowers,base of vase,simple action,Yes,success
place_flowers,000000132306.jpg,vase,place flowers,body of vase,simple action,Yes,success
place_flowers,000000133125.jpg,flowers,place flowers,flowers in vase,simple action,Yes,success
place_flowers,000000133125.jpg,vase,place flowers,vase near window,simple action,Yes,success
place_flowers,000000133462.jpg,vase,place flowers,base of vase,simple action,Yes,success
place_flowers,000000134475.jpg,vase,place flowers,base of vase,simple action,Yes,success
place_flowers,000000134935.jpg,flowers,place flowers,top of the vase,simple action,Yes,success
place_flowers,000000135638.jpg,table,place flowers,top surface of table,simple action,Yes,success
place_flowers,000000135638.jpg,cabinet,place flowers,space under cabinet,simple action,Yes,success
place_flowers,000000135680.jpg,green vase,place flowers,bottom of vase,simple action,Yes,success
place_flowers,000000135708.jpg,flowers,place flowers,flowers in vase,simple action,Yes,success
place_flowers,000000135730.jpg,vase,place flowers,body of vase,simple action,Yes,success
place_flowers,000000135730.jpg,glass,place flowers,body of glass,simple action,Yes,success
place_flowers,000000135761.jpg,vase,place flowers,base of vase,simple action,Yes,success
place_flowers,000000139333.jpg,vase,place flowers,base of vase,simple action,Yes,success
place_flowers,000000139372.jpg,flowers,place flowers,top of vase,simple action,Yes,success
place_flowers,000000139665.jpg,vase,place flowers,top part of vase,insert flowers,Yes,success
place_flowers,000000139665.jpg,bottle,place flowers,top part of bottle,insert flowers,Yes,success
place_flowers,000000139887.jpg,flowers,place flowers,vase,simple action,Yes,success
place_flowers,000000140167.jpg,vase,place flowers,base of vase,simple action,Yes,success
place_flowers,000000140352.jpg,vase,place flowers,top part of vase,place flowers in vase,Yes,success
place_flowers,000000143247.jpg,vase,place flowers,inside the vase,simple action,Yes,success
place_flowers,000000143331.jpg,vase,place flowers,top of vase,simple action,Yes,success
place_flowers,000000144475.jpg,vase,place flowers,base of vase,simple action,Yes,success
place_flowers,000000148208.jpg,chair,place flowers,seat of chair,simple action,Yes,success
place_flowers,000000148208.jpg,table,place flowers,top of table,simple action,Yes,success
place_flowers,000000148807.jpg,vase,place flowers,base of vase,simple action,Yes,success
place_flowers,000000149949.jpg,vase,place flowers,base of vase,simple action,Yes,success
place_flowers,000000152048.jpg,vase,place flowers,bottom of vase,simple action,Yes,success
place_flowers,000000152209.jpg,vase,place flowers,top part of vase,simple action,Yes,success
place_flowers,000000156326.jpg,vase,place flowers,vase opening,place flowers in vase,Yes,success
place_flowers,000000156806.jpg,vase,place flowers,base of vase,simple action,Yes,success
place_flowers,000000157834.jpg,vase,place flowers,base of vase,simple action,Yes,success
place_flowers,000000157834.jpg,flower,place flowers,top of flower arrangement,simple action,Yes,success
place_flowers,000000158276.jpg,vase,place flowers,bottom part of vase,simple action,Yes,success
place_flowers,000000158642.jpg,vase,place flowers,top of vase,simple action,Yes,success
place_flowers,000000159103.jpg,box,place flowers,top of box,simple action,Yes,success
place_flowers,000000159313.jpg,basket,place flowers,basket handle,simple action,Yes,success
place_flowers,000000159626.jpg,vase,place flowers,top part of vase,simple action,Yes,success
place_flowers,000000163917.jpg,bottle,place flowers,base of bottle,simple action,Yes,success
place_flowers,000000163917.jpg,vase,place flowers,inside vase,simple action,Yes,success
place_flowers,000000164105.jpg,vase,place flowers,base of vase,place flowers around base,Yes,success
place_flowers,000000164290.jpg,tv,place flowers,space around tv,simple action,Yes,success
place_flowers,000000164442.jpg,vase,place flowers,bottom of vase,simple action,Yes,success
place_flowers,000000164725.jpg,vase,place flowers,top part of vase,simple action,Yes,success
place_flowers,000000165547.jpg,vase,place flowers,inside the vase,simple action,Yes,success
place_flowers,000000165671.jpg,table,place flowers,top surface of table,place flowers on table,Yes,success
place_flowers,000000165671.jpg,flowers,place flowers,center of table,place flowers in vase,Yes,success
place_flowers,000000165795.jpg,vase,place flowers,top part of vase,simple action,Yes,success
place_flowers,000000166233.jpg,vase,place flowers,bottom part of vase,simple action,Yes,success
place_flowers,000000166711.jpg,vase,place flowers,bottom of vase,simple action,Yes,success
place_flowers,000000167026.jpg,vase,place flowers,base of vase,simple action,Yes,success
place_flowers,000000167549.jpg,flowers,place flowers,flowers,simple action,Yes,success
place_flowers,000000168060.jpg,vase,place flowers,top of vase,place flowers in the vase,Yes,success
place_flowers,000000168116.jpg,vase,place flowers,top of vase,simple action,Yes,success
place_flowers,000000172226.jpg,vase,place flowers,top of vase,simple action,Yes,success
place_flowers,000000172669.jpg,vase,place flowers,top of vase,simple action,Yes,success
place_flowers,000000172669.jpg,vase,place flowers,top of vase,simple action,Yes,success
place_flowers,000000172669.jpg,vase,place flowers,top of vase,simple action,Yes,success
place_flowers,000000172669.jpg,vase,place flowers,top of vase,simple action,Yes,success
place_flowers,000000173434.jpg,tv,place flowers,remote control on table,use remote to change channel,Yes,success
place_flowers,000000173434.jpg,couch,place flowers,pillows on couch,arrange flowers on pillows,Yes,success
place_flowers,000000173434.jpg,table,place flowers,center of table,place flowers in vase,Yes,success
place_flowers,000000173471.jpg,flowers,place flowers,in vase,simple action,Yes,success
place_flowers,000000173907.jpg,cat,place flowers,body,simple action,Yes,success
place_flowers,000000173907.jpg,vase,place flowers,body,simple action,Yes,success
place_flowers,000000175341.jpg,flowers,place flowers,entire flower arrangement,simple action,Yes,success
place_flowers,000000175520.jpg,flowers,place flowers,vase,simple action,Yes,success
place_flowers,000000176414.jpg,vase,place flowers,bottom half of vase,simple action,Yes,success
place_flowers,000000176580.jpg,flowers,place flowers,center of flowers,simple action,Yes,success
place_flowers,000000176612.jpg,vase,place flowers,base of vase,place flowers in vase,Yes,success
place_flowers,000000177058.jpg,flowers,place flowers,all flowers,simple action,Yes,success
place_flowers,000000183735.jpg,wine bottle,place flowers,top of bottle,place flowers on top of bottle,Yes,success
place_flowers,000000183735.jpg,wine glass,place flowers,base of glass,place flowers in base of glass,Yes,success
place_flowers,000000188457.jpg,red vase,place flowers,bottom of vase,simple action,Yes,success
place_flowers,000000188511.jpg,vase,place flowers,top of vase,simple action,Yes,success
place_flowers,000000188674.jpg,vase,place flowers,bottom of vase,simple action,Yes,success
place_flowers,000000188688.jpg,tv,place flowers,space around tv,simple action,Yes,success
place_flowers,000000189148.jpg,table,place flowers,center of table,simple action,Yes,success
place_flowers,000000189148.jpg,cup,place flowers,on table,simple action,Yes,success
place_flowers,000000189750.jpg,vase,place flowers,bottom of vase,place flowers in vase,Yes,success
place_flowers,000000189838.jpg,vase,place flowers,top of vase,simple action,Yes,success
place_flowers,000000189842.jpg,flowers,place flowers,in front of mirror,simple action,Yes,success
place_flowers,000000190052.jpg,flowers,place flowers,vase,simple action,Yes,success
place_flowers,000000191174.jpg,vase,place flowers,top of sink,simple action,Yes,success
place_flowers,000000191174.jpg,flowers,place flowers,inside vase,simple action,Yes,success
place_flowers,000000191881.jpg,flowers,place flowers,all parts of flowers,simple action,Yes,success
place_flowers,000000191881.jpg,vase,place flowers,base of vase,simple action,Yes,success
place_flowers,000000193529.jpg,couch,place flowers,area for flowers,simple action,Yes,success
place_flowers,000000193529.jpg,table,place flowers,area for flowers,simple action,Yes,success
place_flowers,000000193664.jpg,vase,place flowers,top part of vase,simple action,Yes,success
place_flowers,000000196878.jpg,vase,place flowers,top of vase,place flowers in vase,Yes,success
place_flowers,000000196878.jpg,flowers,place flowers,top of vase,place flowers in vase,Yes,success
place_flowers,000000197036.jpg,vase,place flowers,base of vase,simple action,Yes,success
place_flowers,000000197155.jpg,vase,place flowers,top part of vase,simple action,Yes,success
place_flowers,000000197257.jpg,vase,place flowers,top of stove,simple action,Yes,success
place_flowers,000000197525.jpg,vase,place flowers,top part of vase,simple action,Yes,success
place_flowers,000000198360.jpg,vase,place flowers,top of vase,simple action,Yes,success
place_flowers,000000198841.jpg,vase,place flowers,base of vase,simple action,Yes,success
place_flowers,000000199881.jpg,vase,place flowers,top of vase,simple action,Yes,success
place_flowers,000000199881.jpg,flowers,place flowers,in vase,simple action,Yes,success
place_flowers,000000200010.jpg,candle holder,place flowers,center of candle holder,simple action,Yes,success
place_flowers,000000200010.jpg,candle,place flowers,center of candle,simple action,Yes,success
place_flowers,000000200615.jpg,vase,place flowers,top of vase,place flowers in vase,Yes,success
place_flowers,000000201184.jpg,flowers,place flowers,vase holding flowers,simple action,Yes,success
place_flowers,000000201273.jpg,vase,place flowers,base of vase,place flowers in the vase,Yes,success
place_flowers,000000201530.jpg,vase,place flowers,bottom half of vase,simple action,Yes,success
place_flowers,000000201573.jpg,vase,place flowers,body of vase,simple action,Yes,success
place_flowers,000000201757.jpg,vase,place flowers,base of vase,simple action,Yes,success
place_flowers,000000205025.jpg,vase,place flowers,top part of vase,simple action,Yes,success
place_flowers,000000205152.jpg,vase,place flowers,body of vase,simple action,Yes,success
place_flowers,000000205474.jpg,vase,place flowers,body of vase,simple action,Yes,success
place_flowers,000000205498.jpg,table,place flowers,center of table,simple action,Yes,success
place_flowers,000000205498.jpg,vase,place flowers,center of vase,simple action,Yes,success
place_flowers,000000206539.jpg,vase,place flowers,base of vase,simple action,Yes,success
place_flowers,000000206539.jpg,flowers,place flowers,flowers in vase,simple action,Yes,success
place_flowers,000000207072.jpg,vase,place flowers,bottom of vase,simple action,Yes,success
place_flowers,000000208020.jpg,vase,place flowers,top part of vase,simple action,Yes,success
place_flowers,000000208380.jpg,vase,place flowers,bottom part of vase,simple action,Yes,success
place_flowers,000000208875.jpg,vase,place flowers,top of vase,place flowers in vase,Yes,success
place_flowers,000000208875.jpg,floor lamp,place flowers,base of floor lamp,place flowers on floor lamp,Yes,success
place_flowers,000000208976.jpg,vase,place flowers,bottom of vase,simple action,Yes,success
place_flowers,000000209467.jpg,vase,place flowers,top of vase,simple action,Yes,success
place_flowers,000000209681.jpg,vase,place flowers,bottom of vase,simple action,Yes,success
place_flowers,000000213203.jpg,vase,place flowers,top part of vase,place flowers in the top part of the vase,Yes,success
place_flowers,000000213203.jpg,teapot,place flowers,handle of teapot,place flowers in the handle of the teapot,Yes,success
place_flowers,000000215625.jpg,cup,place flowers,top part of cup,simple action,Yes,success
place_flowers,000000216038.jpg,vase,place flowers,inside vase,simple action,Yes,success
place_flowers,000000217043.jpg,vase,place flowers,top part of vase,simple action,Yes,success
place_flowers,000000217407.jpg,vase,place flowers,base of vase,simple action,Yes,success
place_flowers,000000217407.jpg,flower,place flowers,petals of flower,simple action,Yes,success
place_flowers,000000217562.jpg,vase,place flowers,top of vase,simple action,Yes,success
place_flowers,000000217725.jpg,flowers,place flowers,vase holding flowers,simple action,Yes,success
place_flowers,000000218204.jpg,table,place flowers,top surface of table,simple action,Yes,success
place_flowers,000000218204.jpg,vases,place flowers,inside of vase,simple action,Yes,success
place_flowers,000000221515.jpg,vase,place flowers,top of vase,simple action,Yes,success
place_flowers,000000221557.jpg,vase,place flowers,base of vase,simple action,Yes,success
place_flowers,000000221973.jpg,vase,place flowers,top of vase,simple action,Yes,success
place_flowers,000000221973.jpg,table,place flowers,top of table,simple action,Yes,success
place_flowers,000000222009.jpg,vase,place flowers,bottom of vase,simple action,Yes,success
place_flowers,000000222043.jpg,vase,place flowers,body of vase,simple action,Yes,success
place_flowers,000000222056.jpg,vase,place flowers,bottom of vase,place flowers in vase,Yes,success
place_flowers,000000222304.jpg,red vase,place flowers,top of vase,simple action,Yes,success
place_flowers,000000223664.jpg,vase,place flowers,bottom of vase,simple action,Yes,success
place_flowers,000000223671.jpg,chair,place flowers,cushion on chair,simple action,Yes,success
place_flowers,000000223671.jpg,table,place flowers,table surface,simple action,Yes,success
place_flowers,000000224342.jpg,vase,place flowers,base of vase,simple action,Yes,success
place_flowers,000000224740.jpg,flowers,place flowers,center of the image,simple action,Yes,success
place_flowers,000000226267.jpg,basket,place flowers,flowers in basket,simple action,Yes,success
place_flowers,000000226267.jpg,bowl,place flowers,flowers in bowl,simple action,Yes,success
place_flowers,000000229541.jpg,vase,place flowers,upper part of vase,simple action,Yes,success
place_flowers,000000229541.jpg,candle,place flowers,center of candle,simple action,Yes,success
place_flowers,000000230238.jpg,vase,place flowers,top of vase,simple action,Yes,success
place_flowers,000000230545.jpg,vase,place flowers,top of vase,place flowers in the top of the vase,Yes,success
place_flowers,000000230545.jpg,cup,place flowers,bottom of cup,place flowers in the bottom of the cup,Yes,success
place_flowers,000000230966.jpg,vase,place flowers,body of vase,simple action,Yes,success
place_flowers,000000231536.jpg,vase,place flowers,top of vase,simple action,Yes,success
place_flowers,000000231744.jpg,vase,place flowers,bottom part of vase,place flowers in vase,Yes,success
place_flowers,000000233140.jpg,vase,place flowers,top of vase,simple action,Yes,success
place_flowers,000000233256.jpg,vase,place flowers,top part of vase,simple action,Yes,success
place_flowers,000000233677.jpg,vase,place flowers,base of vase,simple action,Yes,success
place_flowers,000000237851.jpg,vase,place flowers,base of vase,simple action,Yes,success
place_flowers,000000238768.jpg,bottle,place flowers,top of bottle,simple action,Yes,success
place_flowers,000000238768.jpg,jar,place flowers,top of jar,simple action,Yes,success
place_flowers,000000239010.jpg,flowers,place flowers,flowers in vase,simple action,Yes,success
place_flowers,000000239010.jpg,flowers,place flowers,flowers in vase,simple action,Yes,success
place_flowers,000000239010.jpg,flowers,place flowers,flowers in vase,simple action,Yes,success
place_flowers,000000239010.jpg,flowers,place flowers,flowers in vase,simple action,Yes,success
place_flowers,000000239114.jpg,vase,place flowers,base of vase,simple action,Yes,success
place_flowers,000000239306.jpg,vase,place flowers,top of vase,simple action,Yes,success
place_flowers,000000240101.jpg,flowers,place flowers,vase,simple action,Yes,success
place_flowers,000000240646.jpg,vase,place flowers,base of vase,simple action,Yes,success
place_flowers,000000240813.jpg,vase,place flowers,top of vase,simple action,Yes,success
place_flowers,000000242104.jpg,vase,place flowers,bottom of vase,simple action,Yes,success
place_flowers,000000242404.jpg,vase,place flowers,bottom of vase,simple action,Yes,success
place_flowers,000000246041.jpg,flowers,place flowers,center of the image,simple action,Yes,success
place_flowers,000000246041.jpg,vase,place flowers,bottom right of flowers,simple action,Yes,success
place_flowers,000000246275.jpg,vase,place flowers,top of vase,simple action,Yes,success
place_flowers,000000247979.jpg,vase,place flowers,top of vase,simple action,Yes,success
place_flowers,000000248016.jpg,vase,place flowers,base of vase,simple action,Yes,success
place_flowers,000000250238.jpg,vase,place flowers,body of vase,simple action,Yes,success
place_flowers,000000250929.jpg,vase,place flowers,bottom half of vase,place flowers in vase,Yes,success
place_flowers,000000250929.jpg,table,place flowers,top half of table,place flowers on table,Yes,success
place_flowers,000000254237.jpg,vase,place flowers,bottom of vase,simple action,Yes,success
place_flowers,000000254277.jpg,vase,place flowers,bottom half of vase,place flowers in vase,Yes,success
place_flowers,000000254277.jpg,table,place flowers,top surface of table,place flowers on table,Yes,success
place_flowers,000000255016.jpg,vase,place flowers,body of vase,simple action,Yes,success
place_flowers,000000255149.jpg,glass,place flowers,top of glass,simple action,Yes,success
place_flowers,000000255272.jpg,vase,place flowers,body of vase,place flowers in vase,Yes,success
place_flowers,000000256189.jpg,flowers,place flowers,vase,simple action,Yes,success
place_flowers,000000256385.jpg,vase,place flowers,top part of vase,simple action,Yes,success
place_flowers,000000256707.jpg,flowers,place flowers,entire flower arrangement,simple action,Yes,success
place_flowers,000000256930.jpg,vase,place flowers,body of vase,simple action,Yes,success
place_flowers,000000258265.jpg,vase,place flowers,base of vase,simple action,Yes,success
place_flowers,000000258304.jpg,flowers,place flowers,vase,simple action,Yes,success
place_flowers,000000258414.jpg,table,place flowers,top of table,simple action,Yes,success
place_flowers,000000258414.jpg,candle,place flowers,on table,simple action,Yes,success
place_flowers,000000258975.jpg,flowers,place flowers,stem of flowers,simple action,Yes,success
place_flowers,000000258975.jpg,vase,place flowers,base of vase,simple action,Yes,success
place_flowers,000000262283.jpg,vase,place flowers,top of vase,simple action,Yes,success
place_flowers,000000262360.jpg,vase,place flowers,bottom of vase,simple action,Yes,success
place_flowers,000000262407.jpg,vase,place flowers,top part of vase,simple action,Yes,success
place_flowers,000000262466.jpg,vase,place flowers,bottom of vase,simple action,Yes,success
place_flowers,000000262466.jpg,teapot,place flowers,top of teapot,simple action,Yes,success
place_flowers,000000263405.jpg,flowers,place flowers,center of the image,simple action,Yes,success
place_flowers,000000263482.jpg,vase,place flowers,base of vase,simple action,Yes,success
place_flowers,000000263845.jpg,cut paper,place flowers,part of paper used,simple action,Yes,success
place_flowers,000000263845.jpg,chair,place flowers,back of chair,simple action,Yes,success
place_flowers,000000264183.jpg,candle,place flowers,candle holder,place flowers in the holder,Yes,success
place_flowers,000000264212.jpg,flowers,place flowers,vase,simple action,Yes,success
place_flowers,000000264969.jpg,vase,place flowers,bottom part of vase,simple action,Yes,success
place_flowers,000000265244.jpg,vase,place flowers,top of the vase,simple action,Yes,success
place_flowers,000000267082.jpg,sunflowers,place flowers,stems,simple action,Yes,success
place_flowers,000000267082.jpg,vase,place flowers,inside,simple action,Yes,success
place_flowers,000000267216.jpg,flowers,place flowers,vase,simple action,Yes,success
place_flowers,000000270500.jpg,vase,place flowers,bottom part of vase,simple action,Yes,success
place_flowers,000000270846.jpg,vase,place flowers,top part of vase,place flowers in the vase,Yes,success
place_flowers,000000271351.jpg,vase,place flowers,base of vase,simple action,Yes,success
place_flowers,000000271548.jpg,candle,place flowers,base of candle,place flowers around candle,Yes,success
place_flowers,000000271548.jpg,flowers,place flowers,inside vase,place flowers in vase,Yes,success
place_flowers,000000272211.jpg,vase,place flowers,base of vase,simple action,Yes,success
place_flowers,000000272713.jpg,vase,place flowers,top of vase,simple action,Yes,success
place_flowers,000000272728.jpg,vase,place flowers,top of vase,simple action,Yes,success
place_flowers,000000272889.jpg,vase,place flowers,base of vase,simple action,Yes,success
place_flowers,000000273369.jpg,vase,place flowers,top of vase,simple action,Yes,success
place_flowers,000000273383.jpg,vase,place flowers,top of vase,simple action,Yes,success
place_flowers,000000274416.jpg,vase,place flowers,top of vase,simple action,Yes,success
place_flowers,000000274736.jpg,vase,place flowers,bottom of vase,place flowers in vase,Yes,success
place_flowers,000000275279.jpg,vase,place flowers,inside the vase,simple action,Yes,success
place_flowers,000000275429.jpg,vase,place flowers,top part of vase,simple action,Yes,success
place_flowers,000000278698.jpg,vase,place flowers,bottom of vase,simple action,Yes,success
place_flowers,000000278923.jpg,vase,place flowers,top part of vase,simple action,Yes,success
place_flowers,000000279909.jpg,vase,place flowers,top part of vase,simple action,Yes,success
place_flowers,000000279947.jpg,flowers,place flowers,vase,simple action,Yes,success
place_flowers,000000279948.jpg,flowers,place flowers,in vase,simple action,Yes,success
place_flowers,000000280226.jpg,vase,place flowers,top of vase,simple action,Yes,success
place_flowers,000000280808.jpg,sink,place flowers,center of sink,simple action,Yes,success
place_flowers,000000280808.jpg,cabinet,place flowers,bottom of cabinet,simple action,Yes,success
place_flowers,000000281123.jpg,vase,place flowers,top part of vase,simple action,Yes,success
place_flowers,000000281273.jpg,vase,place flowers,top of vase,simple action,Yes,success
place_flowers,000000282336.jpg,vase,place flowers,base of vase,simple action,Yes,success
place_flowers,000000282603.jpg,flowers,place flowers,top of vase,simple action,Yes,success
place_flowers,000000282603.jpg,vase,place flowers,top of vase,simple action,Yes,success
place_flowers,000000282669.jpg,vase,place flowers,top part of vase,simple action,Yes,success
place_flowers,000000282772.jpg,vase,place flowers,inside the vase,simple action,Yes,success
place_flowers,000000282894.jpg,vase,place flowers,base of vase,simple action,Yes,success
place_flowers,000000283064.jpg,vase,place flowers,top of vase,simple action,Yes,success
place_flowers,000000287488.jpg,sink,place flowers,area around the sink,simple action,Yes,success
place_flowers,000000287575.jpg,vase,place flowers,top of vase,place flowers in the top of the vase,Yes,success
place_flowers,000000289987.jpg,vase,place flowers,body of vase,simple action,Yes,success
place_flowers,000000290436.jpg,flowers,place flowers,red flowers in vase,simple action,Yes,success
place_flowers,000000290457.jpg,vase,place flowers,top of vase,simple action,Yes,success
place_flowers,000000290819.jpg,flowers,place flowers,in vase,simple action,Yes,success
place_flowers,000000290942.jpg,apple,place flowers,top of apple,simple action,Yes,success
place_flowers,000000291098.jpg,vase,place flowers,top of vase,simple action,Yes,success
place_flowers,000000291438.jpg,vase,place flowers,top part of vase,simple action,Yes,success
place_flowers,000000291589.jpg,chair,place flowers,back of chair,simple action,Yes,success
place_flowers,000000291589.jpg,table,place flowers,top of table,simple action,Yes,success
place_flowers,000000291589.jpg,vases,place flowers,inside of vases,simple action,Yes,success
place_flowers,000000291655.jpg,vase,place flowers,bottom part of vase,simple action,Yes,success
place_flowers,000000291915.jpg,vase,place flowers,top of vase,simple action,Yes,success
place_flowers,000000295286.jpg,vase,place flowers,top of vase,simple action,Yes,success
place_flowers,000000295564.jpg,vase,place flowers,top of vase,place flowers,Yes,success
place_flowers,000000295599.jpg,vase,place flowers,top part of vase,simple action,Yes,success
place_flowers,000000296153.jpg,book,place flowers,cover of book,simple action,Yes,success
place_flowers,000000296153.jpg,vase,place flowers,inside vase,simple action,Yes,success
place_flowers,000000297907.jpg,vase,place flowers,inside of vase,simple action,Yes,success
place_flowers,000000298193.jpg,vase,place flowers,top of vase,simple action,Yes,success
place_flowers,000000298193.jpg,flowers,place flowers,in vase,simple action,Yes,success
place_flowers,000000299273.jpg,vase,place flowers,top of vase,simple action,Yes,success
place_flowers,000000299309.jpg,vase,place flowers,base of vase,simple action,Yes,success
place_flowers,000000299380.jpg,vase,place flowers,top of vase,simple action,Yes,success
place_flowers,000000299771.jpg,vase,place flowers,body of vase,simple action,Yes,success
place_flowers,000000299930.jpg,flowers,place flowers,petals,simple action,Yes,success
place_flowers,000000303247.jpg,vase,place flowers,top of vase,simple action,Yes,success
place_flowers,000000303507.jpg,vase,place flowers,base of vase,place flowers in vase,Yes,success
place_flowers,000000303994.jpg,vase,place flowers,top of vase,simple action,Yes,success
place_flowers,000000304409.jpg,vase,place flowers,top of vase,simple action,Yes,success
place_flowers,000000305853.jpg,sunflowers,place flowers,petals of sunflowers,simple action,Yes,success
place_flowers,000000305853.jpg,vase,place flowers,glass of vase,simple action,Yes,success
place_flowers,000000306080.jpg,vase,place flowers,neck of vase,simple action,Yes,success
place_flowers,000000306080.jpg,candle,place flowers,candle holder,simple action,Yes,success
place_flowers,000000306249.jpg,vase,place flowers,center of vase,simple action,Yes,success
place_flowers,000000306249.jpg,flowers,,,,No,success
place_flowers,000000306407.jpg,vase,place flowers,top of vase,simple action,Yes,success
place_flowers,000000307614.jpg,wooden table,place flowers,top surface of table,simple action,Yes,success
place_flowers,000000307614.jpg,wooden dresser,place flowers,top surface of dresser,simple action,Yes,success
place_flowers,000000311890.jpg,vase,place flowers,top part of vase,simple action,Yes,success
place_flowers,000000311954.jpg,flowers,place flowers,in the living room,simple action,Yes,success
place_flowers,000000311988.jpg,vase,place flowers,bottom of vase,simple action,Yes,success
place_flowers,000000312143.jpg,flower arrangement,place flowers,top of flower arrangement,place flowers in the vase,Yes,success
place_flowers,000000312167.jpg,vase,place flowers,top of vase,simple action,Yes,success
place_flowers,000000313585.jpg,flowers,place flowers,in the center of the room,simple action,Yes,success
place_flowers,000000313666.jpg,glass,place flowers,bottom of glass,simple action,Yes,success
place_flowers,000000313861.jpg,vase,place flowers,top of vase,simple action,Yes,success
place_flowers,000000313861.jpg,candle holder,place flowers,top of candle holder,simple action,Yes,success
place_flowers,000000313950.jpg,vase,place flowers,top part of vase,simple action,Yes,success
place_flowers,000000314561.jpg,vase,place flowers,bottom of vase,simple action,Yes,success
place_flowers,000000314694.jpg,flowers,place flowers,vase of flowers,simple action,Yes,success
place_flowers,000000314792.jpg,vase,place flowers,top of vase,simple action,Yes,success
place_flowers,000000316154.jpg,sink,place flowers,center of sink,simple action,Yes,success
place_flowers,000000316154.jpg,cabinet,place flowers,bottom of cabinet,simple action,Yes,success
place_flowers,000000319687.jpg,vase,place flowers,top of vase,simple action,Yes,success
place_flowers,000000319907.jpg,vase,place flowers,top part of vase,simple action,Yes,success
place_flowers,000000319907.jpg,flowers,place flowers,top part of flowers,simple action,Yes,success
place_flowers,000000320081.jpg,vase,place flowers,bottom of vase,simple action,Yes,success
place_flowers,000000321310.jpg,vase,place flowers,top of vase,place flowers in vase,Yes,success
place_flowers,000000321314.jpg,vase,place flowers,top of vase,place flowers in vase,Yes,success
place_flowers,000000322064.jpg,table,place flowers,center of table,simple action,Yes,success
place_flowers,000000322064.jpg,couch,place flowers,center of couch,simple action,Yes,success
place_flowers,000000322141.jpg,sink,place flowers,top of sink,simple action,Yes,success
place_flowers,000000322141.jpg,cabinet,place flowers,inside cabinet,simple action,Yes,success
place_flowers,000000322174.jpg,table,place flowers,top surface of table,simple action,Yes,success
place_flowers,000000322174.jpg,vase,place flowers,inside vase,simple action,Yes,success
place_flowers,000000323322.jpg,vase,place flowers,top of vase,simple action,Yes,success
place_flowers,000000323507.jpg,blue pot,place flowers,bottom of pot,place flowers in the pot,Yes,success
place_flowers,000000323507.jpg,orange flowers,place flowers,top of pot,place flowers in the pot,Yes,success
place_flowers,000000323722.jpg,table,place flowers,top surface of table,simple action,Yes,success
place_flowers,000000323722.jpg,sink,place flowers,inside of sink,simple action,Yes,success
place_flowers,000000323729.jpg,plant,place flowers,top of plant,simple action,Yes,success
place_flowers,000000323829.jpg,flower,place flowers,petals,simple action,Yes,success
place_flowers,000000323829.jpg,vase,place flowers,base,simple action,Yes,success
place_flowers,000000324504.jpg,vase,place flowers,top part of vase,simple action,Yes,success
place_flowers,000000324584.jpg,tv,place flowers,top of tv,simple action,Yes,success
place_flowers,000000327717.jpg,flowers,place flowers,in the vase,simple action,Yes,success
place_flowers,000000327813.jpg,tv,place flowers,top of tv,simple action,Yes,success
place_flowers,000000327813.jpg,couch,place flowers,front of couch,simple action,Yes,success
place_flowers,000000328805.jpg,vase,place flowers,top of vase,simple action,Yes,success
place_flowers,000000328805.jpg,flowers,,,,No,success
place_flowers,000000328962.jpg,vase,place flowers,base of vase,simple action,Yes,success
place_flowers,000000329343.jpg,vase,place flowers,top of vase,simple action,Yes,success
place_flowers,000000329543.jpg,plant,place flowers,top of plant,simple action,Yes,success
place_flowers,000000329733.jpg,vase,place flowers,top of vase,simple action,Yes,success
place_flowers,000000329748.jpg,table,place flowers,center of table,simple action,Yes,success
place_flowers,000000329748.jpg,vase,place flowers,center of table,simple action,Yes,success
place_flowers,000000330716.jpg,vase,place flowers,top part of vase,simple action,Yes,success
place_flowers,000000331307.jpg,vase,place flowers,top of vase,simple action,Yes,success
place_flowers,000000331372.jpg,vase,place flowers,top half of vase,simple action,Yes,success
place_flowers,000000331392.jpg,vase,place flowers,base of vase,simple action,Yes,success
place_flowers,000000331764.jpg,vase,place flowers,base of vase,simple action,Yes,success
place_flowers,000000332020.jpg,flowers,place flowers,center of flower arrangement,simple action,Yes,success
place_flowers,000000332448.jpg,vase,place flowers,bottom part of vase,simple action,Yes,success
place_flowers,000000332540.jpg,flowers,place flowers,flowers in vase,simple action,Yes,success
place_flowers,000000332691.jpg,vase,place flowers,top part of vase,place flowers in the vase,Yes,success
place_flowers,000000332691.jpg,candle,place flowers,top part of candle,place flowers in the candle,Yes,success
place_flowers,000000332853.jpg,vase,place flowers,top of vase,place flowers in vase,Yes,success
place_flowers,000000336643.jpg,bucket,place flowers,bottom of bucket,simple action,Yes,success
place_flowers,000000337007.jpg,vase,place flowers,top of vase,simple action,Yes,success
place_flowers,000000337068.jpg,wine bottle,place flowers,top of bottle,simple action,Yes,success
place_flowers,000000337068.jpg,flowers,place flowers,top of vase,simple action,Yes,success
place_flowers,000000338235.jpg,flower,place flowers,petals,simple action,Yes,success
place_flowers,000000338235.jpg,vase,place flowers,base,simple action,Yes,success
place_flowers,000000339007.jpg,vase,place flowers,bottom part of vase,simple action,Yes,success
place_flowers,000000339693.jpg,table,place flowers,top surface of table,simple action,Yes,success
place_flowers,000000340184.jpg,flowers,place flowers,flowers in vase,simple action,Yes,success
place_flowers,000000340184.jpg,flowers in vase,,,,No,success
place_flowers,000000340215.jpg,table,place flowers,entire table,simple action,Yes,success
place_flowers,000000340215.jpg,vases,place flowers,inside vases,simple action,Yes,success
place_flowers,000000344276.jpg,flowers,place flowers,flowers,simple action,Yes,success
place_flowers,000000345047.jpg,flowers,place flowers,vase holding flowers,simple action,Yes,success
place_flowers,000000345225.jpg,flowers,place flowers,vase,simple action,Yes,success
place_flowers,000000345842.jpg,vase,place flowers,base of vase,simple action,Yes,success
place_flowers,000000346013.jpg,vase,place flowers,base of vase,simple action,Yes,success
place_flowers,000000346547.jpg,vases,place flowers,top of vase,place flowers in vase,Yes,success
place_flowers,000000346566.jpg,vase,place flowers,top part of vase,simple action,Yes,success
place_flowers,000000347145.jpg,vase,place flowers,top part of vase,simple action,Yes,success
place_flowers,000000348056.jpg,vase,place flowers,top part of vase,place flowers in vase,Yes,success
place_flowers,000000348597.jpg,vase,place flowers,top of vase,simple action,Yes,success
place_flowers,000000348616.jpg,vase,place flowers,top of vase,simple action,Yes,success
place_flowers,000000348825.jpg,vase,place flowers,base of vase,simple action,Yes,success
place_flowers,000000348913.jpg,vase,place flowers,top of vase,simple action,Yes,success
place_flowers,000000352357.jpg,vase,place flowers,body of vase,simple action,Yes,success
place_flowers,000000352480.jpg,vase,place flowers,top of vase,simple action,Yes,success
place_flowers,000000352480.jpg,bowl,place flowers,inside bowl,simple action,Yes,success
place_flowers,000000352480.jpg,watering can,place flowers,handle of watering can,simple action,Yes,success
place_flowers,000000352561.jpg,vase,place flowers,base of vase,simple action,Yes,success
place_flowers,000000353298.jpg,vase,place flowers,base of vase,simple action,Yes,success
place_flowers,000000353568.jpg,vase,place flowers,top of vase,simple action,Yes,success
place_flowers,000000353817.jpg,vase,place flowers,top of vase,simple action,Yes,success
place_flowers,000000354766.jpg,vase,place flowers,base of vase,simple action,Yes,success
place_flowers,000000355270.jpg,vase,place flowers,bottom of vase,simple action,Yes,success
place_flowers,000000355450.jpg,flowers,place flowers,vase,simple action,Yes,success
place_flowers,000000355632.jpg,vase,place flowers,bottom half of vase,simple action,Yes,success
place_flowers,000000355638.jpg,table,place flowers,top of table,simple action,Yes,success
place_flowers,000000355638.jpg,candle,place flowers,center of candle,simple action,Yes,success
place_flowers,000000355922.jpg,vase,place flowers,bottom of vase,simple action,Yes,success
place_flowers,000000356216.jpg,bamboo plant,place flowers,top of bamboo plant,place flowers in the top of the bamboo plant,Yes,success
place_flowers,000000356216.jpg,candle,place flowers,base of candle,place flowers at the base of the candle,Yes,success
place_flowers,000000356916.jpg,table,place flowers,top surface of table,simple action,Yes,success
place_flowers,000000356916.jpg,vase,place flowers,inside vase,simple action,Yes,success
place_flowers,000000357173.jpg,vase,place flowers,top of vase,simple action,Yes,success
place_flowers,000000360485.jpg,vase,place flowers,top part of vase,simple action,Yes,success
place_flowers,000000360487.jpg,vase,place flowers,top of vase,simple action,Yes,success
place_flowers,000000360589.jpg,vase,place flowers,base of vase,simple action,Yes,success
place_flowers,000000360759.jpg,vase,place flowers,top part of vase,simple action,Yes,success
place_flowers,000000360831.jpg,vase,place flowers,top of vase,simple action,Yes,success
place_flowers,000000360849.jpg,table,place flowers,center of table,simple action,Yes,success
place_flowers,000000360849.jpg,vase,place flowers,center of table,simple action,Yes,success
place_flowers,000000361394.jpg,flowers,place flowers,flowers in vase,simple action,Yes,success
place_flowers,000000361619.jpg,vase,place flowers,top of vase,simple action,Yes,success
place_flowers,000000361928.jpg,flowers,place flowers,top of vase,simple action,Yes,success
place_flowers,000000362558.jpg,vase,place flowers,bottom half of vase,simple action,Yes,success
place_flowers,000000363273.jpg,vase,place flowers,body of vase,simple action,Yes,success
place_flowers,000000363336.jpg,vase,place flowers,base of vase,simple action,Yes,success
place_flowers,000000364044.jpg,vase,place flowers,top of vase,simple action,Yes,success
place_flowers,000000364044.jpg,flower,,,,No,success
place_flowers,000000364139.jpg,table,place flowers,top surface of table,simple action,Yes,success
place_flowers,000000364139.jpg,window,place flowers,outside of window,simple action,Yes,success
place_flowers,1358.jpg,wine bottle,place flowers,top of bottle,simple action,Yes,success
place_flowers,1358.jpg,wine glass,place flowers,inside glass,simple action,Yes,success
place_flowers,1358.jpg,plate,place flowers,center of plate,simple action,Yes,success
place_flowers,181.jpg,table,place flowers,top surface of table,simple action,Yes,success
place_flowers,181.jpg,chair,place flowers,seat of chair,simple action,Yes,success
place_flowers,187.jpg,flowers,place flowers,top of shelf,simple action,Yes,success
place_flowers,199.jpg,fork,place flowers,handle of fork,simple action,Yes,success
place_flowers,199.jpg,spoon,place flowers,handle of spoon,simple action,Yes,success
place_flowers,200.jpg,plate,place flowers,center of plate,simple action,Yes,success
place_flowers,2383131.jpg,wine bottle,place flowers,top of bottle,simple action,Yes,success
place_flowers,2383457.jpg,basket,place flowers,bottom part of basket,simple action,Yes,success
place_flowers,2383572.jpg,wine glass,place flowers,top of glass,simple action,Yes,success
place_flowers,2383660.jpg,wine glass,place flowers,base of wine glass,simple action,Yes,success
place_flowers,2384277.jpg,vase,place flowers,top of vase,simple action,Yes,success
place_flowers,2384555.jpg,wine bottle,place flowers,top part of bottle,simple action,Yes,success
place_flowers,2384555.jpg,wine glass,place flowers,base of glass,simple action,Yes,success
place_flowers,2384555.jpg,flower arrangement,place flowers,flowers in vase,simple action,Yes,success
place_flowers,239.jpg,desk,place flowers,top surface of desk,simple action,Yes,success
place_flowers,239.jpg,chair,place flowers,seat of chair,simple action,Yes,success
place_flowers,559.jpg,vase,place flowers,top part of vase,simple action,Yes,success
place_flowers,559.jpg,flowers,place flowers,top part of vase,simple action,Yes,success
place_flowers,COCO_val2014_000000000569.jpg,flowers,place flowers,all flowers,simple action,Yes,success
place_flowers,COCO_val2014_000000001340.jpg,vase,place flowers,base of vase,simple action,Yes,success
place_flowers,COCO_val2014_000000001393.jpg,vase,place flowers,base of vase,simple action,Yes,success
place_flowers,COCO_val2014_000000001577.jpg,vase,place flowers,body of vase,simple action,Yes,success
place_flowers,COCO_val2014_000000002346.jpg,vase,place flowers,top part of vase,simple action,Yes,success
place_flowers,COCO_val2014_000000003742.jpg,vase,place flowers,top part of vase,simple action,Yes,success
place_flowers,COCO_val2014_000000004079.jpg,vase,place flowers,top of vase,simple action,Yes,success
place_flowers,COCO_val2014_000000004265.jpg,vase,place flowers,body of vase,simple action,Yes,success
place_flowers,COCO_val2014_000000004265.jpg,plant,place flowers,leaves of plant,simple action,Yes,success
place_flowers,COCO_val2014_000000006484.jpg,flowers,place flowers,center of image,simple action,Yes,success
place_flowers,COCO_val2014_000000006484.jpg,vase,place flowers,center of image,simple action,Yes,success
place_flowers,COCO_val2014_000000006673.jpg,vase,place flowers,bottom of vase,simple action,Yes,success
place_flowers,COCO_val2014_000000007276.jpg,cactus,place flowers,top of cactus,simple action,Yes,success
place_flowers,COCO_val2014_000000009572.jpg,vase,place flowers,top part of vase,simple action,Yes,success
place_flowers,COCO_val2014_000000012860.jpg,vase,place flowers,base of vase,simple action,Yes,success
place_flowers,COCO_val2014_000000013300.jpg,vase,place flowers,top part of vase,simple action,Yes,success
place_flowers,COCO_val2014_000000013632.jpg,vase,place flowers,top of vase,place flowers in the vase,Yes,success
place_flowers,COCO_val2014_000000015259.jpg,vase,place flowers,base of vase,simple action,Yes,success
place_flowers,COCO_val2014_000000016410.jpg,vase,place flowers,base of vase,simple action,Yes,success
place_flowers,COCO_val2014_000000016761.jpg,plant,place flowers,top of plant,simple action,Yes,success
place_flowers,COCO_val2014_000000017867.jpg,vase,place flowers,body of vase,simple action,Yes,success
place_flowers,COCO_val2014_000000017867.jpg,candle,place flowers,candle holder,simple action,Yes,success
place_flowers,COCO_val2014_000000018291.jpg,vase,place flowers,bottom of vase,simple action,Yes,success
place_flowers,COCO_val2014_000000019881.jpg,flowers,place flowers,entire flower arrangement,simple action,Yes,success
place_flowers,COCO_val2014_000000020788.jpg,flowers,place flowers,vase,simple action,Yes,success
place_flowers,COCO_val2014_000000021023.jpg,vase,place flowers,top of vase,simple action,Yes,success
place_flowers,COCO_val2014_000000021435.jpg,vase,place flowers,top part of vase,place flowers in the top part of the vase,Yes,success
place_flowers,COCO_val2014_000000021435.jpg,bowl,place flowers,inside of bowl,place flowers in the inside of the bowl,Yes,success
place_flowers,COCO_val2014_000000021465.jpg,vase,place flowers,top of vase,simple action,Yes,success
place_flowers,COCO_val2014_000000022324.jpg,vase,place flowers,top of vase,simple action,Yes,success
place_flowers,COCO_val2014_000000022563.jpg,vase,place flowers,bottom half of vase,simple action,Yes,success
place_flowers,COCO_val2014_000000022621.jpg,plant,place flowers,plant pot,simple action,Yes,success
place_flowers,COCO_val2014_000000022834.jpg,vase,place flowers,bottom of vase,simple action,Yes,success
place_flowers,COCO_val2014_000000022892.jpg,cat,place flowers,head,simple action,Yes,success
place_flowers,COCO_val2014_000000022892.jpg,plant,place flowers,leaves,simple action,Yes,success
place_flowers,COCO_val2014_000000025286.jpg,vase,place flowers,base of vase,simple action,Yes,success
place_flowers,COCO_val2014_000000026200.jpg,vase,place flowers,base of vase,simple action,Yes,success
place_flowers,COCO_val2014_000000026472.jpg,vase,place flowers,base of vase,simple action,Yes,success
place_flowers,COCO_val2014_000000027221.jpg,plant,place flowers,pot,simple action,Yes,success
place_flowers,COCO_val2014_000000027656.jpg,vase,place flowers,top of vase,simple action,Yes,success
place_flowers,COCO_val2014_000000027935.jpg,flowers,place flowers,all parts of flowers,simple action,Yes,success
place_flowers,COCO_val2014_000000030932.jpg,flowers,place flowers,vase,simple action,Yes,success
place_flowers,COCO_val2014_000000031050.jpg,vase,place flowers,base of vase,simple action,Yes,success
place_flowers,COCO_val2014_000000031597.jpg,vase,place flowers,upper part of vase,simple action,Yes,success
place_flowers,COCO_val2014_000000032391.jpg,air conditioner,place flowers,vent of air conditioner,simple action,Yes,success
place_flowers,COCO_val2014_000000032391.jpg,plant,place flowers,leaves of plant,simple action,Yes,success
place_flowers,COCO_val2014_000000033052.jpg,flowers,place flowers,in vase,simple action,Yes,success
place_flowers,COCO_val2014_000000033994.jpg,green cone,place flowers,base of flower,place the flower on the cone,Yes,success
place_flowers,COCO_val2014_000000033994.jpg,red ribbon,place flowers,side of cone,tie the ribbon around the cone,Yes,success
place_flowers,COCO_val2014_000000034483.jpg,vase,place flowers,top part of vase,simple action,Yes,success
place_flowers,COCO_val2014_000000035853.jpg,vase,place flowers,base of vase,simple action,Yes,success
place_flowers,COCO_val2014_000000037149.jpg,vase,place flowers,top part of vase,simple action,Yes,success
place_flowers,COCO_val2014_000000037729.jpg,vase,place flowers,base of vase,simple action,Yes,success
place_flowers,COCO_val2014_000000038645.jpg,plant pot,place flowers,base of plant pot,simple action,Yes,success
place_flowers,COCO_val2014_000000038823.jpg,plant,place flowers,any part of plant,simple action,Yes,success
place_flowers,COCO_val2014_000000040018.jpg,table,place flowers,top of table,simple action,Yes,success
place_flowers,COCO_val2014_000000040018.jpg,candle,place flowers,center of table,simple action,Yes,success
place_flowers,COCO_val2014_000000041147.jpg,vase,place flowers,base of vase,simple action,Yes,success
place_flowers,COCO_val2014_000000043218.jpg,vase,place flowers,top part of vase,simple action,Yes,success
place_flowers,COCO_val2014_000000043542.jpg,vase,place flowers,top of vase,simple action,Yes,success
place_flowers,COCO_val2014_000000045356.jpg,vase,place flowers,body of vase,simple action,Yes,success
place_flowers,COCO_val2014_000000045383.jpg,plant,place flowers,leaves of plant,simple action,Yes,success
place_flowers,COCO_val2014_000000045472.jpg,pineapple,place flowers,top of pineapple,simple action,Yes,success
place_flowers,COCO_val2014_000000047713.jpg,bottle,place flowers,top part of bottle,simple action,Yes,success
place_flowers,COCO_val2014_000000047713.jpg,elephant,place flowers,body of elephant,simple action,Yes,success
place_flowers,COCO_val2014_000000047713.jpg,gorilla,place flowers,head of gorilla,simple action,Yes,success
place_flowers,COCO_val2014_000000047713.jpg,bird,place flowers,body of bird,simple action,Yes,success
place_flowers,COCO_val2014_000000047713.jpg,bear,place flowers,body of bear,simple action,Yes,success
place_flowers,COCO_val2014_000000047713.jpg,bell,place flowers,top of bell,simple action,Yes,success
place_flowers,COCO_val2014_000000047713.jpg,keychain,place flowers,body of keychain,simple action,Yes,success
place_flowers,COCO_val2014_000000048281.jpg,woman,place flowers,hand holding flowers,simple action,Yes,success
place_flowers,COCO_val2014_000000048281.jpg,flowers,place flowers,bouquet of flowers,simple action,Yes,success
place_flowers,COCO_val2014_000000048575.jpg,flowers,place flowers,vase,simple action,Yes,success
place_flowers,COCO_val2014_000000048575.jpg,table,place flowers,top surface,simple action,Yes,success
place_flowers,COCO_val2014_000000049473.jpg,vase,place flowers,base of vase,simple action,Yes,success
place_flowers,COCO_val2014_000000050201.jpg,candle,place flowers,center of candle,simple action,Yes,success
place_flowers,COCO_val2014_000000050331.jpg,plant,place flowers,leaves,place flowers on leaves,Yes,success
place_flowers,COCO_val2014_000000051191.jpg,vase,place flowers,top of vase,simple action,Yes,success
place_flowers,COCO_val2014_000000051326.jpg,flowers,place flowers,stem of flowers,simple action,Yes,success
place_flowers,COCO_val2014_000000051326.jpg,pumpkin,place flowers,inside of pumpkin,simple action,Yes,success
place_flowers,COCO_val2014_000000051339.jpg,plant,place flowers,leaves,simple action,Yes,success
place_flowers,COCO_val2014_000000052368.jpg,umbrella,place flowers,top of umbrella,simple action,Yes,success
place_flowers,COCO_val2014_000000052368.jpg,bushes,place flowers,middle of bushes,simple action,Yes,success
place_flowers,COCO_val2014_000000052368.jpg,flowers,place flowers,in front of bushes,simple action,Yes,success
place_flowers,COCO_val2014_000000053503.jpg,vase,place flowers,base of vase,simple action,Yes,success
place_flowers,COCO_val2014_000000053503.jpg,table,place flowers,top of table,simple action,Yes,success
place_flowers,COCO_val2014_000000054490.jpg,vase,place flowers,top part of vase,simple action,Yes,success
place_flowers,COCO_val2014_000000055109.jpg,table,place flowers,top surface of table,place flowers on table,Yes,success
place_flowers,COCO_val2014_000000055109.jpg,flowers,place flowers,center of table,place flowers on table,Yes,success
place_flowers,COCO_val2014_000000056160.jpg,vase,place flowers,top of vase,simple action,Yes,success
place_flowers,COCO_val2014_000000056443.jpg,vase,place flowers,top of vase,simple action,Yes,success
place_flowers,COCO_val2014_000000057571.jpg,vase,place flowers,base of vase,place flowers in vase,Yes,success
place_flowers,COCO_val2014_000000058232.jpg,shelf,place flowers,top part of shelf,simple action,Yes,success
place_flowers,COCO_val2014_000000062410.jpg,flowers,place flowers,center of flower arrangement,simple action,Yes,success
place_flowers,COCO_val2014_000000062410.jpg,vase,place flowers,base of flower arrangement,simple action,Yes,success
place_flowers,COCO_val2014_000000062443.jpg,bush,place flowers,top of bush,simple action,Yes,success
place_flowers,COCO_val2014_000000064693.jpg,clock,place flowers,face of clock,simple action,Yes,success
place_flowers,COCO_val2014_000000064693.jpg,vase,place flowers,body of vase,simple action,Yes,success
place_flowers,COCO_val2014_000000064796.jpg,vase,place flowers,base of vase,simple action,Yes,success
place_flowers,COCO_val2014_000000065741.jpg,flower,place flowers,petals,simple action,Yes,success
place_flowers,COCO_val2014_000000065969.jpg,vase,place flowers,top of vase,simple action,Yes,success
place_flowers,COCO_val2014_000000066011.jpg,flowers,place flowers,vase,simple action,Yes,success
place_flowers,COCO_val2014_000000066064.jpg,flowers,place flowers,vase,simple action,Yes,success
place_flowers,COCO_val2014_000000066154.jpg,flowers,place flowers,any part of flowers,simple action,Yes,success
place_flowers,COCO_val2014_000000066181.jpg,vase,place flowers,bottom part of vase,simple action,Yes,success
place_flowers,COCO_val2014_000000066181.jpg,flowers,place flowers,top part of vase,simple action,Yes,success
place_flowers,COCO_val2014_000000066973.jpg,pot,place flowers,top part of pot,simple action,Yes,success
place_flowers,COCO_val2014_000000068162.jpg,flowers,place flowers,vase holding flowers,simple action,Yes,success
place_flowers,COCO_val2014_000000068434.jpg,vase,place flowers,top of vase,simple action,Yes,success
place_flowers,COCO_val2014_000000069121.jpg,sink,place flowers,center of sink,simple action,Yes,success
place_flowers,COCO_val2014_000000069121.jpg,soap dish,place flowers,center of soap dish,simple action,Yes,success
place_flowers,COCO_val2014_000000069340.jpg,flower pot,place flowers,inside flower pot,simple action,Yes,success
place_flowers,COCO_val2014_000000069340.jpg,vase,place flowers,inside vase,simple action,Yes,success
place_flowers,COCO_val2014_000000069795.jpg,flower pot,place flowers,base of flower pot,simple action,Yes,success
place_flowers,COCO_val2014_000000069863.jpg,vase,place flowers,top of vase,place flowers in vase,Yes,success
place_flowers,COCO_val2014_000000069884.jpg,pot,place flowers,top of pot,simple action,Yes,success
place_flowers,COCO_val2014_000000070240.jpg,window,place flowers,space around window,simple action,Yes,success
place_flowers,COCO_val2014_000000071023.jpg,plant,place flowers,in the pot,simple action,Yes,success
place_flowers,COCO_val2014_000000071807.jpg,suitcase,place flowers,top of suitcase,place flowers on top of suitcase,Yes,success
place_flowers,COCO_val2014_000000073595.jpg,plant,place flowers,leaves,simple action,Yes,success
place_flowers,COCO_val2014_000000073973.jpg,flowers,place flowers,center of table,simple action,Yes,success
place_flowers,COCO_val2014_000000075976.jpg,table,place flowers,center of table,simple action,Yes,success
place_flowers,COCO_val2014_000000075976.jpg,chair,place flowers,near table,simple action,Yes,success
place_flowers,COCO_val2014_000000076657.jpg,table,place flowers,top surface of table,simple action,Yes,success
place_flowers,COCO_val2014_000000076657.jpg,lamp,place flowers,shade of lamp,simple action,Yes,success
place_flowers,COCO_val2014_000000077102.jpg,window,place flowers,outside of window,simple action,Yes,success
place_flowers,COCO_val2014_000000077102.jpg,window sill,place flowers,outside of window sill,simple action,Yes,success
place_flowers,COCO_val2014_000000077102.jpg,plant pot,place flowers,outside of plant pot,simple action,Yes,success
place_flowers,COCO_val2014_000000077178.jpg,ceramic vessel,place flowers,top part of vessel,simple action,Yes,success
place_flowers,COCO_val2014_000000077270.jpg,flowers,place flowers,petals and stems,simple action,Yes,success
place_flowers,COCO_val2014_000000077270.jpg,glass vase,place flowers,base of vase,simple action,Yes,success
place_flowers,COCO_val2014_000000077282.jpg,vase,place flowers,bottom of vase,simple action,Yes,success
place_flowers,COCO_val2014_000000077477.jpg,vase,place flowers,bottom of vase,place flowers in the vase,Yes,success
place_flowers,COCO_val2014_000000078313.jpg,cabinet,place flowers,open space inside cabinet,simple action,Yes,success
place_flowers,COCO_val2014_000000078313.jpg,table,place flowers,open space on table,simple action,Yes,success
place_flowers,COCO_val2014_000000081512.jpg,vase,place flowers,base of vase,simple action,Yes,success
place_flowers,COCO_val2014_000000083923.jpg,vase,place flowers,top of vase,simple action,Yes,success
place_flowers,COCO_val2014_000000086468.jpg,vase,place flowers,base of vase,simple action,Yes,success
place_flowers,COCO_val2014_000000086696.jpg,flowers,place flowers,pink flowers in vase,simple action,Yes,success
place_flowers,COCO_val2014_000000086800.jpg,vase,place flowers,top part of vase,simple action,Yes,success
place_flowers,COCO_val2014_000000087399.jpg,clock,place flowers,face of clock,simple action,Yes,success
place_flowers,COCO_val2014_000000087574.jpg,vase,place flowers,base of vase,simple action,Yes,success
place_flowers,COCO_val2014_000000087742.jpg,vase,place flowers,base of vase,simple action,Yes,success
place_flowers,COCO_val2014_000000088445.jpg,vase,place flowers,top part of vase,simple action,Yes,success
place_flowers,COCO_val2014_000000089258.jpg,vase,place flowers,bottom of vase,simple action,Yes,success
place_flowers,COCO_val2014_000000089405.jpg,vase,place flowers,base of vase,simple action,Yes,success
place_flowers,COCO_val2014_000000089894.jpg,vase,place flowers,base of vase,simple action,Yes,success
place_flowers,COCO_val2014_000000090429.jpg,vase,place flowers,top of vase,place flowers in vase,Yes,success
place_flowers,COCO_val2014_000000090429.jpg,chair,place flowers,back of chair,place flowers on chair,Yes,success
place_flowers,COCO_val2014_000000090753.jpg,vase,place flowers,bottom part of vase,place flowers in vase,Yes,success
place_flowers,COCO_val2014_000000092196.jpg,table,place flowers,top surface of table,simple action,Yes,success
place_flowers,COCO_val2014_000000092683.jpg,vase,place flowers,inside of vase,simple action,Yes,success
place_flowers,COCO_val2014_000000092826.jpg,cups,place flowers,bottom part of cup,simple action,Yes,success
place_flowers,COCO_val2014_000000093604.jpg,flowers,place flowers,vase,simple action,Yes,success
place_flowers,COCO_val2014_000000093672.jpg,vase,place flowers,top of vase,simple action,Yes,success
place_flowers,COCO_val2014_000000093765.jpg,vase,place flowers,inside of vase,place flower in vase,Yes,success
place_flowers,COCO_val2014_000000095786.jpg,vase,place flowers,top part of vase,simple action,Yes,success
place_flowers,COCO_val2014_000000096251.jpg,vase,place flowers,top of vase,simple action,Yes,success
place_flowers,COCO_val2014_000000096251.jpg,candle,place flowers,center of candle,simple action,Yes,success
place_flowers,COCO_val2014_000000098514.jpg,vase,place flowers,base of vase,simple action,Yes,success
place_flowers,COCO_val2014_000000098514.jpg,wine bottle,place flowers,top of bottle,simple action,Yes,success
place_flowers,COCO_val2014_000000099828.jpg,vase,place flowers,upper part of vase,simple action,Yes,success
place_flowers,COCO_val2014_000000101059.jpg,table,place flowers,top surface of table,simple action,Yes,success
place_flowers,COCO_val2014_000000101059.jpg,vase,place flowers,center of table,simple action,Yes,success
place_flowers,COCO_val2014_000000102345.jpg,flowers,place flowers,entire flower arrangement,simple action,Yes,success
place_flowers,COCO_val2014_000000102446.jpg,flowers,place flowers,center of the room,simple action,Yes,success
place_flowers,COCO_val2014_000000103358.jpg,vase,place flowers,base of vase,simple action,Yes,success
place_flowers,COCO_val2014_000000103585.jpg,vase,place flowers,base of vase,simple action,Yes,success
place_flowers,COCO_val2014_000000104326.jpg,plant,place flowers,leaves of plant,simple action,Yes,success
place_flowers,COCO_val2014_000000106712.jpg,vase,place flowers,base of vase,place flowers in vase,Yes,success
place_flowers,COCO_val2014_000000106712.jpg,table,place flowers,top of table,place flowers on table,Yes,success
place_flowers,COCO_val2014_000000106848.jpg,vase,place flowers,base of vase,simple action,Yes,success
place_flowers,COCO_val2014_000000108761.jpg,flowers,place flowers,in front of the dog,simple action,Yes,success
place_flowers,COCO_val2014_000000108853.jpg,vase,place flowers,top part of vase,simple action,Yes,success
place_flowers,COCO_val2014_000000108898.jpg,vase,place flowers,base of vase,simple action,Yes,success
place_flowers,COCO_val2014_000000110509.jpg,suitcase,place flowers,top of suitcase,place flowers on top of suitcase,Yes,success
place_flowers,COCO_val2014_000000110509.jpg,plant,place flowers,in window box,place flowers in window box,Yes,success
place_flowers,COCO_val2014_000000110621.jpg,pine cone,place flowers,top of pine cone,place flowers in the top of the pine cone,Yes,success
place_flowers,COCO_val2014_000000110621.jpg,vase,place flowers,top of vase,place flowers in the top of the vase,Yes,success
place_flowers,COCO_val2014_000000111749.jpg,vase,place flowers,top part of vase,simple action,Yes,success
place_flowers,COCO_val2014_000000112129.jpg,vase,place flowers,base of vase,simple action,Yes,success
place_flowers,COCO_val2014_000000112867.jpg,pots,place flowers,bottom of pot,simple action,Yes,success
place_flowers,COCO_val2014_000000113082.jpg,table,place flowers,top of table,simple action,Yes,success
place_flowers,COCO_val2014_000000113082.jpg,tablecloth,place flowers,center of tablecloth,simple action,Yes,success
place_flowers,COCO_val2014_000000114152.jpg,vase,place flowers,base of vase,simple action,Yes,success
place_flowers,COCO_val2014_000000118378.jpg,vase,place flowers,top part of vase,simple action,Yes,success
place_flowers,COCO_val2014_000000118966.jpg,frisbee,place flowers,center of frisbee,simple action,Yes,success
place_flowers,COCO_val2014_000000119081.jpg,cat,place flowers,head,simple action,Yes,success
place_flowers,COCO_val2014_000000119081.jpg,vase,place flowers,body,simple action,Yes,success
place_flowers,COCO_val2014_000000120472.jpg,vase,place flowers,base of vase,simple action,Yes,success
place_flowers,COCO_val2014_000000123017.jpg,table,place flowers,top surface of table,simple action,Yes,success
place_flowers,COCO_val2014_000000124004.jpg,flowers,place flowers,vase,simple action,Yes,success
place_flowers,COCO_val2014_000000124707.jpg,flowers,place flowers,center of table,simple action,Yes,success
place_flowers,COCO_val2014_000000124995.jpg,flowers,place flowers,center of image,simple action,Yes,success
place_flowers,COCO_val2014_000000124995.jpg,vase,place flowers,right side of image,simple action,Yes,success
place_flowers,COCO_val2014_000000125371.jpg,cup,place flowers,bottom of cup,place flowers in cup,Yes,success
place_flowers,COCO_val2014_000000125371.jpg,pumpkin,place flowers,top of pumpkin,place flowers in pumpkin,Yes,success
place_flowers,COCO_val2014_000000128568.jpg,vase,place flowers,top of vase,simple action,Yes,success
place_flowers,COCO_val2014_000000129566.jpg,table,place flowers,top surface of table,place flowers on table,Yes,success
place_flowers,COCO_val2014_000000129566.jpg,chair,place flowers,seat of chair,place flowers on chair,Yes,success
place_flowers,COCO_val2014_000000129576.jpg,flowers,place flowers,center of the image,simple action,Yes,success
place_flowers,COCO_val2014_000000132317.jpg,plant,place flowers,leaves,simple action,Yes,success
place_flowers,COCO_val2014_000000132375.jpg,flowers,place flowers,vase,simple action,Yes,success
place_flowers,COCO_val2014_000000132375.jpg,mason jar,place flowers,inside the jar,simple action,Yes,success
place_flowers,COCO_val2014_000000133146.jpg,couch,place flowers,back of couch,simple action,Yes,success
place_flowers,COCO_val2014_000000133146.jpg,chair,place flowers,back of chair,simple action,Yes,success
place_flowers,COCO_val2014_000000133485.jpg,vase,place flowers,base of vase,simple action,Yes,success
place_flowers,COCO_val2014_000000134935.jpg,flowers,place flowers,top of vase,simple action,Yes,success
place_flowers,COCO_val2014_000000135680.jpg,vase,place flowers,bottom part of vase,simple action,Yes,success
place_flowers,COCO_val2014_000000135708.jpg,vase,place flowers,top part of vase,simple action,Yes,success
place_flowers,COCO_val2014_000000136355.jpg,table,place flowers,center of table,simple action,Yes,success
place_flowers,COCO_val2014_000000136355.jpg,chair,place flowers,near table,simple action,Yes,success
place_flowers,COCO_val2014_000000137085.jpg,vase,place flowers,top of vase,simple action,Yes,success
place_flowers,COCO_val2014_000000138397.jpg,vase,place flowers,top of vase,simple action,Yes,success
place_flowers,COCO_val2014_000000138549.jpg,vase,place flowers,top part of vase,simple action,Yes,success
place_flowers,COCO_val2014_000000138549.jpg,candle,place flowers,candle holder,simple action,Yes,success
place_flowers,COCO_val2014_000000139181.jpg,vase,place flowers,top part of vase,simple action,Yes,success
place_flowers,COCO_val2014_000000140076.jpg,vase,place flowers,base of vase,simple action,Yes,success
place_flowers,COCO_val2014_000000140076.jpg,table,place flowers,center of table,simple action,Yes,success
place_flowers,COCO_val2014_000000140167.jpg,vase,place flowers,top of vase,simple action,Yes,success
place_flowers,COCO_val2014_000000140439.jpg,vase,place flowers,bottom half of vase,simple action,Yes,success
place_flowers,COCO_val2014_000000141247.jpg,flowers,place flowers,blooms,simple action,Yes,success
place_flowers,COCO_val2014_000000141247.jpg,glass,place flowers,vase,simple action,Yes,success
place_flowers,COCO_val2014_000000143010.jpg,vase,place flowers,base of vase,simple action,Yes,success
place_flowers,COCO_val2014_000000143247.jpg,vase,place flowers,inside vase,simple action,Yes,success
place_flowers,COCO_val2014_000000143526.jpg,vase,place flowers,base of vase,simple action,Yes,success
place_flowers,COCO_val2014_000000144202.jpg,flowers,place flowers,vase holding flowers,simple action,Yes,success
place_flowers,COCO_val2014_000000144481.jpg,vase,place flowers,top of vase,simple action,Yes,success
place_flowers,COCO_val2014_000000144539.jpg,vase,place flowers,inside the vase,simple action,Yes,success
place_flowers,COCO_val2014_000000144539.jpg,flowers,place flowers,in the vase,simple action,Yes,success
place_flowers,COCO_val2014_000000145209.jpg,vase,place flowers,base of vase,simple action,Yes,success
place_flowers,COCO_val2014_000000145512.jpg,plant,place flowers,leaves,simple action,Yes,success
place_flowers,COCO_val2014_000000146614.jpg,vase,place flowers,top of vase,simple action,Yes,success
place_flowers,COCO_val2014_000000146965.jpg,candle holder,place flowers,top of candle holder,simple action,Yes,success
place_flowers,COCO_val2014_000000146965.jpg,candle,,,,No,success
place_flowers,COCO_val2014_000000146997.jpg,vase,place flowers,base of vase,simple action,Yes,success
place_flowers,COCO_val2014_000000148197.jpg,flowers,place flowers,entire flower arrangement,place flowers,Yes,success
place_flowers,COCO_val2014_000000148614.jpg,plant,place flowers,leaves of plant,simple action,Yes,success
place_flowers,COCO_val2014_000000151911.jpg,fridge,place flowers,door of fridge,simple action,Yes,success
place_flowers,COCO_val2014_000000151911.jpg,flowers,place flowers,in front of fridge,simple action,Yes,success
place_flowers,COCO_val2014_000000153307.jpg,vase,place flowers,bottom of vase,simple action,Yes,success
place_flowers,COCO_val2014_000000153607.jpg,vase,place flowers,top of vase,place flower in vase,Yes,success
place_flowers,COCO_val2014_000000153607.jpg,candle,place flowers,top of candle,place flower in candle,Yes,success
place_flowers,COCO_val2014_000000154358.jpg,flowers,place flowers,in vase,simple action,Yes,success
place_flowers,COCO_val2014_000000156466.jpg,bench,place flowers,seat of bench,simple action,Yes,success
place_flowers,COCO_val2014_000000156806.jpg,vase,place flowers,base of vase,simple action,Yes,success
place_flowers,COCO_val2014_000000156915.jpg,flowers,place flowers,entire bouquet,simple action,Yes,success
place_flowers,COCO_val2014_000000157378.jpg,vase,place flowers,base of vase,simple action,Yes,success
place_flowers,COCO_val2014_000000159606.jpg,bed,place flowers,center of bed,simple action,Yes,success
place_flowers,COCO_val2014_000000159606.jpg,desk,place flowers,center of desk,simple action,Yes,success
place_flowers,COCO_val2014_000000161397.jpg,glass,place flowers,bottom of glass,simple action,Yes,success
place_flowers,COCO_val2014_000000162841.jpg,vase,place flowers,base of vase,simple action,Yes,success
place_flowers,COCO_val2014_000000163138.jpg,vase,place flowers,top of vase,simple action,Yes,success
place_flowers,COCO_val2014_000000163447.jpg,vase,place flowers,bottom part of vase,simple action,Yes,success
place_flowers,COCO_val2014_000000164759.jpg,floor lamp,place flowers,base of lamp,simple action,Yes,success
place_flowers,COCO_val2014_000000164759.jpg,couch,place flowers,couch armrest,simple action,Yes,success
place_flowers,COCO_val2014_000000165547.jpg,vase,place flowers,inside vase,simple action,Yes,success
place_flowers,COCO_val2014_000000165795.jpg,vase,place flowers,top of vase,simple action,Yes,success
place_flowers,COCO_val2014_000000166401.jpg,sink,place flowers,center of sink,simple action,Yes,success
place_flowers,COCO_val2014_000000167240.jpg,vase,place flowers,top part of vase,simple action,Yes,success
place_flowers,COCO_val2014_000000168458.jpg,vase,place flowers,base of vase,simple action,Yes,success
place_flowers,COCO_val2014_000000169584.jpg,vase,place flowers,top of vase,place flowers in vase,Yes,success
place_flowers,COCO_val2014_000000171317.jpg,vase,place flowers,base of vase,simple action,Yes,success
place_flowers,COCO_val2014_000000171936.jpg,flowers,place flowers,on the counter,simple action,Yes,success
place_flowers,COCO_val2014_000000172079.jpg,vase,place flowers,top of vase,simple action,Yes,success
place_flowers,COCO_val2014_000000173434.jpg,tv,place flowers,screen of tv,place flowers on the screen,Yes,success
place_flowers,COCO_val2014_000000173434.jpg,couch,place flowers,back of couch,place flowers on the back of the couch,Yes,success
place_flowers,COCO_val2014_000000173434.jpg,table,place flowers,top of table,place flowers on the table,Yes,success
place_flowers,COCO_val2014_000000173471.jpg,flowers,place flowers,in vase,simple action,Yes,success
place_flowers,COCO_val2014_000000173907.jpg,cat,place flowers,head of cat,simple action,Yes,success
place_flowers,COCO_val2014_000000173907.jpg,vase,place flowers,top of vase,simple action,Yes,success
place_flowers,COCO_val2014_000000175729.jpg,cat,place flowers,head,simple action,Yes,success
place_flowers,COCO_val2014_000000175729.jpg,plant,place flowers,leaves,simple action,Yes,success
place_flowers,COCO_val2014_000000176232.jpg,vase,place flowers,base of vase,simple action,Yes,success
place_flowers,COCO_val2014_000000183735.jpg,wine bottle,place flowers,top of bottle,place flowers on top of bottle,Yes,success
place_flowers,COCO_val2014_000000183735.jpg,wine glass,place flowers,base of glass,place flowers in base of glass,Yes,success
place_flowers,COCO_val2014_000000184386.jpg,plant,place flowers,top of plant,simple action,Yes,success
place_flowers,COCO_val2014_000000186632.jpg,flowers,place flowers,center of the image,simple action,Yes,success
place_flowers,COCO_val2014_000000188616.jpg,basket,place flowers,bottom of basket,simple action,Yes,success
place_flowers,COCO_val2014_000000188616.jpg,napkin,place flowers,top of napkin,simple action,Yes,success
place_flowers,COCO_val2014_000000191240.jpg,flower pot,place flowers,base of flower pot,simple action,Yes,success
place_flowers,COCO_val2014_000000193661.jpg,vase,place flowers,top of vase,simple action,Yes,success
place_flowers,COCO_val2014_000000193661.jpg,flowers,place flowers,in vase,simple action,Yes,success
place_flowers,COCO_val2014_000000193881.jpg,wall-mounted vase,place flowers,top part of vase,hang flowers,Yes,success
place_flowers,COCO_val2014_000000193881.jpg,floor-standing vase,place flowers,top part of vase,hang flowers,Yes,success
place_flowers,COCO_val2014_000000199575.jpg,window,place flowers,outside the window,simple action,Yes,success
place_flowers,COCO_val2014_000000199634.jpg,plant,place flowers,top of plant,simple action,Yes,success
place_flowers,COCO_val2014_000000199855.jpg,vase,place flowers,body of vase,simple action,Yes,success
place_flowers,COCO_val2014_000000203455.jpg,flowers,place flowers,flowers in vase,simple action,Yes,success
place_flowers,COCO_val2014_000000204670.jpg,vase,place flowers,top part of vase,simple action,Yes,success
place_flowers,COCO_val2014_000000205474.jpg,vase,place flowers,bottom of vase,simple action,Yes,success
place_flowers,COCO_val2014_000000205498.jpg,vase,place flowers,top of vase,simple action,Yes,success
place_flowers,COCO_val2014_000000205677.jpg,vase,place flowers,top part of vase,simple action,Yes,success
place_flowers,COCO_val2014_000000206922.jpg,flowers,place flowers,in the living room,simple action,Yes,success
place_flowers,COCO_val2014_000000207072.jpg,vase,place flowers,bottom of vase,simple action,Yes,success
place_flowers,COCO_val2014_000000208380.jpg,vase,place flowers,bottom part of vase,simple action,Yes,success
place_flowers,COCO_val2014_000000208971.jpg,table,place flowers,center of table,simple action,Yes,success
place_flowers,COCO_val2014_000000208971.jpg,chair,place flowers,front of chair,simple action,Yes,success
place_flowers,COCO_val2014_000000213224.jpg,vase,place flowers,bottom half of vase,simple action,Yes,success
place_flowers,COCO_val2014_000000217387.jpg,plant,place flowers,leaves,simple action,Yes,success
place_flowers,COCO_val2014_000000218204.jpg,table,place flowers,surface of table,place flowers on table,Yes,success
place_flowers,COCO_val2014_000000218204.jpg,vases,place flowers,body of vase,place flowers in vase,Yes,success
place_flowers,COCO_val2014_000000218365.jpg,cup,place flowers,base of cup,place the flower in the cup,Yes,success
place_flowers,COCO_val2014_000000220137.jpg,vase,place flowers,top of vase,simple action,Yes,success
place_flowers,COCO_val2014_000000220819.jpg,bench,place flowers,seat of bench,simple action,Yes,success
place_flowers,COCO_val2014_000000221554.jpg,vase,place flowers,vase,place flowers in vase,Yes,success
place_flowers,COCO_val2014_000000221554.jpg,flowers,place flowers,flowers,place flowers in vase,Yes,success
place_flowers,COCO_val2014_000000221571.jpg,vase,place flowers,top of vase,simple action,Yes,success
place_flowers,COCO_val2014_000000221869.jpg,plant,place flowers,pot,place flowers in the pot,Yes,success
place_flowers,COCO_val2014_000000222009.jpg,vase,place flowers,bottom of vase,simple action,Yes,success
place_flowers,COCO_val2014_000000222043.jpg,vase,place flowers,body of vase,simple action,Yes,success
place_flowers,COCO_val2014_000000222304.jpg,vase,place flowers,body of vase,simple action,Yes,success
place_flowers,COCO_val2014_000000223357.jpg,cup,place flowers,top of cup,simple action,Yes,success
place_flowers,COCO_val2014_000000224342.jpg,vase,place flowers,base of vase,simple action,Yes,success
place_flowers,COCO_val2014_000000227440.jpg,plant,place flowers,leaves of plant,simple action,Yes,success
place_flowers,COCO_val2014_000000229255.jpg,watering can,place flowers,handle of watering can,simple action,Yes,success
place_flowers,COCO_val2014_000000231237.jpg,vase,place flowers,base of vase,simple action,Yes,success
place_flowers,COCO_val2014_000000231325.jpg,vase,place flowers,bottom part of vase,simple action,Yes,success
place_flowers,COCO_val2014_000000231325.jpg,table,place flowers,top part of table,simple action,Yes,success
place_flowers,COCO_val2014_000000233033.jpg,chair,place flowers,back of chair,simple action,Yes,success
place_flowers,COCO_val2014_000000233033.jpg,table,place flowers,center of table,simple action,Yes,success
place_flowers,COCO_val2014_000000233825.jpg,table,place flowers,top surface of table,simple action,Yes,success
place_flowers,COCO_val2014_000000233825.jpg,vase,place flowers,inside vase,simple action,Yes,success
place_flowers,COCO_val2014_000000236268.jpg,vase,place flowers,base of vase,simple action,Yes,success
place_flowers,COCO_val2014_000000236604.jpg,flowers,place flowers,center of the table,simple action,Yes,success
place_flowers,COCO_val2014_000000237230.jpg,vase,place flowers,base of vase,simple action,Yes,success
place_flowers,COCO_val2014_000000237263.jpg,vase,place flowers,base of vase,simple action,Yes,success
place_flowers,COCO_val2014_000000237772.jpg,cat,place flowers,head of cat,simple action,Yes,success
place_flowers,COCO_val2014_000000237772.jpg,pillow,place flowers,back of pillow,simple action,Yes,success
place_flowers,COCO_val2014_000000239306.jpg,jar,place flowers,top of jar,simple action,Yes,success
place_flowers,COCO_val2014_000000240646.jpg,vase,place flowers,base of vase,simple action,Yes,success
place_flowers,COCO_val2014_000000242968.jpg,vase,place flowers,bottom part of vase,simple action,Yes,success
place_flowers,COCO_val2014_000000249025.jpg,vase,place flowers,base of vase,simple action,Yes,success
place_flowers,COCO_val2014_000000250051.jpg,flowers,place flowers,stem of flowers,simple action,Yes,success
place_flowers,COCO_val2014_000000250370.jpg,vase,place flowers,bottom part of vase,simple action,Yes,success
place_flowers,COCO_val2014_000000251075.jpg,vase,place flowers,body of vase,place flowers in vase,Yes,success
place_flowers,COCO_val2014_000000251629.jpg,vase,place flowers,base of vase,simple action,Yes,success
place_flowers,COCO_val2014_000000253421.jpg,vase,place flowers,top of vase,simple action,Yes,success
place_flowers,COCO_val2014_000000253489.jpg,glass table,place flowers,top surface of glass table,simple action,Yes,success
place_flowers,COCO_val2014_000000253489.jpg,couch,place flowers,couch armrest,simple action,Yes,success
place_flowers,COCO_val2014_000000253825.jpg,vase,place flowers,top of vase,simple action,Yes,success
place_flowers,COCO_val2014_000000253825.jpg,flowers,place flowers,in vase,simple action,Yes,success
place_flowers,COCO_val2014_000000254277.jpg,vase,place flowers,top of vase,simple action,Yes,success
place_flowers,COCO_val2014_000000254277.jpg,table,place flowers,top of table,simple action,Yes,success
place_flowers,COCO_val2014_000000255272.jpg,vase,place flowers,body of vase,simple action,Yes,success
place_flowers,COCO_val2014_000000256097.jpg,vase,place flowers,base of vase,simple action,Yes,success
place_flowers,COCO_val2014_000000257685.jpg,window sill,place flowers,area around window sill,simple action,Yes,success
place_flowers,COCO_val2014_000000257685.jpg,sink,place flowers,area around sink,simple action,Yes,success
place_flowers,COCO_val2014_000000261780.jpg,window,place flowers,frame of window,simple action,Yes,success
place_flowers,COCO_val2014_000000261780.jpg,plant,place flowers,leaves of plant,simple action,Yes,success
place_flowers,COCO_val2014_000000262347.jpg,bench,place flowers,area around bench,simple action,Yes,success
place_flowers,COCO_val2014_000000262360.jpg,vase,place flowers,base of vase,simple action,Yes,success
place_flowers,COCO_val2014_000000262466.jpg,bouquet,place flowers,flowers in the bouquet,simple action,Yes,success
place_flowers,COCO_val2014_000000262810.jpg,flowers,place flowers,center of table,simple action,Yes,success
place_flowers,COCO_val2014_000000264489.jpg,vase,place flowers,base of vase,simple action,Yes,success
place_flowers,COCO_val2014_000000264625.jpg,vase,place flowers,base of vase,simple action,Yes,success
place_flowers,COCO_val2014_000000265108.jpg,umbrella,place flowers,handle of umbrella,simple action,Yes,success
place_flowers,COCO_val2014_000000265108.jpg,balloon,place flowers,balloon,simple action,Yes,success
place_flowers,COCO_val2014_000000267231.jpg,vase,place flowers,body of vase,simple action,Yes,success
place_flowers,COCO_val2014_000000267321.jpg,red flower pot,place flowers,bottom part of pot,simple action,Yes,success
place_flowers,COCO_val2014_000000267321.jpg,red flower pot,place flowers,top part of pot,simple action,Yes,success
place_flowers,COCO_val2014_000000267321.jpg,red flower pot,place flowers,bottom part of pot,simple action,Yes,success
place_flowers,COCO_val2014_000000267321.jpg,red flower pot,place flowers,top part of pot,simple action,Yes,success
place_flowers,COCO_val2014_000000268350.jpg,candle holder,place flowers,top of candle holder,simple action,Yes,success
place_flowers,COCO_val2014_000000268350.jpg,vase,place flowers,inside vase,simple action,Yes,success
place_flowers,COCO_val2014_000000268742.jpg,plant,place flowers,leaves,simple action,Yes,success
place_flowers,COCO_val2014_000000269105.jpg,plant,place flowers,top of plant pot,simple action,Yes,success
place_flowers,COCO_val2014_000000269867.jpg,vase,place flowers,top part of vase,simple action,Yes,success
place_flowers,COCO_val2014_000000271548.jpg,candle,place flowers,base of candle,simple action,Yes,success
place_flowers,COCO_val2014_000000271548.jpg,flowers,place flowers,base of vase,simple action,Yes,success
place_flowers,COCO_val2014_000000272713.jpg,vase,place flowers,top of vase,simple action,Yes,success
place_flowers,COCO_val2014_000000272728.jpg,vase,place flowers,top of vase,simple action,Yes,success
place_flowers,COCO_val2014_000000272889.jpg,vase,place flowers,base of vase,simple action,Yes,success
place_flowers,COCO_val2014_000000274416.jpg,vase,place flowers,top of vase,simple action,Yes,success
place_flowers,COCO_val2014_000000275999.jpg,vase,place flowers,base of vase,simple action,Yes,success
place_flowers,COCO_val2014_000000276127.jpg,vase,place flowers,top part of vase,simple action,Yes,success
place_flowers,COCO_val2014_000000276127.jpg,flowers,,,,No,success
place_flowers,COCO_val2014_000000277197.jpg,candle,place flowers,top of candle,simple action,Yes,success
place_flowers,COCO_val2014_000000277289.jpg,vase,place flowers,top part of vase,simple action,Yes,success
place_flowers,COCO_val2014_000000277659.jpg,vase,place flowers,top part of vase,simple action,Yes,success
place_flowers,COCO_val2014_000000279437.jpg,table,place flowers,top surface of table,place flowers on table,Yes,success
place_flowers,COCO_val2014_000000279437.jpg,pillow,place flowers,top surface of pillow,place flowers on pillow,Yes,success
place_flowers,COCO_val2014_000000280226.jpg,vase,place flowers,top of vase,simple action,Yes,success
place_flowers,COCO_val2014_000000282336.jpg,vase,place flowers,top of vase,simple action,Yes,success
place_flowers,COCO_val2014_000000282711.jpg,flowers,place flowers,vase,simple action,Yes,success
place_flowers,COCO_val2014_000000283064.jpg,vase,place flowers,top of vase,simple action,Yes,success
place_flowers,COCO_val2014_000000283118.jpg,pepper mill,place flowers,top part of pepper mill,simple action,Yes,success
place_flowers,COCO_val2014_000000283890.jpg,vase,place flowers,top of vase,simple action,Yes,success
place_flowers,COCO_val2014_000000291655.jpg,jar,place flowers,top of jar,simple action,Yes,success
place_flowers,COCO_val2014_000000292926.jpg,mug,place flowers,top of mug,simple action,Yes,success
place_flowers,COCO_val2014_000000298370.jpg,vase,place flowers,base of vase,simple action,Yes,success
place_flowers,COCO_val2014_000000300138.jpg,vase,place flowers,top of vase,simple action,Yes,success
place_flowers,COCO_val2014_000000300138.jpg,flower,place flowers,stem of flower,simple action,Yes,success
place_flowers,COCO_val2014_000000300632.jpg,vase,place flowers,bottom part of vase,simple action,Yes,success
place_flowers,COCO_val2014_000000300786.jpg,bottle,place flowers,top of bottle,simple action,Yes,success
place_flowers,COCO_val2014_000000300786.jpg,bottle,place flowers,middle of bottle,simple action,Yes,success
place_flowers,COCO_val2014_000000300786.jpg,bottle,place flowers,bottom of bottle,simple action,Yes,success
place_flowers,COCO_val2014_000000300786.jpg,bottle,place flowers,top of bottle,simple action,Yes,success
place_flowers,COCO_val2014_000000300786.jpg,bottle,place flowers,middle of bottle,simple action,Yes,success
place_flowers,COCO_val2014_000000300786.jpg,bottle,place flowers,bottom of bottle,simple action,Yes,success
place_flowers,COCO_val2014_000000300786.jpg,bottle,place flowers,top of bottle,simple action,Yes,success
place_flowers,COCO_val2014_000000300786.jpg,bottle,place flowers,middle of bottle,simple action,Yes,success
place_flowers,COCO_val2014_000000300786.jpg,bottle,place flowers,bottom of bottle,simple action,Yes,success
place_flowers,COCO_val2014_000000302094.jpg,red vase,place flowers,top of vase,simple action,Yes,success
place_flowers,COCO_val2014_000000303994.jpg,vase,place flowers,top of vase,simple action,Yes,success
place_flowers,COCO_val2014_000000303994.jpg,clock,place flowers,base of clock,simple action,Yes,success
place_flowers,COCO_val2014_000000305343.jpg,ceramic cups,place flowers,top of cup,simple action,Yes,success
place_flowers,COCO_val2014_000000307614.jpg,flowers,place flowers,center of table,simple action,Yes,success
place_flowers,COCO_val2014_000000307614.jpg,vase,place flowers,center of table,simple action,Yes,success
place_flowers,COCO_val2014_000000308952.jpg,vase,place flowers,top of vase,simple action,Yes,success
place_flowers,COCO_val2014_000000309005.jpg,plant,place flowers,top of plant,simple action,Yes,success
place_flowers,COCO_val2014_000000309044.jpg,plant,place flowers,plant pot,simple action,Yes,success
place_flowers,COCO_val2014_000000309405.jpg,plant,place flowers,top of plant,simple action,Yes,success
place_flowers,COCO_val2014_000000309935.jpg,vase,place flowers,top of vase,simple action,Yes,success
place_flowers,COCO_val2014_000000314264.jpg,flowers,place flowers,both hands holding flowers,simple action,Yes,success
place_flowers,COCO_val2014_000000314694.jpg,vase,place flowers,vase,simple action,Yes,success
place_flowers,COCO_val2014_000000314792.jpg,tv,place flowers,top of tv,simple action,Yes,success
place_flowers,COCO_val2014_000000314792.jpg,cabinet,place flowers,inside cabinet,simple action,Yes,success
place_flowers,COCO_val2014_000000316008.jpg,bowl,place flowers,inside bowl,simple action,Yes,success
place_flowers,COCO_val2014_000000317480.jpg,chair,place flowers,seat of chair,simple action,Yes,success
place_flowers,COCO_val2014_000000317480.jpg,plant,place flowers,pot of plant,simple action,Yes,success
place_flowers,COCO_val2014_000000318157.jpg,bottle,place flowers,top part of bottle,place flowers,Yes,success
place_flowers,COCO_val2014_000000318157.jpg,bottle,place flowers,top part of bottle,place flowers,Yes,success
place_flowers,COCO_val2014_000000318157.jpg,bottle,place flowers,top part of bottle,place flowers,Yes,success
place_flowers,COCO_val2014_000000318157.jpg,bottle,place flowers,top part of bottle,place flowers,Yes,success
place_flowers,COCO_val2014_000000319687.jpg,vase,place flowers,top of vase,simple action,Yes,success
place_flowers,COCO_val2014_000000321943.jpg,vase,place flowers,bottom of vase,simple action,Yes,success
place_flowers,COCO_val2014_000000322174.jpg,table,place flowers,top surface of table,simple action,Yes,success
place_flowers,COCO_val2014_000000322174.jpg,vase,place flowers,inside vase,simple action,Yes,success
place_flowers,COCO_val2014_000000322352.jpg,table,place flowers,top surface of table,simple action,Yes,success
place_flowers,COCO_val2014_000000322352.jpg,chair,place flowers,seat of chair,simple action,Yes,success
place_flowers,COCO_val2014_000000322475.jpg,vase,place flowers,top of vase,simple action,Yes,success
place_flowers,COCO_val2014_000000323507.jpg,blue pot,place flowers,bottom of pot,simple action,Yes,success
place_flowers,COCO_val2014_000000323615.jpg,flowers,place flowers,entire flower arrangement,simple action,Yes,success
place_flowers,COCO_val2014_000000323729.jpg,vase,place flowers,top of vase,simple action,Yes,success
place_flowers,COCO_val2014_000000326308.jpg,glass,place flowers,body of glass,place flowers inside glass,Yes,success
place_flowers,COCO_val2014_000000326820.jpg,vase,place flowers,bottom part of vase,simple action,Yes,success
place_flowers,COCO_val2014_000000327601.jpg,vase,place flowers,base of vase,simple action,Yes,success
place_flowers,COCO_val2014_000000327771.jpg,vase,place flowers,top of vase,simple action,Yes,success
place_flowers,COCO_val2014_000000328805.jpg,vase,place flowers,top of vase,simple action,Yes,success
place_flowers,COCO_val2014_000000331392.jpg,vase,place flowers,base of vase,simple action,Yes,success
place_flowers,COCO_val2014_000000331764.jpg,vase,place flowers,bottom of vase,simple action,Yes,success
place_flowers,COCO_val2014_000000333538.jpg,bench,place flowers,area where flowers can be placed,simple action,Yes,success
place_flowers,COCO_val2014_000000334416.jpg,vase,place flowers,top part of vase,simple action,Yes,success
place_flowers,COCO_val2014_000000334471.jpg,flowers,place flowers,flowers in the garden,simple action,Yes,success
place_flowers,COCO_val2014_000000340327.jpg,vase,place flowers,vase,place flowers in vase,Yes,success
place_flowers,COCO_val2014_000000341725.jpg,vase,place flowers,bottom part of vase,simple action,Yes,success
place_flowers,COCO_val2014_000000341778.jpg,vase,place flowers,top part of vase,insert flowers,Yes,success
place_flowers,COCO_val2014_000000341856.jpg,vase,place flowers,base of vase,simple action,Yes,success
place_flowers,COCO_val2014_000000344094.jpg,vase,place flowers,bottom of vase,simple action,Yes,success
place_flowers,COCO_val2014_000000346013.jpg,vase,place flowers,bottom of vase,simple action,Yes,success
place_flowers,COCO_val2014_000000347648.jpg,vase,place flowers,top of vase,place flowers in the top of the vase,Yes,success
place_flowers,COCO_val2014_000000353405.jpg,vase,place flowers,top part of vase,simple action,Yes,success
place_flowers,COCO_val2014_000000355632.jpg,glass,place flowers,bottom of glass,simple action,Yes,success
place_flowers,COCO_val2014_000000355632.jpg,flowers,place flowers,top of glass,simple action,Yes,success
place_flowers,COCO_val2014_000000360487.jpg,green vase,place flowers,top of vase,simple action,Yes,success
place_flowers,COCO_val2014_000000362229.jpg,jar,place flowers,top of jar,simple action,Yes,success
place_flowers,COCO_val2014_000000362530.jpg,flowers,place flowers,center of the image,simple action,Yes,success
place_flowers,COCO_val2014_000000363415.jpg,cat,place flowers,head of cat,simple action,Yes,success
place_flowers,COCO_val2014_000000363415.jpg,flower pot,place flowers,bottom of flower pot,simple action,Yes,success
place_flowers,COCO_val2014_000000364699.jpg,vase,place flowers,top of vase,simple action,Yes,success
place_flowers,COCO_val2014_000000366152.jpg,vase,place flowers,bottom part of vase,simple action,Yes,success
place_flowers,COCO_val2014_000000366264.jpg,vase,place flowers,base of vase,simple action,Yes,success
place_flowers,COCO_val2014_000000366630.jpg,vase,place flowers,base of vase,simple action,Yes,success
place_flowers,COCO_val2014_000000367528.jpg,red vase,place flowers,top of vase,simple action,Yes,success
place_flowers,COCO_val2014_000000372718.jpg,vase,place flowers,top of vase,simple action,Yes,success
place_flowers,COCO_val2014_000000374628.jpg,sunflowers,place flowers,in vase,simple action,Yes,success
place_flowers,COCO_val2014_000000374677.jpg,vase,place flowers,body of vase,simple action,Yes,success
place_flowers,COCO_val2014_000000375078.jpg,vase,place flowers,top part of vase,place flowers,Yes,success
place_flowers,COCO_val2014_000000376365.jpg,vase,place flowers,top of vase,place flowers in the vase,Yes,success
place_flowers,COCO_val2014_000000376478.jpg,vase,place flowers,bottom of vase,simple action,Yes,success
place_flowers,COCO_val2014_000000377003.jpg,chair,place flowers,back of chair,simple action,Yes,success
place_flowers,COCO_val2014_000000377003.jpg,table,place flowers,top of table,simple action,Yes,success
place_flowers,COCO_val2014_000000377679.jpg,vase,place flowers,body of vase,simple action,Yes,success
place_flowers,COCO_val2014_000000379161.jpg,vase,place flowers,top of vase,simple action,Yes,success
place_flowers,COCO_val2014_000000379892.jpg,vase,place flowers,top part of vase,simple action,Yes,success
place_flowers,COCO_val2014_000000385842.jpg,vase,place flowers,body of vase,simple action,Yes,success
place_flowers,COCO_val2014_000000388413.jpg,vase,place flowers,base of vase,simple action,Yes,success
place_flowers,COCO_val2014_000000390322.jpg,plant,place flowers,top of plant,simple action,Yes,success
place_flowers,COCO_val2014_000000391142.jpg,yellow vase,place flowers,base of vase,simple action,Yes,success
place_flowers,COCO_val2014_000000392004.jpg,vase,place flowers,body of vase,simple action,Yes,success
place_flowers,COCO_val2014_000000393338.jpg,glass vase,place flowers,bottom of vase,simple action,Yes,success
place_flowers,COCO_val2014_000000393338.jpg,tablecloth,place flowers,center of tablecloth,simple action,Yes,success
place_flowers,COCO_val2014_000000395343.jpg,vase,place flowers,body of vase,simple action,Yes,success
place_flowers,COCO_val2014_000000399830.jpg,vase,place flowers,top part of vase,simple action,Yes,success
place_flowers,COCO_val2014_000000400052.jpg,beer bottle,place flowers,top of bottle,simple action,Yes,success
place_flowers,COCO_val2014_000000400847.jpg,vase,place flowers,top part of vase,simple action,Yes,success
place_flowers,COCO_val2014_000000406155.jpg,flower vase,place flowers,body of vase,place flowers in the vase,Yes,success
place_flowers,COCO_val2014_000000407149.jpg,tv,place flowers,right side of tv,simple action,Yes,success
place_flowers,COCO_val2014_000000407403.jpg,flowers,place flowers,stem of flowers,simple action,Yes,success
place_flowers,COCO_val2014_000000407403.jpg,white vase,place flowers,top of vase,simple action,Yes,success
place_flowers,COCO_val2014_000000407614.jpg,plant,place flowers,leaves,simple action,Yes,success
place_flowers,COCO_val2014_000000407825.jpg,clock,place flowers,top of clock,simple action,Yes,success
place_flowers,COCO_val2014_000000409042.jpg,flowers,place flowers,entire flower arrangement,simple action,Yes,success
place_flowers,COCO_val2014_000000410278.jpg,vase,place flowers,bottom of vase,simple action,Yes,success
place_flowers,COCO_val2014_000000410278.jpg,flowers,,,,No,success
place_flowers,COCO_val2014_000000410482.jpg,vase,place flowers,top part of vase,simple action,Yes,success
place_flowers,COCO_val2014_000000414680.jpg,vase,place flowers,base of vase,simple action,Yes,success
place_flowers,COCO_val2014_000000415015.jpg,flowers,place flowers,all parts,simple action,Yes,success
place_flowers,COCO_val2014_000000415015.jpg,vase,place flowers,bottom,simple action,Yes,success
place_flowers,COCO_val2014_000000415238.jpg,vase,place flowers,body of vase,place flowers in vase,Yes,success
place_flowers,COCO_val2014_000000417015.jpg,cup,place flowers,bottom part of cup,simple action,Yes,success
place_flowers,COCO_val2014_000000417015.jpg,cup,place flowers,bottom part of cup,simple action,Yes,success
place_flowers,COCO_val2014_000000417015.jpg,cup,place flowers,bottom part of cup,simple action,Yes,success
place_flowers,COCO_val2014_000000417015.jpg,cup,place flowers,bottom part of cup,simple action,Yes,success
place_flowers,COCO_val2014_000000421401.jpg,vase,place flowers,base of vase,simple action,Yes,success
place_flowers,COCO_val2014_000000428079.jpg,vase,place flowers,top of vase,simple action,Yes,success
place_flowers,COCO_val2014_000000428612.jpg,vase,place flowers,base of vase,simple action,Yes,success
place_flowers,COCO_val2014_000000429530.jpg,flowers,place flowers,all flowers,simple action,Yes,success
place_flowers,COCO_val2014_000000431655.jpg,glass,place flowers,base of glass,simple action,Yes,success
place_flowers,COCO_val2014_000000433373.jpg,table,place flowers,top surface of table,place flowers on table,Yes,success
place_flowers,COCO_val2014_000000433373.jpg,chair,place flowers,seat of chair,place flowers on chair,Yes,success
place_flowers,COCO_val2014_000000435075.jpg,vase,place flowers,base of vase,simple action,Yes,success
place_flowers,COCO_val2014_000000439738.jpg,vase,place flowers,base of vase,simple action,Yes,success
place_flowers,COCO_val2014_000000439961.jpg,vase,place flowers,base of vase,simple action,Yes,success
place_flowers,COCO_val2014_000000441415.jpg,chair,place flowers,seat of chair,simple action,Yes,success
place_flowers,COCO_val2014_000000441415.jpg,table,place flowers,surface of table,simple action,Yes,success
place_flowers,COCO_val2014_000000442419.jpg,vase,place flowers,bottom of vase,simple action,Yes,success
place_flowers,COCO_val2014_000000443259.jpg,fridge,place flowers,front of fridge,simple action,Yes,success
place_flowers,COCO_val2014_000000443887.jpg,cat,place flowers,head,simple action,Yes,success
place_flowers,COCO_val2014_000000443887.jpg,plant,place flowers,leaves,simple action,Yes,success
place_flowers,COCO_val2014_000000447087.jpg,candle,place flowers,candle holder,simple action,Yes,success
place_flowers,COCO_val2014_000000447613.jpg,umbrella,place flowers,handle of umbrella,hold flowers,Yes,success
place_flowers,COCO_val2014_000000447613.jpg,handbag,place flowers,handle of handbag,hold flowers,Yes,success
place_flowers,COCO_val2014_000000451561.jpg,vase,place flowers,body of vase,place flowers in vase,Yes,success
place_flowers,COCO_val2014_000000452622.jpg,vase,place flowers,top part of vase,simple action,Yes,success
place_flowers,COCO_val2014_000000455188.jpg,microwave,place flowers,top of microwave,place flowers on top of microwave,Yes,success
place_flowers,COCO_val2014_000000455188.jpg,plant,place flowers,pot of plant,place flowers in the pot of plant,Yes,success
place_flowers,COCO_val2014_000000458549.jpg,candle,place flowers,top of candle,place flowers on top of candle,Yes,success
place_flowers,COCO_val2014_000000458549.jpg,basket,place flowers,inside basket,place flowers in basket,Yes,success
place_flowers,COCO_val2014_000000458941.jpg,vase,place flowers,base of vase,simple action,Yes,success
place_flowers,COCO_val2014_000000461256.jpg,pot,place flowers,bottom of pot,simple action,Yes,success
place_flowers,COCO_val2014_000000461256.jpg,sink,place flowers,edge of sink,simple action,Yes,success
place_flowers,COCO_val2014_000000461655.jpg,jar,place flowers,bottom of jar,simple action,Yes,success
place_flowers,COCO_val2014_000000461655.jpg,flowers,place flowers,top of jar,simple action,Yes,success
place_flowers,COCO_val2014_000000462663.jpg,vase,place flowers,body of vase,simple action,Yes,success
place_flowers,COCO_val2014_000000462802.jpg,vase,place flowers,bottom of vase,simple action,Yes,success
place_flowers,COCO_val2014_000000463132.jpg,plant,place flowers,leaves,simple action,Yes,success
place_flowers,COCO_val2014_000000463132.jpg,desk,place flowers,surface,simple action,Yes,success
place_flowers,COCO_val2014_000000466410.jpg,vase,place flowers,base of vase,place flowers in vase,Yes,success
place_flowers,COCO_val2014_000000466410.jpg,flowers,place flowers,top of flowers,place flowers in vase,Yes,success
place_flowers,COCO_val2014_000000467315.jpg,vase,place flowers,bottom of vase,simple action,Yes,success
place_flowers,COCO_val2014_000000472029.jpg,candy canes,place flowers,tips of candy canes,simple action,Yes,success
place_flowers,COCO_val2014_000000472399.jpg,chair,place flowers,backrest of chair,simple action,Yes,success
place_flowers,COCO_val2014_000000473541.jpg,vase,place flowers,top of vase,simple action,Yes,success
place_flowers,COCO_val2014_000000473541.jpg,flowers,place flowers,in vase,simple action,Yes,success
place_flowers,COCO_val2014_000000475024.jpg,vase,place flowers,base of vase,simple action,Yes,success
place_flowers,COCO_val2014_000000478071.jpg,vase,place flowers,base of vase,simple action,Yes,success
place_flowers,COCO_val2014_000000479248.jpg,vase,place flowers,top of vase,simple action,Yes,success
place_flowers,COCO_val2014_000000487141.jpg,vase,place flowers,top of vase,simple action,Yes,success
place_flowers,COCO_val2014_000000488723.jpg,vase,place flowers,base of vase,simple action,Yes,success
place_flowers,COCO_val2014_000000488785.jpg,vase,place flowers,bottom part of vase,simple action,Yes,success
place_flowers,COCO_val2014_000000488997.jpg,vase,place flowers,base of vase,simple action,Yes,success
place_flowers,COCO_val2014_000000491294.jpg,vase,place flowers,base of vase,simple action,Yes,success
place_flowers,COCO_val2014_000000492911.jpg,vase,place flowers,base of vase,simple action,Yes,success
place_flowers,COCO_val2014_000000494970.jpg,vase,place flowers,bottom of vase,simple action,Yes,success
place_flowers,COCO_val2014_000000498100.jpg,vase,place flowers,top part of vase,insert flowers,Yes,success
place_flowers,COCO_val2014_000000498794.jpg,vase,place flowers,base of vase,simple action,Yes,success
place_flowers,COCO_val2014_000000500825.jpg,vase,place flowers,base of vase,simple action,Yes,success
place_flowers,COCO_val2014_000000501080.jpg,flowers,place flowers,entire bouquet,simple action,Yes,success
place_flowers,COCO_val2014_000000505822.jpg,vase,place flowers,bottom of vase,simple action,Yes,success
place_flowers,COCO_val2014_000000506587.jpg,vase,place flowers,top of vase,simple action,Yes,success
place_flowers,COCO_val2014_000000506748.jpg,vase,place flowers,body of vase,simple action,Yes,success
place_flowers,COCO_val2014_000000512116.jpg,plant,place flowers,pot,simple action,Yes,success
place_flowers,COCO_val2014_000000512403.jpg,feathers,place flowers,feathers in the vase,simple action,Yes,success
place_flowers,COCO_val2014_000000512982.jpg,flowers,place flowers,vase,simple action,Yes,success
place_flowers,COCO_val2014_000000518719.jpg,pot,place flowers,base of pot,simple action,Yes,success
place_flowers,COCO_val2014_000000521370.jpg,boot,place flowers,top of boot,place flowers in boot,Yes,success
place_flowers,COCO_val2014_000000528200.jpg,vase,place flowers,top of vase,simple action,Yes,success
place_flowers,COCO_val2014_000000530457.jpg,vase,place flowers,bottom of vase,simple action,Yes,success
place_flowers,COCO_val2014_000000533485.jpg,vase,place flowers,top part of vase,simple action,Yes,success
place_flowers,COCO_val2014_000000550426.jpg,vase,place flowers,bottom of vase,simple action,Yes,success
place_flowers,COCO_val2014_000000558524.jpg,vase,place flowers,top of vase,simple action,Yes,success
place_flowers,COCO_val2014_000000561698.jpg,vase,place flowers,top part of vase,simple action,Yes,success
place_flowers,COCO_val2014_000000565715.jpg,vase,place flowers,bottom of vase,simple action,Yes,success
place_flowers,COCO_val2014_000000569464.jpg,vase,place flowers,bottom of vase,simple action,Yes,success
place_flowers,COCO_val2014_000000569700.jpg,vase,place flowers,bottom of vase,simple action,Yes,success
place_flowers,COCO_val2014_000000569700.jpg,teapot,place flowers,top of teapot,simple action,Yes,success
place_flowers,COCO_val2014_000000571550.jpg,vase,place flowers,body of vase,simple action,Yes,success
place_flowers,COCO_val2014_000000574592.jpg,vase,place flowers,bottom of vase,simple action,Yes,success
place_flowers,COCO_val2014_000000576483.jpg,vase,place flowers,bottom of vase,simple action,Yes,success
place_flowers,COCO_val2014_000000579453.jpg,vase,place flowers,top of vase,simple action,Yes,success
place_flowers,COCO_val2014_000000580766.jpg,vase,place flowers,top of vase,simple action,Yes,success
pour_sugar,COCO_val2014_000000000196.jpg,bowl,pour sugar,top part of bowl,simple action,Yes,success
pour_sugar,COCO_val2014_000000002431.jpg,knife,pour sugar,blade of knife,simple action,Yes,success
pour_sugar,COCO_val2014_000000002759.jpg,bowl,pour sugar,inside of bowl,pour sugar,Yes,success
pour_sugar,COCO_val2014_000000003091.jpg,fork,pour sugar,handle of fork,simple action,Yes,success
pour_sugar,COCO_val2014_000000003091.jpg,spoon,pour sugar,handle of spoon,simple action,Yes,success
pour_sugar,COCO_val2014_000000004108.jpg,cup,pour sugar,top part of cup,pour sugar into cup,Yes,success
pour_sugar,COCO_val2014_000000005961.jpg,knife,pour sugar,blade of knife,simple action,Yes,success
pour_sugar,COCO_val2014_000000007274.jpg,bottle,pour sugar,top part of bottle,pour sugar into cup,Yes,success
pour_sugar,COCO_val2014_000000008718.jpg,bowl,pour sugar,top of bowl,simple action,Yes,success
pour_sugar,COCO_val2014_000000008718.jpg,spoon,pour sugar,handle of spoon,simple action,Yes,success
pour_sugar,COCO_val2014_000000009050.jpg,plate,pour sugar,center of plate,simple action,Yes,success
pour_sugar,COCO_val2014_000000009050.jpg,fork,pour sugar,right side of plate,simple action,Yes,success
pour_sugar,COCO_val2014_000000009050.jpg,spoon,pour sugar,right side of plate,simple action,Yes,success
pour_sugar,COCO_val2014_000000009262.jpg,tea cup,pour sugar,handle of tea cup,simple action,Yes,success
pour_sugar,COCO_val2014_000000014004.jpg,table,pour sugar,top of table,simple action,Yes,success
pour_sugar,COCO_val2014_000000014004.jpg,cup,pour sugar,inside cup,simple action,Yes,success
pour_sugar,COCO_val2014_000000017714.jpg,cup,pour sugar,handle of cup,simple action,Yes,success
pour_sugar,COCO_val2014_000000018380.jpg,wine glass,pour sugar,top of glass,pour sugar into glass,Yes,success
pour_sugar,COCO_val2014_000000020908.jpg,bowl,pour sugar,center of bowl,simple action,Yes,success
pour_sugar,COCO_val2014_000000020908.jpg,cup,pour sugar,inside of cup,simple action,Yes,success
pour_sugar,COCO_val2014_000000021993.jpg,bowl,pour sugar,top part of bowl,pour sugar into bowl,Yes,success
pour_sugar,COCO_val2014_000000022461.jpg,bowl,pour sugar,inside of bowl,simple action,Yes,success
pour_sugar,COCO_val2014_000000025216.jpg,waffle,pour sugar,top of waffle,simple action,Yes,success
pour_sugar,COCO_val2014_000000033931.jpg,spoon,pour sugar,handle of spoon,hold spoon,Yes,success
pour_sugar,COCO_val2014_000000035567.jpg,spoon,pour sugar,handle of spoon,use spoon to pour sugar,Yes,success
pour_sugar,COCO_val2014_000000035567.jpg,bowl,pour sugar,inside bowl,use bowl to pour sugar,Yes,success
pour_sugar,COCO_val2014_000000037109.jpg,butter knife,pour sugar,blade of butter knife,simple action,Yes,success
pour_sugar,COCO_val2014_000000037109.jpg,butter knife,pour sugar,blade of butter knife,simple action,Yes,success
pour_sugar,COCO_val2014_000000038190.jpg,spoon,pour sugar,handle of spoon,simple action,Yes,success
pour_sugar,COCO_val2014_000000039053.jpg,plate,pour sugar,center of plate,use the plate to pour sugar,Yes,success
pour_sugar,COCO_val2014_000000039053.jpg,spoon,pour sugar,handle of spoon,use the spoon to pour sugar,Yes,success
pour_sugar,COCO_val2014_000000039516.jpg,plate,pour sugar,top of plate,pour sugar onto the cake,Yes,success
pour_sugar,COCO_val2014_000000040426.jpg,blender,pour sugar,top of blender,simple action,Yes,success
pour_sugar,COCO_val2014_000000042526.jpg,bowl,pour sugar,top part of bowl,simple action,Yes,success
pour_sugar,COCO_val2014_000000043261.jpg,bowl,pour sugar,bottom of bowl,simple action,Yes,success
pour_sugar,COCO_val2014_000000046812.jpg,bowl,pour sugar,bottom of bowl,pour sugar into bowl,Yes,success
pour_sugar,COCO_val2014_000000046812.jpg,spoon,pour sugar,handle of spoon,use spoon to pour sugar,Yes,success
pour_sugar,COCO_val2014_000000047720.jpg,spoon,pour sugar,handle of spoon,use spoon to pour sugar,Yes,success
pour_sugar,COCO_val2014_000000047801.jpg,fork,pour sugar,handle of fork,simple action,Yes,success
pour_sugar,COCO_val2014_000000048129.jpg,fork,pour sugar,handle of fork,simple action,Yes,success
pour_sugar,COCO_val2014_000000051801.jpg,pitcher,pour sugar,top part of pitcher,pour sugar into the dish,Yes,success
pour_sugar,COCO_val2014_000000052746.jpg,spoon,pour sugar,handle of spoon,use handle to pour sugar,Yes,success
pour_sugar,COCO_val2014_000000053183.jpg,knife,pour sugar,blade of knife,simple action,Yes,success
pour_sugar,COCO_val2014_000000053183.jpg,glass,pour sugar,top of glass,simple action,Yes,success
pour_sugar,COCO_val2014_000000056326.jpg,plate,pour sugar,center of plate,pour sugar,Yes,success
pour_sugar,COCO_val2014_000000060623.jpg,spoon,pour sugar,handle of spoon,hold spoon,Yes,success
pour_sugar,COCO_val2014_000000063521.jpg,bowl,pour sugar,bottom of bowl,simple action,Yes,success
pour_sugar,COCO_val2014_000000063521.jpg,sippy cup,pour sugar,top of cup,simple action,Yes,success
pour_sugar,COCO_val2014_000000063965.jpg,plate,pour sugar,top part of plate,pour sugar,Yes,success
pour_sugar,COCO_val2014_000000064084.jpg,bottle,pour sugar,top part of bottle,pour sugar,Yes,success
pour_sugar,COCO_val2014_000000066632.jpg,fork,pour sugar,handle of fork,simple action,Yes,success
pour_sugar,COCO_val2014_000000066632.jpg,knife,pour sugar,blade of knife,simple action,Yes,success
pour_sugar,COCO_val2014_000000066632.jpg,spoon,pour sugar,handle of spoon,simple action,Yes,success
pour_sugar,COCO_val2014_000000066817.jpg,plate,pour sugar,center of plate,simple action,Yes,success
pour_sugar,COCO_val2014_000000066817.jpg,spoon,pour sugar,handle of spoon,simple action,Yes,success
pour_sugar,COCO_val2014_000000070527.jpg,wine glass,pour sugar,top part of glass,pour sugar into glass,Yes,success
pour_sugar,COCO_val2014_000000071171.jpg,bottle,pour sugar,top part of bottle,pour sugar,Yes,success
pour_sugar,COCO_val2014_000000072096.jpg,spoon,pour sugar,handle of spoon,simple action,Yes,success
pour_sugar,COCO_val2014_000000076384.jpg,spoon,pour sugar,handle of spoon,simple action,Yes,success
pour_sugar,COCO_val2014_000000077402.jpg,glass,pour sugar,bottom of glass,pour sugar into glass,Yes,success
pour_sugar,COCO_val2014_000000079634.jpg,bottle,pour sugar,top part of bottle,simple action,Yes,success
pour_sugar,COCO_val2014_000000085481.jpg,plate,pour sugar,top surface of plate,simple action,Yes,success
pour_sugar,COCO_val2014_000000085481.jpg,bowl,pour sugar,inside bowl,simple action,Yes,success
pour_sugar,COCO_val2014_000000088040.jpg,bottle,pour sugar,top part of bottle,pour sugar from bottle,Yes,success
pour_sugar,COCO_val2014_000000088269.jpg,bowl,pour sugar,top of bowl,pour sugar into bowl,Yes,success
pour_sugar,COCO_val2014_000000088269.jpg,spoon,pour sugar,handle of spoon,hold spoon and pour sugar,Yes,success
pour_sugar,COCO_val2014_000000093686.jpg,spoon,pour sugar,handle of spoon,hold spoon and pour sugar,Yes,success
pour_sugar,COCO_val2014_000000095336.jpg,hand,pour sugar,hand holding a bag,simple action,Yes,success
pour_sugar,COCO_val2014_000000095620.jpg,plate,pour sugar,top surface of plate,pour sugar,Yes,success
pour_sugar,COCO_val2014_000000095620.jpg,fork,pour sugar,handle of fork,hold fork,Yes,success
pour_sugar,COCO_val2014_000000096327.jpg,plate,pour sugar,center of plate,simple action,Yes,success
pour_sugar,COCO_val2014_000000096327.jpg,caramel,pour sugar,center of plate,simple action,Yes,success
pour_sugar,COCO_val2014_000000096755.jpg,knife,pour sugar,handle of knife,simple action,Yes,success
pour_sugar,COCO_val2014_000000096755.jpg,plate,pour sugar,edge of plate,simple action,Yes,success
pour_sugar,COCO_val2014_000000098003.jpg,plate,pour sugar,center of plate,pour sugar from plate,Yes,success
pour_sugar,COCO_val2014_000000098003.jpg,spoon,pour sugar,handle of spoon,pour sugar from spoon,Yes,success
pour_sugar,COCO_val2014_000000098029.jpg,bottle,pour sugar,top part of bottle,simple action,Yes,success
pour_sugar,COCO_val2014_000000098054.jpg,cup,pour sugar,upper part of cup,pour sugar into cup,Yes,success
pour_sugar,COCO_val2014_000000099115.jpg,bowl,pour sugar,top part of bowl,pour sugar,Yes,success
pour_sugar,COCO_val2014_000000099115.jpg,plate,pour sugar,center of plate,pour sugar,Yes,success
pour_sugar,COCO_val2014_000000101456.jpg,bowl,pour sugar,top of bowl,simple action,Yes,success
pour_sugar,COCO_val2014_000000103490.jpg,glass,pour sugar,top of glass,pour sugar into glass,Yes,success
pour_sugar,COCO_val2014_000000104865.jpg,bowl,pour sugar,top part of bowl,pour sugar into bowl,Yes,success
pour_sugar,COCO_val2014_000000108208.jpg,bowl,pour sugar,bottom of bowl,pour sugar into bowl,Yes,success
pour_sugar,COCO_val2014_000000108208.jpg,spoon,pour sugar,handle of spoon,use spoon to pour sugar,Yes,success
pour_sugar,COCO_val2014_000000109673.jpg,bottle,pour sugar,top of bottle,pour sugar,Yes,success
pour_sugar,COCO_val2014_000000109937.jpg,bowl,pour sugar,bottom of bowl,pour sugar,Yes,success
pour_sugar,COCO_val2014_000000109945.jpg,bowl,pour sugar,inside of bowl,pour sugar into bowl,Yes,success
pour_sugar,COCO_val2014_000000111434.jpg,fork,pour sugar,handle of fork,hold fork and pour sugar,Yes,success
pour_sugar,COCO_val2014_000000111434.jpg,spoon,pour sugar,handle of spoon,hold spoon and pour sugar,Yes,success
pour_sugar,COCO_val2014_000000113369.jpg,glass,pour sugar,top part of glass,pour sugar into glass,Yes,success
pour_sugar,COCO_val2014_000000113369.jpg,shaker,pour sugar,top part of shaker,pour sugar into shaker,Yes,success
pour_sugar,COCO_val2014_000000115866.jpg,mug,pour sugar,top of mug,simple action,Yes,success
pour_sugar,COCO_val2014_000000117425.jpg,fork,pour sugar,handle of fork,hold fork,Yes,success
pour_sugar,COCO_val2014_000000117466.jpg,knife,pour sugar,blade of knife,simple action,Yes,success
pour_sugar,COCO_val2014_000000131138.jpg,spoon,pour sugar,handle of spoon,simple action,Yes,success
pour_sugar,COCO_val2014_000000131138.jpg,spoon,pour sugar,handle of spoon,simple action,Yes,success
pour_sugar,COCO_val2014_000000131725.jpg,fork,pour sugar,handle of fork,simple action,Yes,success
pour_sugar,COCO_val2014_000000132059.jpg,plate,pour sugar,top of plate,use plate to pour sugar,Yes,success
pour_sugar,COCO_val2014_000000132059.jpg,spoon,pour sugar,handle of spoon,use spoon to pour sugar,Yes,success
pour_sugar,COCO_val2014_000000132362.jpg,bowl,pour sugar,top of bowl,pour sugar into bowl,Yes,success
pour_sugar,COCO_val2014_000000134574.jpg,spoon,pour sugar,handle of spoon,simple action,Yes,success
pour_sugar,COCO_val2014_000000134688.jpg,fork,pour sugar,handle of fork,use fork to pour sugar,Yes,success
pour_sugar,COCO_val2014_000000134688.jpg,knife,pour sugar,blade of knife,use knife to pour sugar,Yes,success
pour_sugar,COCO_val2014_000000135399.jpg,spoon,pour sugar,handle of spoon,hold spoon,Yes,success
pour_sugar,COCO_val2014_000000136820.jpg,table,pour sugar,top surface of table,simple action,Yes,success
pour_sugar,COCO_val2014_000000136820.jpg,spoon,pour sugar,handle of spoon,simple action,Yes,success
pour_sugar,COCO_val2014_000000138075.jpg,bowl,pour sugar,top part of bowl,pour sugar into bowl,Yes,success
pour_sugar,COCO_val2014_000000138075.jpg,spoon,pour sugar,handle of spoon,use spoon to pour sugar,Yes,success
pour_sugar,COCO_val2014_000000139953.jpg,spoon,pour sugar,handle of spoon,use handle to pour sugar,Yes,success
pour_sugar,COCO_val2014_000000140545.jpg,spoon,pour sugar,handle of spoon,use spoon to pour sugar,Yes,success
pour_sugar,COCO_val2014_000000142177.jpg,plate,pour sugar,center of plate,simple action,Yes,success
pour_sugar,COCO_val2014_000000142177.jpg,knife,pour sugar,left side of knife,simple action,Yes,success
pour_sugar,COCO_val2014_000000142177.jpg,spoon,pour sugar,right side of spoon,simple action,Yes,success
pour_sugar,COCO_val2014_000000142620.jpg,jar,pour sugar,top of jar,pour sugar,Yes,success
pour_sugar,COCO_val2014_000000142620.jpg,bottle,pour sugar,top of bottle,pour sugar,Yes,success
pour_sugar,COCO_val2014_000000145318.jpg,glass,pour sugar,top part of glass,pour sugar into glass,Yes,success
pour_sugar,COCO_val2014_000000145318.jpg,cereal bowl,pour sugar,bottom part of bowl,pour sugar into bowl,Yes,success
pour_sugar,COCO_val2014_000000146973.jpg,plate,pour sugar,top of plate,simple action,Yes,success
pour_sugar,COCO_val2014_000000147154.jpg,spoon,pour sugar,handle of spoon,simple action,Yes,success
pour_sugar,COCO_val2014_000000148830.jpg,spoon,pour sugar,handle of spoon,use handle to pour sugar,Yes,success
pour_sugar,COCO_val2014_000000150208.jpg,bottle,pour sugar,top part of bottle,simple action,Yes,success
pour_sugar,COCO_val2014_000000150763.jpg,bottle,pour sugar,top part of bottle,pour sugar,Yes,success
pour_sugar,COCO_val2014_000000152340.jpg,glass,pour sugar,top part of glass,pour sugar into glass,Yes,success
pour_sugar,COCO_val2014_000000152340.jpg,cup,pour sugar,top part of cup,pour sugar into cup,Yes,success
pour_sugar,COCO_val2014_000000153300.jpg,glass,pour sugar,top part of glass,simple action,Yes,success
pour_sugar,COCO_val2014_000000153300.jpg,cup,pour sugar,top part of cup,simple action,Yes,success
pour_sugar,COCO_val2014_000000153506.jpg,cup,pour sugar,top part of cup,pour sugar into cup,Yes,success
pour_sugar,COCO_val2014_000000155732.jpg,bowl,pour sugar,top of bowl,pour sugar,Yes,success
pour_sugar,COCO_val2014_000000155732.jpg,spoon,pour sugar,handle of spoon,pour sugar,Yes,success
pour_sugar,COCO_val2014_000000155861.jpg,bowl,pour sugar,bowl,simple action,Yes,success
pour_sugar,COCO_val2014_000000158708.jpg,spoon,pour sugar,handle of spoon,use spoon to pour sugar into cup,Yes,success
pour_sugar,COCO_val2014_000000165686.jpg,bowl,pour sugar,bottom of bowl,pour sugar into bowl,Yes,success
pour_sugar,COCO_val2014_000000174206.jpg,plate,pour sugar,center of plate,simple action,Yes,success
pour_sugar,COCO_val2014_000000174206.jpg,napkin,pour sugar,center of napkin,simple action,Yes,success
pour_sugar,COCO_val2014_000000175440.jpg,bowl,pour sugar,top of bowl,pour sugar into bowl,Yes,success
pour_sugar,COCO_val2014_000000176935.jpg,plate,pour sugar,center of plate,simple action,Yes,success
pour_sugar,COCO_val2014_000000176935.jpg,fork,pour sugar,handle of fork,simple action,Yes,success
pour_sugar,COCO_val2014_000000177143.jpg,table,pour sugar,top surface of table,simple action,Yes,success
pour_sugar,COCO_val2014_000000177143.jpg,menu,pour sugar,front of menu,simple action,Yes,success
pour_sugar,COCO_val2014_000000181796.jpg,wine glass,pour sugar,top part of glass,lift and pour sugar,Yes,success
pour_sugar,COCO_val2014_000000182417.jpg,plate,pour sugar,center of plate,use the plate to pour sugar,Yes,success
pour_sugar,COCO_val2014_000000182417.jpg,spoon,pour sugar,handle of spoon,use the spoon to pour sugar,Yes,success
pour_sugar,COCO_val2014_000000185046.jpg,bowl,pour sugar,top part of bowl,simple action,Yes,success
pour_sugar,COCO_val2014_000000185046.jpg,bottle,pour sugar,bottom part of bottle,simple action,Yes,success
pour_sugar,COCO_val2014_000000191301.jpg,plate,pour sugar,top of plate,simple action,Yes,success
pour_sugar,COCO_val2014_000000191301.jpg,sugar,pour sugar,in front of plate,simple action,Yes,success
pour_sugar,COCO_val2014_000000196009.jpg,spoon,pour sugar,handle of spoon,hold spoon to pour sugar,Yes,success
pour_sugar,COCO_val2014_000000236762.jpg,camera,pour sugar,lens of camera,simple action,Yes,success
pour_sugar,COCO_val2014_000000238498.jpg,bottle,pour sugar,top part of bottle,pour sugar,Yes,success
pour_sugar,COCO_val2014_000000241149.jpg,spoon,pour sugar,handle of spoon,use spoon to pour sugar,Yes,success
pour_sugar,COCO_val2014_000000247782.jpg,plate,pour sugar,top part of plate,pour sugar,Yes,success
pour_sugar,COCO_val2014_000000249357.jpg,plate,pour sugar,center of plate,simple action,Yes,success
pour_sugar,COCO_val2014_000000250790.jpg,plate,pour sugar,center of plate,simple action,Yes,success
pour_sugar,COCO_val2014_000000250790.jpg,spoon,pour sugar,handle of spoon,simple action,Yes,success
pour_sugar,COCO_val2014_000000252629.jpg,plate,pour sugar,top part of plate,pour sugar,Yes,success
pour_sugar,COCO_val2014_000000253930.jpg,bowl,pour sugar,bottom of bowl,simple action,Yes,success
pour_sugar,COCO_val2014_000000253930.jpg,glass,pour sugar,top of glass,simple action,Yes,success
pour_sugar,COCO_val2014_000000254930.jpg,spoon,pour sugar,handle of spoon,use spoon to pour sugar,Yes,success
pour_sugar,COCO_val2014_000000255248.jpg,bowl,pour sugar,top part of bowl,simple action,Yes,success
pour_sugar,COCO_val2014_000000257864.jpg,fork,pour sugar,handle of fork,simple action,Yes,success
pour_sugar,COCO_val2014_000000257941.jpg,cup,pour sugar,top of cup,pour sugar,Yes,success
pour_sugar,COCO_val2014_000000260105.jpg,plate,pour sugar,center of plate,simple action,Yes,success
pour_sugar,COCO_val2014_000000262896.jpg,spoon,pour sugar,handle of spoon,use handle to pour sugar,Yes,success
pour_sugar,COCO_val2014_000000263393.jpg,salt shaker,pour sugar,top part of shaker,simple action,Yes,success
pour_sugar,COCO_val2014_000000263393.jpg,pepper shaker,pour sugar,top part of shaker,simple action,Yes,success
pour_sugar,COCO_val2014_000000265208.jpg,plate,pour sugar,top surface of plate,simple action,Yes,success
pour_sugar,COCO_val2014_000000265227.jpg,sugar bowl,pour sugar,top of sugar bowl,pour sugar into the bowl,Yes,success
pour_sugar,COCO_val2014_000000266601.jpg,spoon,pour sugar,handle of spoon,use spoon to pour sugar,Yes,success
pour_sugar,COCO_val2014_000000266768.jpg,table,pour sugar,top surface of table,simple action,Yes,success
pour_sugar,COCO_val2014_000000266768.jpg,bottle,pour sugar,top surface of bottle,simple action,Yes,success
pour_sugar,COCO_val2014_000000269089.jpg,spoon,pour sugar,handle of spoon,use handle of spoon to pour sugar,Yes,success
pour_sugar,COCO_val2014_000000273711.jpg,bottle,pour sugar,top part of bottle,simple action,Yes,success
pour_sugar,COCO_val2014_000000273855.jpg,spoon,pour sugar,handle of spoon,simple action,Yes,success
pour_sugar,COCO_val2014_000000276127.jpg,bottle,pour sugar,top part of bottle,lift bottle,Yes,success
pour_sugar,COCO_val2014_000000277991.jpg,bottle,pour sugar,top part of bottle,pour sugar,Yes,success
pour_sugar,COCO_val2014_000000286322.jpg,bowl,pour sugar,bottom of bowl,pour sugar into bowl,Yes,success
pour_sugar,COCO_val2014_000000286322.jpg,table,pour sugar,table surface,pour sugar onto table,Yes,success
pour_sugar,COCO_val2014_000000288313.jpg,spoon,pour sugar,handle of spoon,use handle to pour sugar,Yes,success
pour_sugar,COCO_val2014_000000288313.jpg,bowl,pour sugar,inside of bowl,use bowl to pour sugar,Yes,success
pour_sugar,COCO_val2014_000000298172.jpg,plate,pour sugar,center of plate,pour sugar,Yes,success
pour_sugar,COCO_val2014_000000298172.jpg,spoon,pour sugar,handle of spoon,pour sugar,Yes,success
pour_sugar,COCO_val2014_000000300577.jpg,plate,pour sugar,center of plate,simple action,Yes,success
pour_sugar,COCO_val2014_000000300577.jpg,table,pour sugar,edge of table,simple action,Yes,success
pour_sugar,COCO_val2014_000000301266.jpg,basket,pour sugar,basket handle,simple action,Yes,success
pour_sugar,COCO_val2014_000000301282.jpg,pizza,pour sugar,top of pizza,simple action,Yes,success
pour_sugar,COCO_val2014_000000301762.jpg,pan,pour sugar,bottom of pan,pour sugar,Yes,success
pour_sugar,COCO_val2014_000000302606.jpg,bowl,pour sugar,top of bowl,simple action,Yes,success
pour_sugar,COCO_val2014_000000305609.jpg,waffle,pour sugar,top of waffle,simple action,Yes,success
pour_sugar,COCO_val2014_000000306638.jpg,bowl,pour sugar,inside of bowl,pour sugar into bowl,Yes,success
pour_sugar,COCO_val2014_000000306638.jpg,spoon,pour sugar,handle of spoon,use spoon to pour sugar,Yes,success
pour_sugar,COCO_val2014_000000307034.jpg,fork,pour sugar,handle of fork,hold fork to pour sugar,Yes,success
pour_sugar,COCO_val2014_000000307731.jpg,sugar packet,pour sugar,top of packet,simple action,Yes,success
pour_sugar,COCO_val2014_000000307731.jpg,sugar spoon,pour sugar,handle of spoon,simple action,Yes,success
pour_sugar,COCO_val2014_000000308543.jpg,spoons,pour sugar,handle of spoon,hold spoon and pour sugar,Yes,success
pour_sugar,COCO_val2014_000000309514.jpg,spoon,pour sugar,handle of spoon,simple action,Yes,success
pour_sugar,COCO_val2014_000000313999.jpg,spoon,pour sugar,handle of spoon,simple action,Yes,success
pour_sugar,COCO_val2014_000000314125.jpg,bottle,pour sugar,top part of bottle,pour sugar,Yes,success
pour_sugar,COCO_val2014_000000317683.jpg,bottle,pour sugar,top part of bottle,simple action,Yes,success
pour_sugar,COCO_val2014_000000320664.jpg,spoon,pour sugar,handle of spoon,simple action,Yes,success
pour_sugar,COCO_val2014_000000320664.jpg,knife,pour sugar,blade of knife,simple action,Yes,success
pour_sugar,COCO_val2014_000000330122.jpg,fork,pour sugar,handle of fork,simple action,Yes,success
pour_sugar,COCO_val2014_000000330954.jpg,tea cup,pour sugar,handle of tea cup,use handle to pour sugar,Yes,success
pour_sugar,COCO_val2014_000000334118.jpg,bowl,pour sugar,bottom of bowl,simple action,Yes,success
pour_sugar,COCO_val2014_000000334118.jpg,bowl,pour sugar,top of bowl,simple action,Yes,success
pour_sugar,COCO_val2014_000000334118.jpg,bowl,pour sugar,right side of bowl,simple action,Yes,success
pour_sugar,COCO_val2014_000000334118.jpg,bowl,pour sugar,bottom of bowl,simple action,Yes,success
pour_sugar,COCO_val2014_000000334118.jpg,bowl,pour sugar,top of bowl,simple action,Yes,success
pour_sugar,COCO_val2014_000000334118.jpg,bowl,pour sugar,right side of bowl,simple action,Yes,success
pour_sugar,COCO_val2014_000000334118.jpg,bowl,pour sugar,bottom of bowl,simple action,Yes,success
pour_sugar,COCO_val2014_000000334118.jpg,bowl,pour sugar,top of bowl,simple action,Yes,success
pour_sugar,COCO_val2014_000000334118.jpg,bowl,pour sugar,right side of bowl,simple action,Yes,success
pour_sugar,COCO_val2014_000000334746.jpg,wine bottle,pour sugar,top part of bottle,simple action,Yes,success
pour_sugar,COCO_val2014_000000334746.jpg,wine glass,pour sugar,top part of glass,simple action,Yes,success
pour_sugar,COCO_val2014_000000335427.jpg,spoon,pour sugar,handle of spoon,use handle to pour sugar,Yes,success
pour_sugar,COCO_val2014_000000335427.jpg,fork,pour sugar,handle of fork,use handle to pour sugar,Yes,success
pour_sugar,COCO_val2014_000000335515.jpg,chopsticks,pour sugar,handle of chopsticks,hold chopsticks,Yes,success
pour_sugar,COCO_val2014_000000337505.jpg,spoon,pour sugar,handle of spoon,use spoon to pour sugar,Yes,success
pour_sugar,COCO_val2014_000000337505.jpg,ladle,pour sugar,handle of ladle,use ladle to pour sugar,Yes,success
pour_sugar,COCO_val2014_000000337505.jpg,spatula,pour sugar,handle of spatula,use spatula to pour sugar,Yes,success
pour_sugar,COCO_val2014_000000338903.jpg,plate,pour sugar,top of plate,pour sugar onto plate,Yes,success
pour_sugar,COCO_val2014_000000338949.jpg,glass,pour sugar,top part of glass,pour sugar into glass,Yes,success
pour_sugar,COCO_val2014_000000338949.jpg,spoon,pour sugar,handle of spoon,hold spoon to pour sugar,Yes,success
pour_sugar,COCO_val2014_000000345941.jpg,plate,pour sugar,top of plate,pour sugar,Yes,success
pour_sugar,COCO_val2014_000000349489.jpg,teapot,pour sugar,spout of teapot,simple action,Yes,success
pour_sugar,COCO_val2014_000000349489.jpg,kettle,pour sugar,spout of kettle,simple action,Yes,success
pour_sugar,COCO_val2014_000000351183.jpg,bowl,pour sugar,top part of bowl,pour sugar,Yes,success
pour_sugar,COCO_val2014_000000356236.jpg,spoon,pour sugar,handle of spoon,use handle to pour sugar,Yes,success
pour_sugar,COCO_val2014_000000368142.jpg,plate,pour sugar,top part of plate,simple action,Yes,success
pour_sugar,COCO_val2014_000000368142.jpg,cup,pour sugar,top part of cup,simple action,Yes,success
pour_sugar,COCO_val2014_000000368291.jpg,plate,pour sugar,bottom of plate,pour sugar from plate,Yes,success
pour_sugar,COCO_val2014_000000368291.jpg,spoon,pour sugar,handle of spoon,use spoon to pour sugar,Yes,success
pour_sugar,COCO_val2014_000000369831.jpg,spoon,pour sugar,handle of spoon,use spoon to pour sugar,Yes,success
pour_sugar,COCO_val2014_000000372654.jpg,bottle,pour sugar,top part of bottle,simple action,Yes,success
pour_sugar,COCO_val2014_000000373662.jpg,bowl,pour sugar,bottom of bowl,simple action,Yes,success
pour_sugar,COCO_val2014_000000377091.jpg,plate,pour sugar,top of plate,pour sugar into bowl,Yes,success
pour_sugar,COCO_val2014_000000377359.jpg,bowl,pour sugar,top part of bowl,simple action,Yes,success
pour_sugar,COCO_val2014_000000378096.jpg,wine glass,pour sugar,liquid in glass,pour sugar into glass,Yes,success
pour_sugar,COCO_val2014_000000378117.jpg,bowl,pour sugar,top of bowl,simple action,Yes,success
pour_sugar,COCO_val2014_000000381031.jpg,jar,pour sugar,top of jar,open jar lid,Yes,success
pour_sugar,COCO_val2014_000000381587.jpg,bowl,pour sugar,top part of bowl,simple action,Yes,success
pour_sugar,COCO_val2014_000000382207.jpg,bottle,pour sugar,top part of bottle,pour sugar into bowl,Yes,success
pour_sugar,COCO_val2014_000000396387.jpg,plate,pour sugar,top part of plate,simple action,Yes,success
pour_sugar,COCO_val2014_000000398222.jpg,bowl,pour sugar,top part of bowl,simple action,Yes,success
pour_sugar,COCO_val2014_000000402528.jpg,fork,pour sugar,handle of fork,simple action,Yes,success
pour_sugar,COCO_val2014_000000411223.jpg,spoon,pour sugar,handle of spoon,use spoon to pour sugar,Yes,success
pour_sugar,COCO_val2014_000000412592.jpg,spoon,pour sugar,handle of spoon,hold spoon and pour sugar,Yes,success
pour_sugar,COCO_val2014_000000439339.jpg,glass,pour sugar,bottom of glass,pour sugar,Yes,success
pour_sugar,COCO_val2014_000000439339.jpg,plastic spoon,pour sugar,handle of spoon,hold spoon,Yes,success
pour_sugar,COCO_val2014_000000443597.jpg,plate,pour sugar,center of plate,use the plate to pour sugar,Yes,success
pour_sugar,COCO_val2014_000000443597.jpg,fork,pour sugar,handle of fork,use the fork to pour sugar,Yes,success
pour_sugar,COCO_val2014_000000452297.jpg,cup,pour sugar,top of cup,pour sugar into cup,Yes,success
pour_sugar,COCO_val2014_000000458510.jpg,plate,pour sugar,top surface of plate,pour sugar,Yes,success
pour_sugar,COCO_val2014_000000460266.jpg,plate,pour sugar,top of plate,pour sugar,Yes,success
pour_sugar,COCO_val2014_000000460675.jpg,bowl,pour sugar,inside of bowl,pour sugar into bowl,Yes,success
pour_sugar,COCO_val2014_000000461254.jpg,knife,pour sugar,handle of knife,simple action,Yes,success
pour_sugar,COCO_val2014_000000461254.jpg,knife,pour sugar,handle of knife,simple action,Yes,success
pour_sugar,COCO_val2014_000000461254.jpg,knife,pour sugar,handle of knife,simple action,Yes,success
pour_sugar,COCO_val2014_000000463283.jpg,shaker,pour sugar,top part of shaker,pour sugar into glass,Yes,success
pour_sugar,COCO_val2014_000000472034.jpg,wine glass,pour sugar,top part of glass,pour sugar,Yes,success
pour_sugar,COCO_val2014_000000484069.jpg,bowl,pour sugar,inside of bowl,pour sugar into bowl,Yes,success
pour_sugar,COCO_val2014_000000484069.jpg,biscuit,pour sugar,top of biscuit,pour sugar on top of biscuit,Yes,success
pour_sugar,COCO_val2014_000000496801.jpg,spoon,pour sugar,handle of spoon,use spoon to pour sugar,Yes,success
pour_sugar,COCO_val2014_000000496801.jpg,container,pour sugar,top of container,use container to pour sugar,Yes,success
pour_sugar,COCO_val2014_000000498537.jpg,spoon,pour sugar,handle of spoon,hold spoon to pour sugar,Yes,success
pour_sugar,COCO_val2014_000000506137.jpg,spatula,pour sugar,handle,hold spatula and pour sugar,Yes,success
pour_sugar,COCO_val2014_000000506137.jpg,spatula,pour sugar,handle,hold spatula and pour sugar,Yes,success
pour_sugar,COCO_val2014_000000506137.jpg,spoon,pour sugar,handle,hold spoon and pour sugar,Yes,success
pour_sugar,COCO_val2014_000000506137.jpg,sieve,pour sugar,handle,hold sieve and pour sugar,Yes,success
pour_sugar,COCO_val2014_000000506137.jpg,whisk,pour sugar,handle,hold whisk and pour sugar,Yes,success
pour_sugar,COCO_val2014_000000506137.jpg,spatula,pour sugar,handle,hold spatula and pour sugar,Yes,success
pour_sugar,COCO_val2014_000000506137.jpg,spatula,pour sugar,handle,hold spatula and pour sugar,Yes,success
pour_sugar,COCO_val2014_000000512869.jpg,spoon,pour sugar,handle of spoon,simple action,Yes,success
pour_sugar,COCO_val2014_000000512912.jpg,bowl,pour sugar,inside of bowl,pour sugar into bowl,Yes,success
pour_sugar,COCO_val2014_000000512912.jpg,plate,pour sugar,outside of plate,pour sugar onto plate,Yes,success
pour_sugar,COCO_val2014_000000518375.jpg,plate,pour sugar,center of plate,simple action,Yes,success
pour_sugar,COCO_val2014_000000519460.jpg,bowl,pour sugar,top part of bowl,pour sugar into bowl,Yes,success
pour_sugar,COCO_val2014_000000519558.jpg,wine bottle,pour sugar,top of wine bottle,simple action,Yes,success
pour_sugar,COCO_val2014_000000525903.jpg,bowl,pour sugar,top part of bowl,pour sugar,Yes,success
pour_sugar,COCO_val2014_000000535313.jpg,bowl,pour sugar,top of bowl,simple action,Yes,success
pour_sugar,COCO_val2014_000000535313.jpg,cup,pour sugar,top of cup,simple action,Yes,success
pour_sugar,COCO_val2014_000000558642.jpg,spoon,pour sugar,handle of spoon,simple action,Yes,success
pour_sugar,COCO_val2014_000000566920.jpg,plate,pour sugar,center of plate,pour sugar,Yes,success
pour_sugar,COCO_val2014_000000571764.jpg,spoon,pour sugar,handle of spoon,simple action,Yes,success
pour_sugar,images_a00000321_33_1849_5543934508_0bcf4bfac3_c.jpg,spoon,pour sugar,handle of spoon,use spoon to pour sugar,Yes,success
pour_sugar,images_a00000633_28_252_4012639120_3588669967_c.jpg,plate,pour sugar,top surface of plate,pour sugar,Yes,success
pour_sugar,images_a00000662_11_477_3362673065_e1ccb0586f_c.jpg,glass,pour sugar,top part of glass,pour sugar into glass,Yes,success
pour_sugar,images_a00000662_11_477_3362673065_e1ccb0586f_c.jpg,napkin,pour sugar,center of napkin,pour sugar onto napkin,Yes,success
pour_sugar,images_a00000662_13_442_14029068569_c46cd5e471_c.jpg,spoon,pour sugar,handle of spoon,use spoon to pour sugar,Yes,success
pour_sugar,images_a00000662_14_415_40185627314_76b42c1598_c.jpg,red cup,pour sugar,handle of red cup,simple action,Yes,success
pour_sugar,images_a00000662_14_415_40185627314_76b42c1598_c.jpg,white cup,pour sugar,handle of white cup,simple action,Yes,success
pour_sugar,images_a00000662_16_396_8726529739_3e1eb25543_c.jpg,table,pour sugar,surface of table,simple action,Yes,success
pour_sugar,images_a00000662_16_396_8726529739_3e1eb25543_c.jpg,napkin,pour sugar,folded part of napkin,simple action,Yes,success
pour_sugar,images_a00000662_21_341_5988631443_55ed0da346_c.jpg,glass,pour sugar,bottom of glass,simple action,Yes,success
pour_sugar,images_a00000662_21_341_5988631443_55ed0da346_c.jpg,sugar bowl,pour sugar,center of sugar bowl,simple action,Yes,success
pour_sugar,images_a00000662_23_334_3082521848_4d758dc1fb_c.jpg,glass,pour sugar,bottom of glass,pour sugar,Yes,success
pour_sugar,images_a00000662_23_334_3082521848_4d758dc1fb_c.jpg,table,pour sugar,top of table,pour sugar,Yes,success
pour_sugar,images_a00000662_24_332_30246707415_639e48a9c0_c.jpg,plate,pour sugar,top part of plate,use the top part of the plate to pour sugar,Yes,success
pour_sugar,images_a00000662_28_306_3333625230_5944a7e3be_c.jpg,sugar packet,pour sugar,sugar packet,simple action,Yes,success
pour_sugar,images_a00000662_29_305_5452273308_2e58203011_c.jpg,glass,pour sugar,top part of glass,pour sugar into glass,Yes,success
pour_sugar,images_a00000662_2_1426_3422096940_58245a799c_c.jpg,table,pour sugar,surface of table,simple action,Yes,success
pour_sugar,images_a00000662_32_300_3225904208_7b2c978715_c.jpg,spoon,pour sugar,handle of spoon,simple action,Yes,success
pour_sugar,images_a00000662_33_294_9955345034_5675af984f_c.jpg,table,pour sugar,surface of table,simple action,Yes,success
pour_sugar,images_a00000662_33_294_9955345034_5675af984f_c.jpg,cup,pour sugar,inside of cup,simple action,Yes,success
pour_sugar,images_a00000662_3_1193_49248523767_0fc5446168_c.jpg,spoon,pour sugar,handle of spoon,use spoon to pour sugar,Yes,success
pour_sugar,images_a00000662_5_757_6086275622_9f5e7e4c5d_c.jpg,spoon,pour sugar,handle of spoon,use spoon to pour sugar,Yes,success
pour_sugar,images_a00000662_6_740_18154815820_202da85665_c.jpg,glass,pour sugar,top of glass,simple action,Yes,success
pour_sugar,images_a00000662_6_740_18154815820_202da85665_c.jpg,saucer,pour sugar,center of saucer,simple action,Yes,success
pour_sugar,images_a00000848_22_2044_23504987560_f0518f8e6a_c.jpg,spoon,pour sugar,handle of spoon,simple action,Yes,success
pour_sugar,images_a00000848_7_2532_4643767101_9c86cd82db_c.jpg,metal bowl,pour sugar,top of bowl,simple action,Yes,success
pour_sugar,images_a00000854_10_540_2941519981_ce8ece3552_c.jpg,spoon,pour sugar,handle of spoon,simple action,Yes,success
pour_sugar,images_a00000854_12_462_8497508161_45069cbe9c_c.jpg,glass,pour sugar,bottom of glass,pour sugar into glass,Yes,success
pour_sugar,images_a00000854_14_433_6336878891_0af6b1e830_c.jpg,spoon,pour sugar,handle of spoon,hold spoon and pour sugar,Yes,success
pour_sugar,images_a00000854_1_941_49949958157_44fcf64263_c.jpg,spoon,pour sugar,handle of spoon,use spoon to pour sugar,Yes,success
pour_sugar,images_a00000854_22_338_15870940027_fb91459c6b_c.jpg,sugar packet,pour sugar,top of sugar packet,simple action,Yes,success
pour_sugar,images_a00000854_30_291_15318574093_5d3932b06c_c.jpg,spoon,pour sugar,handle of spoon,simple action,Yes,success
pour_sugar,images_a00000854_31_282_33302363064_20b31c1783_c.jpg,table,pour sugar,top surface of table,use table to pour sugar,Yes,success
pour_sugar,images_a00000854_31_282_33302363064_20b31c1783_c.jpg,cups,pour sugar,top of cup,use cup to pour sugar,Yes,success
pour_sugar,images_a00000854_5_761_2711793399_8a4ddcdb9d_c.jpg,spoon,pour sugar,handle of spoon,simple action,Yes,success
pour_sugar,images_a00000854_9_552_59226525_964caa370d_c.jpg,glass,pour sugar,bottom of glass,pour sugar into glass,Yes,success
pour_sugar,images_a00000881_21_860_510464858_7518a4ca50_c.jpg,plate,pour sugar,center of plate,use plate to pour sugar,Yes,success
pour_sugar,images_a00000881_21_860_510464858_7518a4ca50_c.jpg,cup,pour sugar,top right of cup,use cup to pour sugar,Yes,success
pour_sugar,images_a00000881_4_1421_5546252820_683fe2d282_c.jpg,knife,pour sugar,blade of knife,simple action,Yes,success
pour_sugar,images_a00000994_25_1222_3298185911_a1d7b21c7c_c.jpg,hot dog,pour sugar,top of hot dog,simple action,Yes,success
pour_sugar,images_a00001305_9_1351_8516412426_f01c8bb916_c.jpg,spoon,pour sugar,handle of spoon,simple action,Yes,success
pour_sugar,images_a00001644_1_1967_4163220441_6a1557bb09_c.jpg,cup,pour sugar,top of cup,pour sugar into cup,Yes,success
pour_sugar,images_a00001644_5_1800_578622536_b0bedecfb7_c.jpg,napkin,pour sugar,top of napkin,simple action,Yes,success
pour_sugar,images_a00001644_5_1800_578622536_b0bedecfb7_c.jpg,table,pour sugar,top of table,simple action,Yes,success
pour_sugar,images_a00001703_16_1160_49512847256_1d25caa165_c.jpg,spoon,pour sugar,handle of spoon,simple action,Yes,success
pour_sugar,images_a00001703_8_1501_9082150058_222d768113_c.jpg,bottle,pour sugar,top part of bottle,simple action,Yes,success
pour_sugar,images_a00001805_19_2380_3367575254_f3491d59cb_c.jpg,spatula,pour sugar,handle of spatula,use spatula to pour sugar,Yes,success
pour_sugar,images_a00001805_25_2282_2570708440_0cc84acf07_c.jpg,bowl,pour sugar,top of bowl,pour sugar into bowl,Yes,success
pour_sugar,images_a00001805_8_2729_38492343_be6b102975_c.jpg,window,pour sugar,outside of window,pour sugar into window,Yes,success
pour_sugar,images_a00001935_9_1069_506994152_f5371e97a2_c.jpg,spoon,pour sugar,handle of spoon,simple action,Yes,success
pour_sugar,images_a00002047_16_841_448323576_dd2473c655_c.jpg,spoon,pour sugar,handle of spoon,use spoon to pour sugar,Yes,success
pour_sugar,images_a00002047_18_815_6034893861_83c8aa18a5_c.jpg,bowl,pour sugar,bottom of bowl,simple action,Yes,success
pour_sugar,images_a00002047_26_704_28654820150_a7a5e4a852_c.jpg,bowl,pour sugar,bottom of bowl,pour sugar into bowl,Yes,success
pour_sugar,images_a00002047_26_704_28654820150_a7a5e4a852_c.jpg,spoon,pour sugar,handle of spoon,lift spoon and pour sugar,Yes,success
pour_sugar,images_a00002047_29_693_437324192_d89538ceab_c.jpg,bowl,pour sugar,top part of bowl,simple action,Yes,success
pour_sugar,images_a00002047_31_679_367235615_d55746994a_c.jpg,spoon,pour sugar,handle of spoon,hold spoon and pour sugar,Yes,success
pour_sugar,images_a00002047_32_678_16488647287_133d358f15_c.jpg,spoon,pour sugar,handle of spoon,simple action,Yes,success
pour_sugar,images_a00002136_5_2714_7259325970_4eda96cbdd_c.jpg,bowl,pour sugar,top of bowl,simple action,Yes,success
pour_sugar,images_a00002186_28_995_6247233554_d197836016_c.jpg,bottle,pour sugar,top part of bottle,pour sugar,Yes,success
pour_sugar,images_a00002186_30_955_2893866617_a37afbbd0b_c.jpg,butter dish,pour sugar,top part of butter dish,pour sugar into the dish,Yes,success
pour_sugar,images_a00002209_7_608_12608281344_137068edd5_c.jpg,spoon,pour sugar,handle of spoon,hold spoon and pour sugar,Yes,success
pour_sugar,images_a00002209_8_522_317210665_507105bc28_c.jpg,bowl,pour sugar,inside of bowl,simple action,Yes,success
pour_sugar,images_a00002233_19_1334_4579245727_4672a106a8_c.jpg,microwave,pour sugar,top of microwave,simple action,Yes,success
pour_sugar,images_a00002233_29_1133_2761981161_4e24a45483_c.jpg,bowl,pour sugar,bottom of bowl,pour sugar into bowl,Yes,success
pour_sugar,images_a00002233_29_1133_2761981161_4e24a45483_c.jpg,plastic cup,pour sugar,top of cup,pour sugar into cup,Yes,success
pour_sugar,images_a00002250_9_895_897053507_50f12ced50_c.jpg,spoon,pour sugar,handle of spoon,simple action,Yes,success
pour_sugar,images_a00002285_8_2055_2809340521_2a2f890996_c.jpg,bowl,pour sugar,top part of bowl,simple action,Yes,success
pour_sugar,images_a00002285_9_1802_14749596708_39243cb76f_c.jpg,bottle,pour sugar,top part of bottle,simple action,Yes,success
pour_sugar,images_a00002326_10_1963_8246629352_d4e94a0c56_c.jpg,jar,pour sugar,top of jar,pour sugar into jar,Yes,success
pour_sugar,images_a00002326_10_1963_8246629352_d4e94a0c56_c.jpg,sugar,,,,No,success
pour_sugar,images_a00002326_1_2569_29917115235_e55edc6969_c.jpg,pot,pour sugar,top of pot,simple action,Yes,success
pour_sugar,images_a00002326_23_1706_7530744244_49caab69af_c.jpg,spoon,pour sugar,handle of spoon,simple action,Yes,success
pour_sugar,images_a00002326_4_2106_2690439411_78ffb377c3_c.jpg,spoon,pour sugar,handle of spoon,simple action,Yes,success
pour_sugar,images_a00002684_20_800_5990267646_670db41f50_c.jpg,chopsticks,pour sugar,chopsticks,use chopsticks to pour sugar,Yes,success
pour_sugar,images_a00002684_3_1440_2855107911_478dba5cdf_c.jpg,spoon,pour sugar,handle of spoon,simple action,Yes,success
pour_sugar,images_a00002684_3_1440_2855107911_478dba5cdf_c.jpg,chopsticks,pour sugar,tips of chopsticks,simple action,Yes,success
pour_sugar,images_a00002686_28_671_2511936531_3dd862d694_c.jpg,bowl,pour sugar,inside of bowl,simple action,Yes,success
pour_sugar,images_a00002686_33_638_5302108529_ce673d7b58_c.jpg,table,pour sugar,any part of table,simple action,Yes,success
pour_sugar,images_a00002759_4_776_8144181571_ed6f8f6181_c.jpg,bowl,pour sugar,top of bowl,pour sugar into bowl,Yes,success
pour_sugar,images_a00002775_3_917_8492221208_0626266fdc_c.jpg,bottle,pour sugar,top part of bottle,pour sugar into the bottle,Yes,success
pour_sugar,images_a00002775_4_450_9433066295_2731b5a417_c.jpg,spoon,pour sugar,handle of spoon,simple action,Yes,success
pour_sugar,images_a00002832_16_1013_3153219555_0e9275ba73_c.jpg,glass,pour sugar,top part of glass,pour sugar,Yes,success
pour_sugar,images_a00002832_21_954_9156723019_2b3349f1f8_c.jpg,chopsticks,pour sugar,tips of chopsticks,use chopsticks to hold sugar,Yes,success
pour_sugar,images_a00002832_21_954_9156723019_2b3349f1f8_c.jpg,tea cup,pour sugar,inside of tea cup,pour sugar into tea cup,Yes,success
pour_sugar,images_a00002832_28_862_3439575411_2fcb72c707_c.jpg,bowl,pour sugar,top part of bowl,simple action,Yes,success
pour_sugar,images_a00002886_10_872_3625747255_9d43777970_c.jpg,bowl,pour sugar,top part of bowl,pour sugar into bowl,Yes,success
pour_sugar,images_a00002886_14_801_1395359576_fd4a101b4f_c.jpg,bowl,pour sugar,inside of bowl,pour sugar,Yes,success
pour_sugar,images_a00002886_22_737_15301692459_3df1b6c096_c.jpg,bowl,pour sugar,top part of bowl,pour sugar into bowl,Yes,success
pour_sugar,images_a00002886_31_665_14642931852_66a23f0aa4_c.jpg,tea cup,pour sugar,top part of cup,pour sugar into cup,Yes,success
pour_sugar,images_a00002886_32_660_6653289377_2b3f950665_c.jpg,bowl,pour sugar,inside of bowl,pour sugar,Yes,success
pour_sugar,images_a00002929_27_284_15957975147_a8cae81d0c_c.jpg,bowl,pour sugar,inside of bowl,pour sugar into bowl,Yes,success
pour_sugar,images_a00002929_27_284_15957975147_a8cae81d0c_c.jpg,bowl,pour sugar,inside of bowl,pour sugar into bowl,Yes,success
pour_sugar,images_a00002929_27_284_15957975147_a8cae81d0c_c.jpg,bowl,pour sugar,inside of bowl,pour sugar into bowl,Yes,success
pour_sugar,images_a00002929_27_284_15957975147_a8cae81d0c_c.jpg,bowl,pour sugar,inside of bowl,pour sugar into bowl,Yes,success
pour_sugar,images_a00002965_15_1179_3352047559_2c06253c02_c.jpg,bowl,pour sugar,top part of bowl,pour sugar into bowl,Yes,success
pour_sugar,images_a00002965_17_1164_3872444920_39d0571403_c.jpg,glass,pour sugar,top part of glass,simple action,Yes,success
pour_sugar,images_a00002965_29_994_8363540696_0e698728b4_c.jpg,bowl,pour sugar,inside of bowl,pour sugar into bowl,Yes,success
pour_sugar,images_a00002965_7_1310_7410865040_cbea2c1277_c.jpg,bowl,pour sugar,inside of bowl,pour sugar into bowl,Yes,success
pour_sugar,images_a00003012_25_1398_7520953938_edab0a0eea_c.jpg,jar,pour sugar,top of jar,pour sugar into jar,Yes,success
pour_sugar,images_a00003012_28_1375_4931454216_9a66fcc012_c.jpg,glass,pour sugar,bottom of glass,pour sugar into glass,Yes,success
pour_sugar,images_a00003087_27_1030_50133326286_290472f439_c.jpg,spoon,pour sugar,handle of spoon,simple action,Yes,success
pour_sugar,images_a00003121_25_1067_16683195203_8724c1eae7_c.jpg,fork,pour sugar,handle of fork,use handle to pour sugar,Yes,success
pour_sugar,images_a00003121_25_1067_16683195203_8724c1eae7_c.jpg,spoon,pour sugar,handle of spoon,use handle to pour sugar,Yes,success
pour_sugar,images_a00003121_27_1055_15942305012_d2436fc674_c.jpg,bowl,pour sugar,bottom of bowl,simple action,Yes,success
pour_sugar,images_a00003121_5_1440_430627791_ddbaefc1eb_c.jpg,bowl,pour sugar,bottom of bowl,pour sugar into bowl,Yes,success
pour_sugar,images_a00003121_5_1440_430627791_ddbaefc1eb_c.jpg,spoon,pour sugar,handle of spoon,hold spoon and pour sugar,Yes,success
pour_sugar,images_a00003121_6_1387_5181738364_cbc06ac83c_c.jpg,pan,pour sugar,bottom of pan,pour sugar into the pan,Yes,success
pour_sugar,images_a00003201_21_1075_4732535188_63ecb80c9f_c.jpg,jar,pour sugar,top of jar,pour sugar into jar,Yes,success
pour_sugar,images_a00003292_12_616_2905341578_982fcbd559_c.jpg,kettle,pour sugar,spout of kettle,pour sugar,Yes,success
pour_sugar,images_a00003292_12_616_2905341578_982fcbd559_c.jpg,pan,pour sugar,handle of pan,pour sugar,Yes,success
pour_sugar,images_a00003292_17_555_3629273627_b9b5aa774f_c.jpg,table,pour sugar,surface of table,pour sugar,Yes,success
pour_sugar,images_a00003434_18_133_16021825074_97ebe2e728_c.jpg,tea cup,pour sugar,inside of tea cup,pour sugar into the cup,Yes,success
pour_sugar,images_a00003434_18_133_16021825074_97ebe2e728_c.jpg,tea bag,pour sugar,string of tea bag,pull the tea bag out of the cup,Yes,success
pour_sugar,images_a00003436_6_436_12822448285_41df85541c_c.jpg,bowl,pour sugar,bottom of bowl,simple action,Yes,success
pour_sugar,images_a00003436_6_436_12822448285_41df85541c_c.jpg,spoon,pour sugar,handle of spoon,simple action,Yes,success
pour_sugar,images_a00003463_13_1788_51079055651_4efb7df05d_c.jpg,wooden spoon,pour sugar,handle of wooden spoon,hold wooden spoon,Yes,success
pour_sugar,images_a00003463_25_1601_4548472159_0157d11f49_c.jpg,knife,pour sugar,blade of knife,simple action,Yes,success
pour_sugar,images_a00003463_25_1601_4548472159_0157d11f49_c.jpg,fork,pour sugar,handle of fork,simple action,Yes,success
pour_sugar,images_a00003481_0_2053_6629935729_7aefbe831f_c.jpg,wooden spoon,pour sugar,handle of wooden spoon,hold wooden spoon,Yes,success
pour_sugar,images_a00003481_23_664_6946634707_82f7650aa8_c.jpg,plate,pour sugar,surface of plate,pour sugar,Yes,success
pour_sugar,images_a00003493_2_1235_3409507188_2bce873b2b_c.jpg,spoon,pour sugar,handle of spoon,simple action,Yes,success
pour_sugar,images_a00003493_2_1235_3409507188_2bce873b2b_c.jpg,fork,pour sugar,handle of fork,simple action,Yes,success
pour_sugar,images_a00003969_10_2790_12504214964_e528b66d0b_c.jpg,candle,pour sugar,candle holder,simple action,Yes,success
pour_sugar,images_a00003969_15_2741_17789300899_1e1b351f7f_c.jpg,table,pour sugar,surface of table,simple action,Yes,success
pour_sugar,images_a00003969_15_2741_17789300899_1e1b351f7f_c.jpg,chair,pour sugar,seat of chair,simple action,Yes,success
pour_sugar,images_a00003969_1_2909_16929247221_98b5912306_c.jpg,spoon,pour sugar,handle of spoon,hold spoon and pour sugar,Yes,success
pour_sugar,images_a00003969_21_2661_23129209464_be73ff615c_c.jpg,candle,pour sugar,top of candle,simple action,Yes,success
pour_sugar,images_a00003969_22_2650_22996313613_17438722c0_c.jpg,bottle,pour sugar,top part of bottle,pour sugar,Yes,success
pour_sugar,images_a00003969_27_2602_16904349916_ed9e084ed7_c.jpg,saltshaker,pour sugar,top part of shaker,pour sugar,Yes,success
pour_sugar,images_a00003969_27_2602_16904349916_ed9e084ed7_c.jpg,peppershaker,pour sugar,top part of shaker,pour sugar,Yes,success
pour_sugar,images_a00003969_4_2850_16723018577_6dfee83a86_c.jpg,table,pour sugar,surface of table,simple action,Yes,success
pour_sugar,images_a00003969_6_2829_14230752234_7b31dbf2b7_c.jpg,wine glass,pour sugar,top of glass,pour sugar into glass,Yes,success
pour_sugar,images_a00003969_7_2827_20157602681_4f41715ba7_c.jpg,saltshaker,pour sugar,top part of saltshaker,simple action,Yes,success
pour_sugar,images_a00003969_7_2827_20157602681_4f41715ba7_c.jpg,peppershaker,pour sugar,top part of peppershaker,simple action,Yes,success
pour_sugar,images_a00004221_10_1480_2852105844_01ec7833ef_c.jpg,pan,pour sugar,handle of pan,simple action,Yes,success
pour_sugar,images_a00004221_17_1355_3807767057_c5031367aa_c.jpg,pan,pour sugar,bottom of pan,pour sugar into pan,Yes,success
pour_sugar,images_a00004221_26_1261_8599428118_2789df5b4b_c.jpg,bowl,pour sugar,top part of bowl,pour sugar into bowl,Yes,success
pour_sugar,images_a00004221_7_1666_4625985199_f11e309a83_c.jpg,spatula,pour sugar,handle of spatula,hold spatula and pour sugar,Yes,success
pour_sugar,images_a00004224_11_818_9723176639_aa6f3c3923_c.jpg,spoon,pour sugar,handle of spoon,use spoon to pour sugar,Yes,success
pour_sugar,images_a00004224_11_818_9723176639_aa6f3c3923_c.jpg,muffin tin,pour sugar,bottom of muffin tin,use muffin tin to pour sugar,Yes,success
pour_sugar,images_a00004966_0_1343_8824439966_b5eb6bebdd_c.jpg,keyboard,pour sugar,space bar area,press key,Yes,success
pour_sugar,images_a00004966_0_1343_8824439966_b5eb6bebdd_c.jpg,mouse,pour sugar,scroll wheel area,click,Yes,success
pour_sugar,images_a00006207_0_2573_1514255359_8c4c61b35e_c.jpg,bottle,pour sugar,top part of bottle,pour sugar into container,Yes,success
pour_sugar,images_a00006207_34_1242_17035365905_ffe3a8f61f_c.jpg,spoon,pour sugar,handle of spoon,use handle to pour sugar,Yes,success
pour_sugar,images_a00006207_7_1904_27580057759_1269c629b1_c.jpg,bowl,pour sugar,top of bowl,simple action,Yes,success
pour_sugar,images_a00006215_22_1510_5633969284_03a6cb3353_c.jpg,bowl,pour sugar,top part of bowl,pour sugar into bowl,Yes,success
pour_sugar,images_a00006215_29_1394_11431143783_6924ac02f6_c.jpg,bowl,pour sugar,top part of bowl,pour sugar into bowl,Yes,success
pour_sugar,images_a00006215_2_2428_9405934366_99b161c3af_c.jpg,bowl,pour sugar,bottom of bowl,simple action,Yes,success
pour_sugar,images_a00006216_9_2528_9590240693_7507e117e0_c.jpg,plate,pour sugar,top of plate,simple action,Yes,success
pour_sugar,images_a00006217_16_1260_34852308895_b59a01f7af_c.jpg,bowl,pour sugar,bottom of bowl,pour sugar,Yes,success
pour_sugar,images_a00006217_16_1260_34852308895_b59a01f7af_c.jpg,glass,pour sugar,top of glass,pour sugar,Yes,success
pour_sugar,images_a00006217_19_1147_4935209251_a296cfbf71_c.jpg,bottle,pour sugar,top part of bottle,pour sugar into cup,Yes,success
pour_sugar,images_a00006217_1_2088_3600252509_8ef9854237_c.jpg,bottle,pour sugar,top part of bottle,pour sugar into glass,Yes,success
pour_sugar,images_a00006217_22_1138_4210325976_3bf747f764_c.jpg,spoon,pour sugar,handle of spoon,hold spoon,Yes,success
pour_sugar,images_a00006217_27_1042_7458322796_7534ef70f1_c.jpg,bowl,pour sugar,top part of bowl,simple action,Yes,success
pour_sugar,images_a00006217_28_1022_2991667169_9e297f4a7b_c.jpg,spoon,pour sugar,handle of spoon,simple action,Yes,success
pour_sugar,images_a00006217_33_953_2037100112_85a0a3ae79_c.jpg,glass,pour sugar,top part of glass,pour sugar into glass,Yes,success
pour_sugar,images_a00006217_34_950_2485415576_1564008e67_c.jpg,bottle,pour sugar,top part of bottle,pour sugar into the bottle,Yes,success
pour_sugar,images_a00006217_4_1800_5109089526_666163f80f_c.jpg,spoon,pour sugar,handle of spoon,use spoon to pour sugar,Yes,success
pour_sugar,images_a00006217_5_1706_5210385586_db7eb0f594_c.jpg,spoon,pour sugar,handle of spoon,simple action,Yes,success
pour_sugar,images_a00006231_4_1050_19118209098_3d358aba5c_c.jpg,spoon,pour sugar,handle of spoon,use handle to pour sugar,Yes,success
pour_sugar,images_a00006238_14_2470_4862870787_6914805510_c.jpg,bottle,pour sugar,top part of bottle,pour sugar into bowl,Yes,success
pour_sugar,images_a00006238_19_2438_3108239426_dc51152084_c.jpg,bowl,pour sugar,top of bowl,pour sugar into bowl,Yes,success
pour_sugar,images_a00006240_12_2401_5175943641_c26afce58a_c.jpg,bowl,pour sugar,bottom part of bowl,pour sugar into bowl,Yes,success
pour_sugar,images_a00006240_13_2384_27391291745_c9d2469c08_c.jpg,bowl,pour sugar,top of bowl,pour sugar into bowl,Yes,success
pour_sugar,images_a00006240_14_2330_16676952107_2c90a658eb_c.jpg,chopsticks,pour sugar,handle of chopsticks,hold chopsticks,Yes,success
pour_sugar,images_a00006240_15_2320_6242488142_5847c2711b_c.jpg,bowl,pour sugar,top of bowl,pour sugar into bowl,Yes,success
pour_sugar,images_a00006240_16_2302_32986867055_1ff324d636_c.jpg,bottle,pour sugar,top part of bottle,pour sugar,Yes,success
pour_sugar,images_a00006240_21_2158_6228787935_45feb8d30c_c.jpg,bowl,pour sugar,inside of bowl,pour sugar into bowl,Yes,success
pour_sugar,images_a00006240_34_2031_16165827519_bb2e706d6c_c.jpg,bowl,pour sugar,inside of bowl,pour sugar into bowl,Yes,success
pour_sugar,images_a00007302_3_738_4105113826_77d2b24e7e_c.jpg,spoon,pour sugar,handle of spoon,simple action,Yes,success
pour_sugar,images_a00007772_30_787_6116619101_69abf9b231_c.jpg,bottle,pour sugar,top part of bottle,pour sugar into the dish,Yes,success
pour_sugar,images_a00008031_11_224_51373913999_37aa35c249_c.jpg,table,pour sugar,top surface of table,use table to pour sugar,Yes,success
pour_sugar,images_a00008031_11_224_51373913999_37aa35c249_c.jpg,cup,pour sugar,top surface of cup,use cup to pour sugar,Yes,success
pour_sugar,images_a00008618_4_571_15795831787_7fcbdce7da_c.jpg,plastic bag,pour sugar,top of bag,pour sugar,Yes,success
pour_sugar,images_a00008956_18_186_3763813580_a0ce2087af_c.jpg,sugar bowl,pour sugar,top of sugar bowl,pour sugar into bowl,Yes,success
pour_sugar,images_a00010921_20_116_5787494866_dc93c486ce_c.jpg,glass,pour sugar,top surface of glass,pour sugar from glass,Yes,success
pour_sugar,images_a00013144_2_1685_13917383562_76c96efe63_c.jpg,spoon,pour sugar,handle of spoon,simple action,Yes,success
pour_sugar,images_a00014010_0_1542_5874509875_6f2f67b22d_c.jpg,bowl,pour sugar,top of bowl,pour sugar into bowl,Yes,success
pour_sugar,images_n01464844_33_358_5237827689_ca6dcc4051_c.jpg,bowl,pour sugar,inside of bowl,simple action,Yes,success
pour_sugar,images_n01464844_33_358_5237827689_ca6dcc4051_c.jpg,measuring cup,pour sugar,inside of measuring cup,simple action,Yes,success
pour_sugar,images_n01464844_33_358_5237827689_ca6dcc4051_c.jpg,mixing bowl,pour sugar,inside of mixing bowl,simple action,Yes,success
pour_sugar,images_n01484285_10_1844_5479174300_3906b9f612_c.jpg,spoon,pour sugar,handle of spoon,simple action,Yes,success
pour_sugar,images_n01484285_12_1693_5478648509_c79c6a583e_c.jpg,scale,pour sugar,scale's surface,simple action,Yes,success
pour_sugar,images_n01484285_33_656_5479188176_7199c60fa1_c.jpg,bottle,pour sugar,top part of bottle,pour sugar,Yes,success
pour_sugar,images_n01484285_6_2055_5478614145_56070b1128_c.jpg,spoon,pour sugar,handle of spoon,simple action,Yes,success
pour_sugar,images_n01539925_16_623_2657740045_e225f776ed_c.jpg,fork,pour sugar,handle of fork,simple action,Yes,success
pour_sugar,images_n01579729_17_623_16239843830_59ebe93e31_c.jpg,glass,pour sugar,top part of glass,pour sugar into glass,Yes,success
pour_sugar,images_n01579729_17_623_16239843830_59ebe93e31_c.jpg,table,pour sugar,surface of table,pour sugar onto table,Yes,success
pour_sugar,images_n01587526_27_510_3251935525_bcd9686391_c.jpg,bird feeder,pour sugar,bird feeder,pour sugar into bird feeder,Yes,success
pour_sugar,images_n01801876_7_780_51335846956_3b7403a724_c.jpg,spoon,pour sugar,handle of spoon,use spoon to pour sugar,Yes,success
pour_sugar,images_n01956481_16_1044_34333534076_4dd26ca070_c.jpg,metal pan,pour sugar,top of pan,pour sugar into pan,Yes,success
pour_sugar,images_n01958346_24_565_3805123754_9b0ccde96c_c.jpg,bowl,pour sugar,bottom of bowl,simple action,Yes,success
pour_sugar,images_n01958346_25_554_2828695529_1f998d31fe_c.jpg,jar,pour sugar,top of jar,pour sugar into jar,Yes,success
pour_sugar,images_n01958346_5_1012_29396166616_574fcdc226_c.jpg,plate,pour sugar,center of plate,simple action,Yes,success
pour_sugar,images_n01958435_10_518_15662910524_4623a0e8b0_c.jpg,cup,pour sugar,contents of cup,simple action,Yes,success
pour_sugar,images_n01958435_29_351_4048704022_1f735e078c_c.jpg,plate,pour sugar,top of plate,pour sugar,Yes,success
pour_sugar,images_n01959985_28_964_359388647_58ac0d2c59_c.jpg,plate,pour sugar,top of plate,pour sugar,Yes,success
pour_sugar,images_n01959985_2_1561_3962115118_3a73361637_c.jpg,table,pour sugar,any surface of the table,simple action,Yes,success
pour_sugar,images_n01961234_11_1073_5423125509_ebfb35ccf0_c.jpg,table,pour sugar,surface of table,simple action,Yes,success
pour_sugar,images_n01961234_11_1073_5423125509_ebfb35ccf0_c.jpg,napkin,pour sugar,folded edge of napkin,simple action,Yes,success
pour_sugar,images_n01961234_15_838_4178109639_ab4c2d675a_c.jpg,glass,pour sugar,top part of glass,pour sugar into glass,Yes,success
pour_sugar,images_n01961234_17_815_7206350766_7b2878a049_c.jpg,glass,pour sugar,top part of glass,pour sugar into glass,Yes,success
pour_sugar,images_n01965889_16_728_3964101421_8cf286e000_c.jpg,wine glass,pour sugar,top of wine glass,simple action,Yes,success
pour_sugar,images_n01966586_31_403_6657437305_7b82e6646b_c.jpg,spoon,pour sugar,handle of spoon,simple action,Yes,success
pour_sugar,images_n01977485_29_1365_3288279363_4f7c934a2c_c.jpg,glass,pour sugar,upper part of glass,pour sugar into glass,Yes,success
pour_sugar,images_n01978930_13_932_2735486076_160363a711_c.jpg,plate,pour sugar,top of plate,pour sugar onto plate,Yes,success
pour_sugar,images_n01981276_12_2288_4402056412_37771d77e8_c.jpg,,,,,No,success
pour_sugar,images_n01981276_25_2045_5549139516_9bf6a0f3e8_c.jpg,plate,pour sugar,surface of plate,simple action,Yes,success
pour_sugar,images_n01982650_8_1419_405267594_0c64848f3f_c.jpg,bottle,pour sugar,top part of bottle,pour sugar,Yes,success
pour_sugar,images_n01983481_0_1867_2839260740_8e139f82c4_c.jpg,bottle,pour sugar,bottom part of bottle,pour sugar,Yes,success
pour_sugar,images_n01983481_28_544_8148443067_51fb373009_c.jpg,spoon,pour sugar,handle of spoon,simple action,Yes,success
pour_sugar,images_n01983481_5_1007_21358783025_58f4065cba_c.jpg,wine glass,pour sugar,base of wine glass,simple action,Yes,success
pour_sugar,images_n01984245_3_1530_5551246106_29d0fdd643_c.jpg,pan,pour sugar,bottom of pan,simple action,Yes,success
pour_sugar,images_n02113978_32_839_3404985607_99e2ca4170_c.jpg,candle,pour sugar,top of candle,simple action,Yes,success
pour_sugar,images_n02262803_27_237_15774162521_26b8d4ca16_c.jpg,spoon,pour sugar,handle of spoon,hold spoon,Yes,success
pour_sugar,images_n02312175_18_1030_5659742417_8e66182894_c.jpg,spoon,pour sugar,handle of spoon,simple action,Yes,success
pour_sugar,images_n02451125_19_272_12321300244_b6a66a6309_c.jpg,bottle,pour sugar,top part of bottle,pour sugar,Yes,success
pour_sugar,images_n02530052_33_414_3276562578_cf908d96b4_c.jpg,plate,pour sugar,center of plate,simple action,Yes,success
pour_sugar,images_n02537525_1_806_2819814879_9516078d91_c.jpg,spoon,pour sugar,handle of spoon,simple action,Yes,success
pour_sugar,images_n02541257_0_1770_49987823356_f99c00395f_c.jpg,fork,pour sugar,handle of fork,simple action,Yes,success
pour_sugar,images_n02551668_5_1206_23831726566_8918c98c6f_c.jpg,glass,pour sugar,top part of glass,pour sugar into glass,Yes,success
pour_sugar,images_n02578928_18_872_11699623535_4af147751a_c.jpg,bowl,pour sugar,inside bowl,simple action,Yes,success
pour_sugar,images_n02578928_18_872_11699623535_4af147751a_c.jpg,pan,pour sugar,inside pan,simple action,Yes,success
pour_sugar,images_n02582721_16_789_2476632911_21d3af94da_c.jpg,plate,pour sugar,top of plate,simple action,Yes,success
pour_sugar,images_n02582721_16_789_2476632911_21d3af94da_c.jpg,spoon,pour sugar,handle of spoon,simple action,Yes,success
pour_sugar,images_n02582721_5_1155_1259441949_9df0b45aae_c.jpg,bottle,pour sugar,top part of bottle,simple action,Yes,success
pour_sugar,images_n02582721_8_959_1570560222_f38980aa7b_c.jpg,spoon,pour sugar,handle of spoon,simple action,Yes,success
pour_sugar,images_n03163381_8_2434_28202862319_e68c6a360e_c.jpg,spoon,pour sugar,handle of spoon,simple action,Yes,success
pour_sugar,images_n03201035_15_2293_5319239344_95f170f96e_c.jpg,saltshaker,pour sugar,top part of saltshaker,simple action,Yes,success
pour_sugar,images_n03201035_15_2293_5319239344_95f170f96e_c.jpg,peppershaker,pour sugar,top part of peppershaker,simple action,Yes,success
pour_sugar,images_n03201035_30_1954_10980924773_f15e837362_c.jpg,bottle,pour sugar,top part of bottle,pour sugar into glass,Yes,success
pour_sugar,images_n03201208_15_2646_4567990279_8cf008c828_c.jpg,wine glass,pour sugar,top part of wine glass,pour sugar into wine glass,Yes,success
pour_sugar,images_n03201208_18_2635_3542203648_693047d868_c.jpg,candle,pour sugar,candle,simple action,Yes,success
pour_sugar,images_n03201208_26_2544_4168183834_8f364cd9fa_c.jpg,bottle,pour sugar,top part of bottle,pour sugar,Yes,success
pour_sugar,images_n03201208_7_2791_31508655860_0483b4d58d_c.jpg,bottle,pour sugar,bottom part of bottle,pour sugar into glass,Yes,success
pour_sugar,images_n03202354_11_2926_32918026_8a7ef3c428_c.jpg,wine glass,pour sugar,top part of glass,pour sugar,Yes,success
pour_sugar,images_n03202354_34_2769_69245713_6320e06237_c.jpg,wine glass,pour sugar,stem of wine glass,pour sugar into wine glass,Yes,success
pour_sugar,images_n03207630_24_904_6036205747_efcf368e5c_c.jpg,spatula,pour sugar,handle of spatula,simple action,Yes,success
pour_sugar,images_n03207630_25_898_2440834825_b79cd3bdd7_c.jpg,spoon,pour sugar,handle of spoon,simple action,Yes,success
pour_sugar,images_n03207630_34_787_5992511584_dcff8e57ff_c.jpg,sink,pour sugar,area around faucet,use faucet to pour sugar,Yes,success
pour_sugar,images_n03207630_34_787_5992511584_dcff8e57ff_c.jpg,soap dish,pour sugar,area around soap,use soap dish to pour sugar,Yes,success
pour_sugar,images_n03207630_3_1283_5587839141_f17e918906_c.jpg,spoon,pour sugar,handle of spoon,simple action,Yes,success
pour_sugar,images_n03207630_3_1283_5587839141_f17e918906_c.jpg,spatula,pour sugar,handle of spatula,simple action,Yes,success
pour_sugar,images_n03207630_9_1064_8088429916_147e20b74b_c.jpg,bottle,pour sugar,top part of bottle,pour sugar from bottle,Yes,success
pour_sugar,images_n03207941_27_1400_12257447885_9ef23a9ec8_c.jpg,bowl,pour sugar,center of bowl,simple action,Yes,success
pour_sugar,images_n03207941_27_1400_12257447885_9ef23a9ec8_c.jpg,plate,pour sugar,center of plate,simple action,Yes,success
pour_sugar,images_n03246933_0_1679_51185054715_50db66819f_c.jpg,teapot,pour sugar,top of teapot,pour sugar into cup,Yes,success
pour_sugar,images_n03292603_10_1894_30708573020_c6498872cf_c.jpg,spoon,pour sugar,handle of spoon,simple action,Yes,success
pour_sugar,images_n03292603_10_1894_30708573020_c6498872cf_c.jpg,bowl,pour sugar,base of bowl,simple action,Yes,success
pour_sugar,images_n03292603_34_1294_6998707454_537f2950f7_c.jpg,bowl,pour sugar,top of bowl,simple action,Yes,success
pour_sugar,images_n03292603_3_2337_4595455813_656218b1d1_c.jpg,table,pour sugar,surface of table,simple action,Yes,success
pour_sugar,images_n03292603_3_2337_4595455813_656218b1d1_c.jpg,chair,pour sugar,back of chair,simple action,Yes,success
pour_sugar,images_n03292603_9_1978_30974758076_c36897da51_c.jpg,spoon,pour sugar,handle of spoon,simple action,Yes,success
pour_sugar,images_n03325088_13_566_146410167_1d509a6a23_c.jpg,sink,pour sugar,spout of sink,pour sugar,Yes,success
pour_sugar,images_n03366823_29_137_5617508399_b8a03178df_c.jpg,wooden spoon,pour sugar,handle of wooden spoon,hold wooden spoon,Yes,success
pour_sugar,images_n03403643_0_1350_28676253454_9ceee9254d_c.jpg,beer glass,pour sugar,bottom of glass,pour sugar into glass,Yes,success
pour_sugar,images_n03456024_12_680_3551130419_4858f350b5_c.jpg,plate,pour sugar,center of plate,simple action,Yes,success
pour_sugar,images_n03456024_26_451_45618014342_4e82084c4d_c.jpg,gravy boat,pour sugar,bottom of gravy boat,pour sugar,Yes,success
pour_sugar,images_n03459328_27_1112_3109596838_d1fab1be9b_c.jpg,pan,pour sugar,bottom of pan,pour sugar into pan,Yes,success
pour_sugar,images_n03502200_21_810_9654350477_7f2f38aef7_c.jpg,spoon,pour sugar,handle of spoon,use spoon to pour sugar,Yes,success
pour_sugar,images_n03507241_34_1007_36786170_bcfa1c15fd_c.jpg,spoon,pour sugar,handle of spoon,hold spoon,Yes,success
pour_sugar,images_n03507241_34_1007_36786170_bcfa1c15fd_c.jpg,pan,pour sugar,handle of pan,hold pan,Yes,success
pour_sugar,images_n03518445_19_1106_2740250048_b5e7916437_c.jpg,microwave,pour sugar,top of microwave,simple action,Yes,success
pour_sugar,images_n03518445_19_1106_2740250048_b5e7916437_c.jpg,sink,pour sugar,edge of sink,simple action,Yes,success
pour_sugar,images_n03518445_4_1342_11811749083_c69278c3ed_c.jpg,mug,pour sugar,top of mug,pour sugar from mug,Yes,success
pour_sugar,images_n03520493_2_2209_4329339349_848c4db39c_c.jpg,table,pour sugar,top surface of table,simple action,Yes,success
pour_sugar,images_n03543735_14_409_43485011951_4caa8e2a46_c.jpg,rolling pin,pour sugar,top part of rolling pin,simple action,Yes,success
pour_sugar,images_n03620889_22_1324_3507111246_3ff237746a_c.jpg,sink,pour sugar,area around the sink where sugar can be poured,simple action,Yes,success
pour_sugar,images_n03733925_0_2365_9802796703_f1348db939_c.jpg,bottle,pour sugar,top part of bottle,simple action,Yes,success
pour_sugar,images_n03733925_1_1191_38402635116_9b9a33da4b_c.jpg,lanyard,pour sugar,area around neck,hold lanyard,Yes,success
pour_sugar,images_n03733925_1_1191_38402635116_9b9a33da4b_c.jpg,watch,pour sugar,wrist,hold watch,Yes,success
pour_sugar,images_n03733925_3_923_8680640765_8579af0dc4_c.jpg,cable,pour sugar,end of cable,simple action,Yes,success
pour_sugar,images_n03775546_33_820_51197024871_0485d7ec7d_c.jpg,spoon,pour sugar,handle of spoon,simple action,Yes,success
pour_sugar,images_n03941684_2_1629_32955635732_fe366ba684_c.jpg,fork,pour sugar,handle of fork,simple action,Yes,success
pour_sugar,images_n03952886_18_583_15469266581_a349254fed_c.jpg,table,pour sugar,top surface of table,pour sugar from container onto table,Yes,success
pour_sugar,images_n03952886_33_468_16895858381_ef27d68d57_c.jpg,plate,pour sugar,top part of plate,simple action,Yes,success
pour_sugar,images_n03952886_33_468_16895858381_ef27d68d57_c.jpg,bowl,pour sugar,top part of bowl,simple action,Yes,success
pour_sugar,images_n03984643_9_1154_3647534915_4cfbc79be9_c.jpg,glasses,pour sugar,top part of glasses,pour sugar,Yes,success
pour_sugar,images_n04001265_5_1291_9498548601_139d07015d_c.jpg,spoon,pour sugar,handle of spoon,simple action,Yes,success
pour_sugar,images_n04023695_0_2066_17393785618_8dcaf347d1_c.jpg,cup,pour sugar,top of cup,simple action,Yes,success
pour_sugar,images_n04023695_12_961_5226522371_96d69a4f63_c.jpg,bowl,pour sugar,bottom of bowl,pour sugar into bowl,Yes,success
pour_sugar,images_n04023695_19_734_15980608507_42ecd4332c_c.jpg,bowl,pour sugar,center of bowl,simple action,Yes,success
pour_sugar,images_n04023695_33_572_3931032857_83b117ef0e_c.jpg,spoon,pour sugar,handle of spoon,simple action,Yes,success
pour_sugar,images_n04023695_8_1248_164038269_caf8ae5774_c.jpg,bottle,pour sugar,top part of bottle,pour sugar into the bowl,Yes,success
pour_sugar,images_n04033801_13_257_6565372855_e6b40465ba_c.jpg,bowl,pour sugar,top of bowl,pour sugar into bowl,Yes,success
pour_sugar,images_n04138977_18_849_9113422737_0678992517_c.jpg,pan,pour sugar,bottom of pan,pour sugar,Yes,success
pour_sugar,images_n04138977_31_749_22004938236_e6410b3409_c.jpg,pot,pour sugar,top of pot,pour sugar into pot,Yes,success
pour_sugar,images_n04223580_14_649_68417353_46c336ec41_c.jpg,spoon,pour sugar,handle of spoon,lift spoon,Yes,success
pour_sugar,images_n04239436_31_567_2214390839_b1b9c3346b_c.jpg,bottle,pour sugar,top part of bottle,pour sugar,Yes,success
pour_sugar,images_n04263257_29_1340_6791356131_f941aab95a_c.jpg,spoon,pour sugar,handle of spoon,use spoon to pour sugar,Yes,success
pour_sugar,images_n04263257_31_1319_6791323393_536792d0bd_c.jpg,bowl,pour sugar,top part of bowl,simple action,Yes,success
pour_sugar,images_n04263257_31_1319_6791323393_536792d0bd_c.jpg,cup,pour sugar,top part of cup,simple action,Yes,success
pour_sugar,images_n04284002_11_712_1469735711_a10a2745c5_c.jpg,spoon,pour sugar,handle of spoon,simple action,Yes,success
pour_sugar,images_n04284002_11_712_1469735711_a10a2745c5_c.jpg,fork,pour sugar,handle of fork,simple action,Yes,success
pour_sugar,images_n04284002_13_623_529237688_b9326690d6_c.jpg,spoons,pour sugar,handle of spoon,lift spoon to pour sugar,Yes,success
pour_sugar,images_n04284002_14_615_124341341_51b083225b_c.jpg,spoons,pour sugar,handle of spoon,hold spoon and pour sugar,Yes,success
pour_sugar,images_n04284002_20_514_14171221893_e54f66662f_c.jpg,wooden spoon,pour sugar,handle of spoon,grasp handle and pour sugar,Yes,success
pour_sugar,images_n04284002_21_498_8500918143_ae0eeab0d8_c.jpg,spoons,pour sugar,handle of spoon,lift and pour sugar,Yes,success
pour_sugar,images_n04284002_23_463_2806552653_6d33725648_c.jpg,spoon,pour sugar,handle of spoon,hold spoon with handle,Yes,success
pour_sugar,images_n04284002_29_428_232072232_9416faef67_c.jpg,wooden spoon,pour sugar,handle of spoon,simple action,Yes,success
pour_sugar,images_n04284002_31_419_14536380_321b90eacd_c.jpg,spoon,pour sugar,spoon bowl,pour sugar,Yes,success
pour_sugar,images_n04284002_32_413_428311971_58bbccd644_c.jpg,spoons,pour sugar,handle of spoon,lift and pour sugar,Yes,success
pour_sugar,images_n04284002_5_980_27236715651_f22d905090_c.jpg,spoon,pour sugar,handle of spoon,lift and tilt,Yes,success
pour_sugar,images_n04284002_5_980_27236715651_f22d905090_c.jpg,fork,pour sugar,handle of fork,lift and tilt,Yes,success
pour_sugar,images_n04284002_7_910_46173380_299a73fef3_c.jpg,spoons,pour sugar,handle of spoon,hold spoon and pour sugar,Yes,success
pour_sugar,images_n04284002_8_824_4018515965_be3088a5da_c.jpg,spoon,pour sugar,handle of spoon,simple action,Yes,success
pour_sugar,images_n04284438_31_517_4646849149_d44674f311_c.jpg,spoon,pour sugar,handle of spoon,simple action,Yes,success
pour_sugar,images_n04284438_31_517_4646849149_d44674f311_c.jpg,fork,pour sugar,handle of fork,simple action,Yes,success
pour_sugar,images_n04284438_31_517_4646849149_d44674f311_c.jpg,knife,pour sugar,handle of knife,simple action,Yes,success
pour_sugar,images_n04284438_9_777_6256772991_6404a64bf7_c.jpg,cup,pour sugar,top part of cup,lift cup,Yes,success
pour_sugar,images_n04379964_13_2288_34532706572_5a3ea4cdb8_c.jpg,table,pour sugar,surface of table,simple action,Yes,success
pour_sugar,images_n04379964_1_2897_2872082932_446c15afba_c.jpg,bowl,pour sugar,center of bowl,simple action,Yes,success
pour_sugar,images_n04379964_21_2070_2056791148_b32bb2fc67_c.jpg,wine bottle,pour sugar,top part of bottle,simple action,Yes,success
pour_sugar,images_n04379964_25_2049_437821445_0a0f6b672f_c.jpg,table,pour sugar,table surface,simple action,Yes,success
pour_sugar,images_n04379964_25_2049_437821445_0a0f6b672f_c.jpg,wine glass,pour sugar,glass body,simple action,Yes,success
pour_sugar,images_n04379964_28_1998_2150041247_6177bf4a25_c.jpg,bottle,pour sugar,top part of bottle,pour sugar from bottle,Yes,success
pour_sugar,images_n04380346_21_857_4491783069_5e29d73326_c.jpg,knife,pour sugar,blade,simple action,Yes,success
pour_sugar,images_n04380346_26_836_8486244480_1541b71fe0_c.jpg,bottle,pour sugar,top part of bottle,lift bottle and pour sugar,Yes,success
pour_sugar,images_n04380346_31_754_11417089174_af9713edd7_c.jpg,glass,pour sugar,top of glass,pour sugar into glass,Yes,success
pour_sugar,images_n04380346_7_1210_7063955753_460e5944e6_c.jpg,fork,pour sugar,handle of fork,hold fork and pour sugar,Yes,success
pour_sugar,images_n04380346_7_1210_7063955753_460e5944e6_c.jpg,spoon,pour sugar,handle of spoon,hold spoon and pour sugar,Yes,success
pour_sugar,images_n04381994_22_1541_12451337564_7c70b2161d_c.jpg,cup,pour sugar,top of cup,simple action,Yes,success
pour_sugar,images_n04396902_22_187_4297009786_7377dcef61_c.jpg,spoon,pour sugar,handle of spoon,use handle to pour sugar into mug,Yes,success
pour_sugar,images_n04498389_14_2380_14579561041_065027953a_c.jpg,spoon,pour sugar,handle of spoon,simple action,Yes,success
pour_sugar,images_n04498389_14_2380_14579561041_065027953a_c.jpg,cup,pour sugar,body of cup,simple action,Yes,success
pour_sugar,images_n04498389_1_2536_14581579122_b77649292f_c.jpg,table,pour sugar,surface of table,simple action,Yes,success
pour_sugar,images_n04498389_1_2536_14581579122_b77649292f_c.jpg,spoon,pour sugar,handle of spoon,simple action,Yes,success
pour_sugar,images_n04596742_24_1994_6818388065_02db8936d2_c.jpg,wok,pour sugar,bottom of wok,pour sugar,Yes,success
pour_sugar,images_n04596742_27_1940_12528491995_dff0945a5e_c.jpg,wok,pour sugar,bottom of wok,simple action,Yes,success
pour_sugar,images_n04597913_10_1732_5355970818_fd65bb2748_c.jpg,wooden spoon,pour sugar,handle of wooden spoon,simple action,Yes,success
pour_sugar,images_n04597913_15_1424_26116337255_400cd6e6d7_c.jpg,knife,pour sugar,blade,simple action,Yes,success
pour_sugar,images_n04597913_15_1424_26116337255_400cd6e6d7_c.jpg,wooden spoon,pour sugar,handle,simple action,Yes,success
pour_sugar,images_n04597913_16_1385_36340723405_22265d743e_c.jpg,spoon,pour sugar,handle of spoon,hold spoon,Yes,success
pour_sugar,images_n04597913_19_1352_14679812748_38700fbfcf_c.jpg,spoon,pour sugar,handle of spoon,simple action,Yes,success
pour_sugar,images_n04597913_21_1296_8052447963_02447e4a38_c.jpg,wooden spoon,pour sugar,handle of wooden spoon,hold the handle and pour sugar,Yes,success
pour_sugar,images_n04597913_24_1269_15493182824_3dd4e39c0b_c.jpg,wooden spoon,pour sugar,handle of spoon,simple action,Yes,success
pour_sugar,images_n04597913_24_1269_15493182824_3dd4e39c0b_c.jpg,wooden ladle,pour sugar,handle of ladle,simple action,Yes,success
pour_sugar,images_n04597913_25_1269_4450520884_08cc3e6610_c.jpg,wooden spoon,pour sugar,handle of wooden spoon,simple action,Yes,success
pour_sugar,images_n04597913_29_1201_4671423633_a00b002580_c.jpg,spoon,pour sugar,handle of spoon,hold spoon and pour sugar,Yes,success
pour_sugar,images_n04597913_31_1160_12128471906_fe53088d89_c.jpg,bowl,pour sugar,top of bowl,pour sugar into bowl,Yes,success
pour_sugar,images_n04597913_34_1109_3979300452_01179f76be_c.jpg,wooden spoon,pour sugar,handle of spoon,lift and pour sugar,Yes,success
pour_sugar,images_n04597913_34_1109_3979300452_01179f76be_c.jpg,wooden ladle,pour sugar,handle of ladle,lift and pour sugar,Yes,success
pour_sugar,images_n04597913_4_1995_3046964086_efc51bbbb2_c.jpg,spoon,pour sugar,handle of spoon,simple action,Yes,success
pour_sugar,images_n04597913_7_1879_17040693055_b7ba4cc30f_c.jpg,wooden spoon,pour sugar,handle of wooden spoon,simple action,Yes,success
pour_sugar,images_n07582027_5_1438_39074852070_e05863b0f1_c.jpg,bowl,pour sugar,top of bowl,use the bowl to pour sugar,Yes,success
pour_sugar,images_n07582027_5_1438_39074852070_e05863b0f1_c.jpg,spoon,pour sugar,handle of spoon,use the spoon to pour sugar,Yes,success
pour_sugar,images_n07582152_30_1594_17031876743_57ec4db3da_c.jpg,bowl,pour sugar,top part of bowl,simple action,Yes,success
pour_sugar,images_n07584423_15_1459_44444658965_06fb4cfa0b_c.jpg,spoon,pour sugar,handle of spoon,hold spoon and pour sugar,Yes,success
pour_sugar,images_n07584423_15_1459_44444658965_06fb4cfa0b_c.jpg,table,pour sugar,surface of table,place spoon on table and pour sugar,Yes,success
pour_sugar,images_n07584423_25_1336_362251298_38c6fa2642_c.jpg,spoon,pour sugar,handle of spoon,simple action,Yes,success
pour_sugar,images_n07584423_27_1268_6790463206_c896af1dbb_c.jpg,bowl,pour sugar,top part of bowl,simple action,Yes,success
pour_sugar,images_n07584423_28_1259_223052349_be90165291_c.jpg,spoon,pour sugar,handle of spoon,simple action,Yes,success
pour_sugar,images_n07584423_29_1258_5478788480_62d9da432e_c.jpg,bowl,pour sugar,bottom of bowl,pour sugar,Yes,success
pour_sugar,images_n07584423_31_1249_8287324506_fc5988d4cf_c.jpg,bowl,pour sugar,bottom of bowl,simple action,Yes,success
pour_sugar,images_n07584859_0_787_24163208220_034a44cf1a_c.jpg,spoon,pour sugar,handle of spoon,simple action,Yes,success
pour_sugar,images_n07584859_10_57_41424396580_030b272375_c.jpg,glass,pour sugar,bottom of glass,pour sugar into glass,Yes,success
pour_sugar,images_n07584859_10_57_41424396580_030b272375_c.jpg,spoon,pour sugar,handle of spoon,use spoon to pour sugar,Yes,success
pour_sugar,images_n07584859_1_446_645630552_1def8bc4a2_c.jpg,bowl,pour sugar,bottom of bowl,simple action,Yes,success
pour_sugar,images_n07584859_1_446_645630552_1def8bc4a2_c.jpg,spoon,pour sugar,handle of spoon,simple action,Yes,success
pour_sugar,images_n07587206_27_337_678499080_35482b14ec_c.jpg,spoon,pour sugar,handle of spoon,simple action,Yes,success
pour_sugar,images_n07587331_0_948_8114642961_fc3f3f135b_c.jpg,plate,pour sugar,surface of plate,simple action,Yes,success
pour_sugar,images_n07587331_2_408_8180810541_05c48897ab_c.jpg,bowl,pour sugar,top of bowl,pour sugar into bowl,Yes,success
pour_sugar,images_n07587331_3_270_25573034923_40c4f1d92e_c.jpg,spoon,pour sugar,handle of spoon,use handle to pour sugar,Yes,success
pour_sugar,images_n07587331_5_195_5452186058_8f50bc0a19_c.jpg,bowl,pour sugar,top of bowl,pour sugar into bowl,Yes,success
pour_sugar,images_n07587331_6_168_3132470158_249c5320c2_c.jpg,bowl,pour sugar,top of bowl,simple action,Yes,success
pour_sugar,images_n07592558_20_660_2633003057_e0b6c0a803_c.jpg,spoon,pour sugar,handle of spoon,hold spoon over pan,Yes,success
pour_sugar,images_n07592558_4_1299_5161393705_7ac09d389a_c.jpg,plate,pour sugar,center of plate,simple action,Yes,success
pour_sugar,images_n07592558_4_1299_5161393705_7ac09d389a_c.jpg,glass,pour sugar,top of glass,simple action,Yes,success
pour_sugar,images_n07603177_30_411_9891976873_e7cff1a876_c.jpg,spoon,pour sugar,handle of spoon,lift and tilt spoon,Yes,success
pour_sugar,images_n07612632_16_838_3962022711_9dc2678e10_c.jpg,spoon,pour sugar,handle of spoon,simple action,Yes,success
pour_sugar,images_n07612632_18_811_7988688161_d43f412b86_c.jpg,glass,pour sugar,top of glass,pour sugar into glass,Yes,success
pour_sugar,images_n07612632_24_699_35286675015_deb02a42a8_c.jpg,bowl,pour sugar,top of bowl,pour sugar into bowl,Yes,success
pour_sugar,images_n07612632_8_1049_6100561365_8d7ca429e2_c.jpg,bowl,pour sugar,bottom part of bowl,pour sugar into bowl,Yes,success
pour_sugar,images_n07613266_12_1216_3302611990_47cbe84990_c.jpg,fork,pour sugar,handle of fork,simple action,Yes,success
pour_sugar,images_n07613266_18_1082_2122919873_c31abd6bb8_c.jpg,spoon,pour sugar,handle of spoon,use to pour sugar,Yes,success
pour_sugar,images_n07613815_19_1387_24690312269_a73290e2d8_c.jpg,jello mold,pour sugar,top of jello mold,pour sugar,Yes,success
pour_sugar,images_n07613815_34_1112_5291367821_37d5b83471_c.jpg,saltshaker,pour sugar,top part of saltshaker,pour sugar from top part,Yes,success
pour_sugar,images_n07614500_21_1828_30812335961_1ceee03bb0_c.jpg,spoon,pour sugar,handle of spoon,hold spoon with sugar,Yes,success
pour_sugar,images_n07614500_24_1781_282125473_d48b86981e_c.jpg,spoon,pour sugar,handle of spoon,simple action,Yes,success
pour_sugar,images_n07615289_11_417_6183344057_8065b663a6_c.jpg,garden gnome,pour sugar,top of gnome,simple action,Yes,success
pour_sugar,images_n07615289_20_253_15201637942_ee23df6d38_c.jpg,bowl,pour sugar,top part of bowl,pour sugar into bowl,Yes,success
pour_sugar,images_n07615289_21_251_16355292625_49c33b9512_c.jpg,cup,pour sugar,top part of cup,pour sugar into cup,Yes,success
pour_sugar,images_n07615289_23_245_2208835364_576a3d5a47_c.jpg,spoon,pour sugar,handle of spoon,hold spoon,Yes,success
pour_sugar,images_n07615289_26_239_2137456710_08636712aa_c.jpg,spoon,pour sugar,handle of spoon,simple action,Yes,success
pour_sugar,images_n07615289_8_499_7474325954_54710a0c6c_c.jpg,spoon,pour sugar,handle of spoon,simple action,Yes,success
pour_sugar,images_n07616046_11_1592_6860814905_14f66a5368_c.jpg,spoon,pour sugar,handle of spoon,hold spoon and pour sugar,Yes,success
pour_sugar,images_n07616046_13_1560_2570824587_b9821be422_c.jpg,backpack,pour sugar,top part of backpack,pour sugar from cup into backpack,Yes,success
pour_sugar,images_n07616046_14_1555_9715613094_918d2cbccc_c.jpg,table,pour sugar,top surface of table,simple action,Yes,success
pour_sugar,images_n07616046_21_1420_2115905623_97997b03b2_c.jpg,spoon,pour sugar,handle of spoon,simple action,Yes,success
pour_sugar,images_n07616046_24_1398_8385736106_dee54635d1_c.jpg,cup,pour sugar,top part of cup,pour sugar,Yes,success
pour_sugar,images_n07616046_25_1362_14822973515_d516a5a5c5_c.jpg,cup,pour sugar,top part of cup,pour sugar into cup,Yes,success
pour_sugar,images_n07616046_27_1352_6829732151_18f67b20c5_c.jpg,table,pour sugar,top surface of table,simple action,Yes,success
pour_sugar,images_n07616046_27_1352_6829732151_18f67b20c5_c.jpg,cups,pour sugar,top of cup,simple action,Yes,success
pour_sugar,images_n07616046_3_1761_5671094836_b8aec3a75a_c.jpg,spoon,pour sugar,handle of spoon,simple action,Yes,success
pour_sugar,images_n07617188_17_343_5428454473_c2fa5e2160_c.jpg,glass,pour sugar,bottom of glass,pour sugar into glass,Yes,success
pour_sugar,images_n07617188_28_245_28133629130_d03757e07e_c.jpg,bowl,pour sugar,top part of bowl,pour sugar into bowl,Yes,success
pour_sugar,images_n07617188_28_245_28133629130_d03757e07e_c.jpg,plate,pour sugar,center of plate,pour sugar onto plate,Yes,success
pour_sugar,images_n07619208_17_920_3758179761_9f0b06c151_c.jpg,wine glass,pour sugar,top of wine glass,pour sugar into wine glass,Yes,success
pour_sugar,images_n07619208_26_749_2435789218_54996bb67b_c.jpg,bowl,pour sugar,center of bowl,pour sugar into bowl,Yes,success
pour_sugar,images_n07619208_27_744_5985094232_6f4e6e00f2_c.jpg,plate,pour sugar,center of plate,pour sugar,Yes,success
pour_sugar,images_n07619208_31_707_41027486202_ed2caf8ae2_c.jpg,spoon,pour sugar,handle of spoon,simple action,Yes,success
pour_sugar,images_n07619208_3_1598_4974324963_3be931cbb6_c.jpg,wine glass,pour sugar,top part of glass,pour sugar,Yes,success
pour_sugar,images_n07624130_32_815_5179816974_f9ca31ff21_c.jpg,spoon,pour sugar,handle of spoon,simple action,Yes,success
pour_sugar,images_n07625493_0_2443_57873228_9737c37c33_c.jpg,spoon,pour sugar,handle of spoon,simple action,Yes,success
pour_sugar,images_n07625493_22_734_48500368782_9834ddde6c_c.jpg,spoon,pour sugar,handle of spoon,simple action,Yes,success
pour_sugar,images_n07625493_22_734_48500368782_9834ddde6c_c.jpg,butter,pour sugar,butter,simple action,Yes,success
pour_sugar,images_n07625493_32_621_16202612094_292937209c_c.jpg,spatula,pour sugar,handle of spatula,use spatula to pour sugar,Yes,success
pour_sugar,images_n07625493_34_556_15128545603_9be9ebfbe6_c.jpg,butter,pour sugar,butter,simple action,Yes,success
pour_sugar,images_n07626602_23_1498_15568130704_d6ffbd6b79_c.jpg,spoon,pour sugar,handle of spoon,simple action,Yes,success
pour_sugar,images_n07626602_23_1498_15568130704_d6ffbd6b79_c.jpg,bottle,pour sugar,top of bottle,simple action,Yes,success
pour_sugar,images_n07632037_6_865_8553400591_63fec2d3a7_c.jpg,table,pour sugar,surface of table,simple action,Yes,success
pour_sugar,images_n07635155_11_1080_5301952146_7d229b58fa_c.jpg,bowl,pour sugar,top of bowl,pour sugar into bowl,Yes,success
pour_sugar,images_n07638574_22_822_11590989076_6e82356a98_c.jpg,spoon,pour sugar,handle of spoon,hold spoon,Yes,success
pour_sugar,images_n07639716_1_1470_12012522575_927724779f_c.jpg,bowl,pour sugar,top part of bowl,pour sugar into bowl,Yes,success
pour_sugar,images_n07639716_24_273_3684962183_288fdeea29_c.jpg,plate,pour sugar,top surface of plate,pour sugar on top of the food,Yes,success
pour_sugar,images_n07640653_11_407_5970038252_6c53ab0309_c.jpg,spoon,pour sugar,handle of spoon,use the handle to pour sugar,Yes,success
pour_sugar,images_n07640653_16_349_5970048210_29dfe623fd_c.jpg,spoon,pour sugar,handle of spoon,simple action,Yes,success
pour_sugar,images_n07640653_17_336_5230930937_422c0f052f_c.jpg,plate,pour sugar,bottom part of plate,use the plate to pour sugar,Yes,success
pour_sugar,images_n07640653_17_336_5230930937_422c0f052f_c.jpg,spoon,pour sugar,handle of spoon,use the spoon to pour sugar,Yes,success
pour_sugar,images_n07640749_29_680_6287094669_c65f27872c_c.jpg,bowl,pour sugar,top of bowl,simple action,Yes,success
pour_sugar,images_n07640749_4_1058_4213219970_3331e3f9e0_c.jpg,spoon,pour sugar,handle of spoon,use spoon to pour sugar,Yes,success
pour_sugar,images_n07640991_5_727_33660733061_f3ee86c10f_c.jpg,bowl,pour sugar,center of bowl,pour sugar into bowl,Yes,success
pour_sugar,images_n07640991_5_727_33660733061_f3ee86c10f_c.jpg,plate,pour sugar,center of plate,pour sugar into plate,Yes,success
pour_sugar,images_n07641581_15_2200_43650956775_12f101617d_c.jpg,yellow bowl,pour sugar,handle of bowl,use handle to pour sugar,Yes,success
pour_sugar,images_n07641581_29_1814_2461498597_9dbc11e2f5_c.jpg,knife,pour sugar,blade of knife,simple action,Yes,success
pour_sugar,images_n07641581_5_2509_8021267145_cf67c159e8_c.jpg,spatula,pour sugar,handle of spatula,hold spatula,Yes,success
pour_sugar,images_n07641699_8_802_416825195_307d9f5b59_c.jpg,sugar shaker,pour sugar,top part of shaker,simple action,Yes,success
pour_sugar,images_n07653126_24_854_5739830237_0f6b76b5b9_c.jpg,pan,pour sugar,bottom of pan,pour sugar into pan,Yes,success
pour_sugar,images_n07668588_22_1151_26095238765_1d1eff5112_c.jpg,spoon,pour sugar,handle of spoon,simple action,Yes,success
pour_sugar,images_n07668588_32_1073_26688717602_803d670031_c.jpg,bottle,pour sugar,top part of bottle,simple action,Yes,success
pour_sugar,images_n07669098_23_1515_1182789282_b800c23cee_c.jpg,plate,pour sugar,center of plate,simple action,Yes,success
pour_sugar,images_n07669098_5_1721_5475049892_9ac4f7f661_c.jpg,fork,pour sugar,handle of fork,simple action,Yes,success
pour_sugar,images_n07669098_5_1721_5475049892_9ac4f7f661_c.jpg,knife,pour sugar,blade of knife,simple action,Yes,success
pour_sugar,images_n07669713_18_891_7389625780_63e49b3ec2_c.jpg,knife,pour sugar,blade of knife,simple action,Yes,success
pour_sugar,images_n07669713_26_758_5684865997_ba4ebf8bfe_c.jpg,plate,pour sugar,top part of plate,simple action,Yes,success
pour_sugar,images_n07669713_3_1477_2738141833_f1cc063d95_c.jpg,bottle,pour sugar,top part of bottle,pour sugar,Yes,success
pour_sugar,images_n07669713_8_1080_30886546664_b5dda97902_c.jpg,bowl,pour sugar,bowl containing sugar,pour sugar into bowl,Yes,success
pour_sugar,images_n07669713_9_1043_4564484411_f0c483fbf4_c.jpg,bowl,pour sugar,inside of bowl,pour sugar,Yes,success
pour_sugar,images_n07670433_19_931_3397575746_449cf890d7_c.jpg,spoon,pour sugar,handle of spoon,use spoon to pour sugar,Yes,success
pour_sugar,images_n07670433_19_931_3397575746_449cf890d7_c.jpg,bowl,pour sugar,bottom of bowl,use bowl to pour sugar,Yes,success
pour_sugar,images_n07675627_0_1346_3561869596_6f6f37e3e2_c.jpg,pan,pour sugar,bottom of pan,pour sugar,Yes,success
pour_sugar,images_n07682477_8_997_5060365642_e152a5b1aa_c.jpg,cup,pour sugar,top part of cup,pour sugar into cup,Yes,success
pour_sugar,images_n07690431_10_895_5728741325_72226ba6c8_c.jpg,spoon,pour sugar,handle of spoon,use to pour sugar,Yes,success
pour_sugar,images_n07696977_19_1347_19816502339_1e0b78620c_c.jpg,table,pour sugar,top surface of table,simple action,Yes,success
pour_sugar,images_n07699584_21_1169_6948896277_a687988d72_c.jpg,bottle,pour sugar,top part of bottle,pour sugar,Yes,success
pour_sugar,images_n07699682_15_1538_40841131133_e28512a834_c.jpg,spoon,pour sugar,handle of spoon,simple action,Yes,success
pour_sugar,images_n07699682_24_1289_4965807115_a6f6eb814c_c.jpg,bowl,pour sugar,top of bowl,pour sugar into bowl,Yes,success
pour_sugar,images_n07699914_5_2230_6171809188_40f3399783_c.jpg,plate,pour sugar,center of plate,pour sugar,Yes,success
pour_sugar,images_n07700964_19_1352_6201065090_e70c057758_c.jpg,spoon,pour sugar,handle of spoon,hold spoon and pour sugar,Yes,success
pour_sugar,images_n07700964_24_1259_2311137666_8609f8f811_c.jpg,plate,pour sugar,top edge of plate,simple action,Yes,success
pour_sugar,images_n07700964_30_1154_6729543443_8a4d81679f_c.jpg,bowl,pour sugar,inside of bowl,pour sugar into bowl,Yes,success
pour_sugar,images_n07701053_9_1879_16013453587_fedcb7f098_c.jpg,bottle,pour sugar,top part of bottle,pour sugar from bottle,Yes,success
pour_sugar,images_n07702057_18_453_49179500857_74f2fffc2e_c.jpg,bowl,pour sugar,top of bowl,pour sugar into bowl,Yes,success
pour_sugar,images_n07702057_24_399_87600535_b29fed6bd4_c.jpg,bowl,pour sugar,top part of bowl,pour sugar into bowl,Yes,success
pour_sugar,images_n07702057_26_386_2547277292_0ff2dd6b4a_c.jpg,spoon,pour sugar,handle of spoon,simple action,Yes,success
pour_sugar,images_n07702057_28_379_4263516356_a5e91384ee_c.jpg,bowl,pour sugar,top part of bowl,pour sugar into bowl,Yes,success
pour_sugar,images_n07702057_32_322_3395740377_cba3195a42_c.jpg,bowl,pour sugar,top of bowl,pour sugar into bowl,Yes,success
pour_sugar,images_n07702057_34_310_5215222136_caea33d39e_c.jpg,bowl,pour sugar,top part of bowl,pour sugar into bowl,Yes,success
pour_sugar,images_n07702057_8_658_25395851995_a2ac528b4f_c.jpg,bowl,pour sugar,inside of bowl,pour sugar into bowl,Yes,success
pour_sugar,images_n07702193_0_2544_3014263541_55b120435f_c.jpg,chopsticks,pour sugar,handle of chopsticks,use chopsticks to pour sugar,Yes,success
pour_sugar,images_n07702193_1_2527_2170239723_f54d5ce99d_c.jpg,bottle,pour sugar,top part of bottle,simple action,Yes,success
pour_sugar,images_n07704054_11_303_6930930573_fdf9685f53_c.jpg,bowl,pour sugar,top of bowl,simple action,Yes,success
pour_sugar,images_n07704054_25_118_8356989715_d7d4972dc2_c.jpg,spoon,pour sugar,handle of spoon,simple action,Yes,success
pour_sugar,images_n07704054_34_59_4287463299_ea4f3d8a33_c.jpg,bowl,pour sugar,inside of bowl,simple action,Yes,success
pour_sugar,images_n07704054_3_766_5809400078_fafc67a1dc_c.jpg,bowl,pour sugar,top of bowl,simple action,Yes,success
pour_sugar,images_n07704054_9_316_16508197183_7867c8da18_c.jpg,bowl,pour sugar,bottom of bowl,pour sugar into bowl,Yes,success
pour_sugar,images_n07704054_9_316_16508197183_7867c8da18_c.jpg,bowl,pour sugar,bottom of bowl,pour sugar into bowl,Yes,success
pour_sugar,images_n07704054_9_316_16508197183_7867c8da18_c.jpg,bowl,pour sugar,bottom of bowl,pour sugar into bowl,Yes,success
pour_sugar,images_n07704054_9_316_16508197183_7867c8da18_c.jpg,bowl,pour sugar,bottom of bowl,pour sugar into bowl,Yes,success
pour_sugar,images_n07704054_9_316_16508197183_7867c8da18_c.jpg,bowl,pour sugar,bottom of bowl,pour sugar into bowl,Yes,success
pour_sugar,images_n07704054_9_316_16508197183_7867c8da18_c.jpg,bowl,pour sugar,bottom of bowl,pour sugar into bowl,Yes,success
pour_sugar,images_n07704054_9_316_16508197183_7867c8da18_c.jpg,bowl,pour sugar,bottom of bowl,pour sugar into bowl,Yes,success
pour_sugar,images_n07704054_9_316_16508197183_7867c8da18_c.jpg,bowl,pour sugar,bottom of bowl,pour sugar into bowl,Yes,success
pour_sugar,images_n07704054_9_316_16508197183_7867c8da18_c.jpg,bowl,pour sugar,bottom of bowl,pour sugar into bowl,Yes,success
pour_sugar,images_n07704755_22_472_3755673543_a247f0e315_c.jpg,spoon,pour sugar,handle of spoon,hold spoon and pour sugar,Yes,success
pour_sugar,images_n07704755_23_436_564454439_5c3cd16b66_c.jpg,bowl,pour sugar,inside of bowl,pour sugar into bowl,Yes,success
pour_sugar,images_n07704755_23_436_564454439_5c3cd16b66_c.jpg,box,pour sugar,inside of box,pour sugar into box,Yes,success
pour_sugar,images_n07704755_31_238_19253294940_32eb6389e0_c.jpg,bowl,pour sugar,top part of bowl,pour sugar into bowl,Yes,success
pour_sugar,images_n07704755_32_180_3348051197_e1543ecd4c_c.jpg,bowl,pour sugar,inside of bowl,pour sugar into bowl,Yes,success
pour_sugar,images_n07704755_3_1003_2367581788_a07604cf1e_c.jpg,spoon,pour sugar,handle of spoon,simple action,Yes,success
pour_sugar,images_n07704755_5_868_13288527023_49910ddfac_c.jpg,kettle,pour sugar,top part of kettle,pour sugar into bowl,Yes,success
pour_sugar,images_n07710616_14_1125_24603646774_206b2a54f4_c.jpg,pan,pour sugar,surface of pan,pour sugar,Yes,success
pour_sugar,images_n07710616_25_902_1836759052_98115b4775_c.jpg,bowl,pour sugar,contents of bowl,pour sugar into bowl,Yes,success
pour_sugar,images_n07710952_25_1373_48266107082_f5e8a3bccc_c.jpg,spoon,pour sugar,handle of spoon,simple action,Yes,success
pour_sugar,images_n07711080_15_1815_33834481996_8fe38fbf1d_c.jpg,fork,pour sugar,handle of fork,simple action,Yes,success
pour_sugar,images_n07711080_15_1815_33834481996_8fe38fbf1d_c.jpg,spoon,pour sugar,handle of spoon,simple action,Yes,success
pour_sugar,images_n07711569_11_1381_5428059159_a4b95a61fc_c.jpg,bowl,pour sugar,top of bowl,simple action,Yes,success
pour_sugar,images_n07711569_11_1381_5428059159_a4b95a61fc_c.jpg,bottle,pour sugar,top of bottle,simple action,Yes,success
pour_sugar,images_n07711569_16_1253_2057041721_4acc4fbc69_c.jpg,bowl,pour sugar,top of bowl,simple action,Yes,success
pour_sugar,images_n07711569_7_1407_17002628192_dcf3a82812_c.jpg,bowl,pour sugar,bottom of bowl,simple action,Yes,success
pour_sugar,images_n07711569_7_1407_17002628192_dcf3a82812_c.jpg,bottle,pour sugar,top of bottle,simple action,Yes,success
sit_comfortably,10.jpg,chair,sit comfortably,back of chair,sit comfortably,Yes,success
sit_comfortably,107907.jpg,bench,sit comfortably,seated area of bench,sit down,Yes,success
sit_comfortably,107915.jpg,chair,sit comfortably,seat of chair,sit comfortably,Yes,success
sit_comfortably,107918.jpg,road,sit comfortably,any part of the road,sit on the road,Yes,success
sit_comfortably,107927.jpg,car,sit comfortably,seating area,sit comfortably,Yes,success
sit_comfortably,107941.jpg,red barrel,sit comfortably,bottom of barrel,sit on the bottom of the barrel,Yes,success
sit_comfortably,107944.jpg,bus,sit comfortably,seating area,sit down,Yes,success
sit_comfortably,107947.jpg,train,sit comfortably,seating area on train,sit comfortably,Yes,success
sit_comfortably,107948.jpg,motorcycle,sit comfortably,seat,sit on seat,Yes,success
sit_comfortably,107952.jpg,chair,sit comfortably,back of chair,sit on the back of the chair,Yes,success
sit_comfortably,107957.jpg,box of donuts,sit comfortably,top of box of donuts,place the box of donuts on the desk,Yes,success
sit_comfortably,107957.jpg,desk,sit comfortably,any surface on the desk,sit on the desk,Yes,success
sit_comfortably,11.jpg,chair,sit comfortably,back of chair,sit comfortably,Yes,success
sit_comfortably,13.jpg,chair,sit comfortably,back of chair,sit comfortably,Yes,success
sit_comfortably,17.jpg,office chair,sit comfortably,seat and backrest,sit comfortably,Yes,success
sit_comfortably,1988.jpg,bed,sit comfortably,bed surface,sit comfortably,Yes,success
sit_comfortably,21.jpg,couch,sit comfortably,seated on the couch,sit comfortably on the couch,Yes,success
sit_comfortably,21.jpg,scissors,cut paper,hand holding scissors,cut paper with scissors,Yes,success
sit_comfortably,23.jpg,minivan,sit comfortably,seating area,sit comfortably,Yes,success
sit_comfortably,23.jpg,car,sit comfortably,seating area,sit comfortably,Yes,success
sit_comfortably,247.jpg,couch,sit comfortably,seat of couch,sit on the couch,Yes,success
sit_comfortably,247.jpg,chair,sit comfortably,seat of chair,sit on the chair,Yes,success
sit_comfortably,25.jpg,chair,sit comfortably,back of chair,sit comfortably,Yes,success
sit_comfortably,268.jpg,chair,sit comfortably,seat of chair,sit comfortably,Yes,success
sit_comfortably,28.jpg,couch,sit comfortably,seating area,sit on the couch,Yes,success
sit_comfortably,28.jpg,chair,sit comfortably,seating area,sit on the chair,Yes,success
sit_comfortably,28.jpg,pillow,sit comfortably,pillow,rest on the pillow,Yes,success
sit_comfortably,280.jpg,car,sit comfortably,seating area,sit on the car seats,Yes,success
sit_comfortably,30.jpg,table,sit comfortably,top of table,sit on the table,Yes,success
sit_comfortably,30.jpg,chair,sit comfortably,seat of chair,sit on the chair,Yes,success
sit_comfortably,34.jpg,chair,sit comfortably,seat of chair,sit comfortably,Yes,success
sit_comfortably,35.jpg,chair,sit comfortably,seat of chair,sit comfortably,Yes,success
sit_comfortably,44.jpg,chair,sit comfortably,seating area of chair,sit comfortably,Yes,success
sit_comfortably,47.jpg,umbrella,sit comfortably,handle of umbrella,hold umbrella,Yes,success
sit_comfortably,5.jpg,chair,sit comfortably,seating area of chair,sit comfortably,Yes,success
sit_comfortably,61523.jpg,elephant,sit comfortably,back of elephant,sit on the back of the elephant,Yes,success
sit_comfortably,61546.jpg,chair,sit comfortably,back of chair,sit comfortably,Yes,success
sit_comfortably,61558.jpg,truck,sit comfortably,seating area,sit comfortably,Yes,success
sit_comfortably,61561.jpg,couch,sit comfortably,seating area of couch,sit on the couch,Yes,success
sit_comfortably,61561.jpg,chair,sit comfortably,seating area of chair,sit on the chair,Yes,success
sit_comfortably,61563.jpg,motorcycle,sit comfortably,seating area of motorcycle,sit on the seat,Yes,success
sit_comfortably,61565.jpg,chair,sit comfortably,seating area,sit on chair,Yes,success
sit_comfortably,61568.jpg,bicycle,sit comfortably,seat of bicycle,sit on the seat,Yes,success
sit_comfortably,61569.jpg,airplane,sit comfortably,seats,sit on seats,Yes,success
sit_comfortably,61569.jpg,runway,sit comfortably,surface,sit on runway,Yes,success
sit_comfortably,61573.jpg,armchair,sit comfortably,back of chair,sit on the back of the chair,Yes,success
sit_comfortably,61573.jpg,car,sit comfortably,seating area,sit in the car,Yes,success
sit_comfortably,61584.jpg,motorcycle,sit comfortably,seating area,sit on the seat,Yes,success
sit_comfortably,7.jpg,chair,sit comfortably,seated area,sit comfortably,Yes,success
sit_comfortably,9.jpg,chair,sit comfortably,back of chair,sit comfortably,Yes,success
sit_comfortably,COCO_val2014_000000000139.jpg,chair,sit comfortably,seats of chair,sit comfortably,Yes,success
sit_comfortably,COCO_val2014_000000000139.jpg,table,sit comfortably,table surface,sit comfortably,Yes,success
sit_comfortably,COCO_val2014_000000000241.jpg,couch,sit comfortably,seat of couch,sit on the couch,Yes,success
sit_comfortably,COCO_val2014_000000000241.jpg,chair,sit comfortably,seat of chair,sit on the chair,Yes,success
sit_comfortably,COCO_val2014_000000000328.jpg,bench,sit comfortably,seats of bench,sit on the seats,Yes,success
sit_comfortably,COCO_val2014_000000000536.jpg,chair,sit comfortably,back of chair,sit on the back of the chair,Yes,success
sit_comfortably,COCO_val2014_000000000544.jpg,baseball bat,sit comfortably,handle of bat,hold bat,Yes,success
sit_comfortably,COCO_val2014_000000000544.jpg,baseball glove,sit comfortably,glove,place glove on lap,Yes,success
sit_comfortably,COCO_val2014_000000000564.jpg,chair,sit comfortably,seats in the stands,sit on the seat,Yes,success
sit_comfortably,COCO_val2014_000000000599.jpg,cat,sit comfortably,body,lie down,Yes,success
sit_comfortably,COCO_val2014_000000000599.jpg,remote control,sit comfortably,top of remote,rest on,Yes,success
sit_comfortably,COCO_val2014_000000000623.jpg,bear,sit comfortably,body,sit on the bear,Yes,success
sit_comfortably,COCO_val2014_000000000623.jpg,apron,sit comfortably,front,sit on the apron,Yes,success
sit_comfortably,COCO_val2014_000000000632.jpg,bed,sit comfortably,top of bed,sit on bed,Yes,success
sit_comfortably,COCO_val2014_000000000632.jpg,window,sit comfortably,outside view,sit by window,Yes,success
sit_comfortably,COCO_val2014_000000000636.jpg,toilet,sit comfortably,seat of toilet,sit on toilet seat,Yes,success
sit_comfortably,COCO_val2014_000000000711.jpg,couch,sit comfortably,seat of couch,sit comfortably,Yes,success
sit_comfortably,COCO_val2014_000000000711.jpg,coffee table,sit comfortably,top of table,sit comfortably,Yes,success
sit_comfortably,COCO_val2014_000000000810.jpg,table,sit comfortably,top surface of table,sit on table,Yes,success
sit_comfortably,COCO_val2014_000000000810.jpg,chair,sit comfortably,back of chair,sit on chair,Yes,success
sit_comfortably,COCO_val2014_000000001138.jpg,couch,sit comfortably,seat of couch,sit,Yes,success
sit_comfortably,COCO_val2014_000000001138.jpg,chair,sit comfortably,seat of chair,sit,Yes,success
sit_comfortably,COCO_val2014_000000001205.jpg,bed,sit comfortably,the mattress,sit on the mattress,Yes,success
sit_comfortably,COCO_val2014_000000001244.jpg,umbrella,sit comfortably,area under umbrella,sit under umbrella,Yes,success
sit_comfortably,COCO_val2014_000000001244.jpg,chair,sit comfortably,chair seat,sit on chair,Yes,success
sit_comfortably,COCO_val2014_000000001268.jpg,woman,sit comfortably,seat,sit on the bench,Yes,success
sit_comfortably,COCO_val2014_000000001268.jpg,bird,sit comfortably,feet,sit on the bird's feet,Yes,success
sit_comfortably,COCO_val2014_000000001270.jpg,baseball bat,sit comfortably,handle,hold bat,Yes,success
sit_comfortably,COCO_val2014_000000001270.jpg,baseball glove,sit comfortably,glove,wear glove,Yes,success
sit_comfortably,COCO_val2014_000000001292.jpg,racket,sit comfortably,handle of racket,hold racket,Yes,success
sit_comfortably,COCO_val2014_000000001292.jpg,chair,sit comfortably,back of chair,sit on chair,Yes,success
sit_comfortably,COCO_val2014_000000001404.jpg,couch,sit comfortably,entire couch,sit on the couch,Yes,success
sit_comfortably,COCO_val2014_000000001404.jpg,stuffed animal,sit comfortably,body of stuffed animal,hold the stuffed animal,Yes,success
sit_comfortably,COCO_val2014_000000001591.jpg,chair,sit comfortably,seat of chair,sit comfortably,Yes,success
sit_comfortably,COCO_val2014_000000001592.jpg,umbrella,sit comfortably,top part of umbrella,use umbrella as a seat,Yes,success
sit_comfortably,COCO_val2014_000000001592.jpg,chair,sit comfortably,seat of chair,sit on chair,Yes,success
sit_comfortably,COCO_val2014_000000001599.jpg,chair,sit comfortably,seating area,sit comfortably,Yes,success
sit_comfortably,COCO_val2014_000000001626.jpg,sofa,sit comfortably,seated position on sofa,sit on sofa,Yes,success
sit_comfortably,COCO_val2014_000000001626.jpg,chair,sit comfortably,seated position on chair,sit on chair,Yes,success
sit_comfortably,COCO_val2014_000000001803.jpg,sink,sit comfortably,top of sink,sit on top of sink,Yes,success
sit_comfortably,COCO_val2014_000000001803.jpg,cabinet,sit comfortably,top of cabinet,sit on top of cabinet,Yes,success
sit_comfortably,COCO_val2014_000000001993.jpg,bed,sit comfortably,top part of bed,sit on bed,Yes,success
sit_comfortably,COCO_val2014_000000001993.jpg,chair,sit comfortably,seat of chair,sit on chair,Yes,success
sit_comfortably,COCO_val2014_000000002061.jpg,toilet,sit comfortably,seating area,sit,Yes,success
sit_comfortably,COCO_val2014_000000002124.jpg,truck,sit comfortably,seating area,sit on the truck bed,Yes,success
sit_comfortably,COCO_val2014_000000002124.jpg,rider,sit comfortably,saddle,sit on the horse,Yes,success
sit_comfortably,COCO_val2014_000000002139.jpg,bed,sit comfortably,area where person can sit,sit on the bed,Yes,success
sit_comfortably,COCO_val2014_000000002142.jpg,bench,sit comfortably,seat of bench,sit on the seat of the bench,Yes,success
sit_comfortably,COCO_val2014_000000002154.jpg,shopping cart,sit comfortably,cart seat,sit on the cart seat,Yes,success
sit_comfortably,COCO_val2014_000000002212.jpg,couch,sit comfortably,seat of couch,sit on the seat of the couch,Yes,success
sit_comfortably,COCO_val2014_000000002212.jpg,bed,sit comfortably,bed surface,sit on the bed surface,Yes,success
sit_comfortably,COCO_val2014_000000002388.jpg,toilet,sit comfortably,seat of toilet,sit on the toilet seat,Yes,success
sit_comfortably,COCO_val2014_000000002453.jpg,bench,sit comfortably,backrest and seat,sit on the bench,Yes,success
sit_comfortably,COCO_val2014_000000002477.jpg,laptop,sit comfortably,keyboard area,type on the keyboard,Yes,success
sit_comfortably,COCO_val2014_000000002477.jpg,couch,sit comfortably,couch surface,sit on the couch,Yes,success
sit_comfortably,COCO_val2014_000000002495.jpg,toilet,sit comfortably,seat of toilet,sit on seat,Yes,success
sit_comfortably,COCO_val2014_000000002562.jpg,tennis racket,sit comfortably,handle of racket,hold racket to sit,Yes,success
sit_comfortably,COCO_val2014_000000002988.jpg,chair,sit comfortably,seat of chair,sit on the seat,Yes,success
sit_comfortably,COCO_val2014_000000003001.jpg,table,sit comfortably,top surface of table,sit on the table,Yes,success
sit_comfortably,COCO_val2014_000000003001.jpg,nose,sit comfortably,area around nose,sit on the nose,Yes,success
sit_comfortably,COCO_val2014_000000003109.jpg,umbrella,sit comfortably,base of umbrella,stand on base of umbrella,Yes,success
sit_comfortably,COCO_val2014_000000003145.jpg,couch,sit comfortably,seated area of couch,sit down,Yes,success
sit_comfortably,COCO_val2014_000000003145.jpg,chair,sit comfortably,seat of chair,sit down,Yes,success
sit_comfortably,COCO_val2014_000000003156.jpg,man,sit comfortably,seated position,sit on the toilet,Yes,success
sit_comfortably,COCO_val2014_000000003156.jpg,toilet,sit comfortably,seated position,sit on the toilet,Yes,success
sit_comfortably,COCO_val2014_000000003217.jpg,bench,sit comfortably,seat of bench,sit on bench,Yes,success
sit_comfortably,COCO_val2014_000000003335.jpg,toilet,sit comfortably,seat of toilet,sit on seat,Yes,success
sit_comfortably,COCO_val2014_000000003425.jpg,bed,sit comfortably,upper part of bed,sit on bed,Yes,success
sit_comfortably,COCO_val2014_000000003425.jpg,tv,sit comfortably,lower part of tv,sit in front of tv,Yes,success
sit_comfortably,COCO_val2014_000000003580.jpg,chair,sit comfortably,seat of chair,sit comfortably,Yes,success
sit_comfortably,COCO_val2014_000000003580.jpg,couch,sit comfortably,seat of couch,sit comfortably,Yes,success
sit_comfortably,COCO_val2014_000000003590.jpg,umbrella,sit comfortably,handle of umbrella,hold umbrella while sitting,Yes,success
sit_comfortably,COCO_val2014_000000003716.jpg,laptop,sit comfortably,laptop screen,use laptop screen as support,Yes,success
sit_comfortably,COCO_val2014_000000003716.jpg,couch,sit comfortably,couch back,lean on couch back,Yes,success
sit_comfortably,COCO_val2014_000000003716.jpg,bed,sit comfortably,bed surface,sit on bed surface,Yes,success
sit_comfortably,COCO_val2014_000000003786.jpg,bench,sit comfortably,seating area,sit on the bench,Yes,success
sit_comfortably,COCO_val2014_000000003934.jpg,couch,sit comfortably,couch cushion,sit on the couch cushion,Yes,success
sit_comfortably,COCO_val2014_000000003934.jpg,sofa,,,,No,success
sit_comfortably,COCO_val2014_000000003934.jpg,couch cushion,sit comfortably,couch cushion,sit on the couch cushion,Yes,success
sit_comfortably,COCO_val2014_000000003934.jpg,couch pillow,,,,No,success
sit_comfortably,COCO_val2014_000000003938.jpg,woman,sit comfortably,lower body,sit on the couch,Yes,success
sit_comfortably,COCO_val2014_000000003938.jpg,remote control,sit comfortably,hand,hold the remote control,Yes,success
sit_comfortably,COCO_val2014_000000004125.jpg,couch,sit comfortably,seating area,sit on the couch,Yes,success
sit_comfortably,COCO_val2014_000000004125.jpg,wine bottle,sit comfortably,center of the couch,place the wine bottle on the couch,Yes,success
sit_comfortably,COCO_val2014_000000004125.jpg,wine glass,sit comfortably,center of the couch,place the wine glass on the couch,Yes,success
sit_comfortably,COCO_val2014_000000004175.jpg,chair,sit comfortably,seat of chair,sit on chair,Yes,success
sit_comfortably,COCO_val2014_000000004243.jpg,suitcase,sit comfortably,top of suitcase,simple action,Yes,success
sit_comfortably,COCO_val2014_000000004243.jpg,luggage,sit comfortably,top of luggage,simple action,Yes,success
sit_comfortably,COCO_val2014_000000004392.jpg,dog,sit comfortably,body,lie down,Yes,success
sit_comfortably,COCO_val2014_000000004392.jpg,pillow,sit comfortably,back,rest on,Yes,success
sit_comfortably,COCO_val2014_000000004495.jpg,couch,sit comfortably,seated area,sit on the couch,Yes,success
sit_comfortably,COCO_val2014_000000004495.jpg,chair,sit comfortably,seated area,sit on the chair,Yes,success
sit_comfortably,COCO_val2014_000000004509.jpg,bed,sit comfortably,bottom part of bed,sit on bed,Yes,success
sit_comfortably,COCO_val2014_000000004592.jpg,chair,sit comfortably,back of chair,sit on the back of the chair,Yes,success
sit_comfortably,COCO_val2014_000000004678.jpg,bench,sit comfortably,backrest of bench,sit on the backrest of the bench,Yes,success
sit_comfortably,COCO_val2014_000000004760.jpg,bench,sit comfortably,seats of bench,sit on bench,Yes,success
sit_comfortably,COCO_val2014_000000004916.jpg,bed,sit comfortably,any part of the bed,sit on the bed,Yes,success
sit_comfortably,COCO_val2014_000000004979.jpg,chair,sit comfortably,back of chair,sit on the back of the chair,Yes,success
sit_comfortably,COCO_val2014_000000005038.jpg,bed,sit comfortably,upper part of bed,sit on bed,Yes,success
sit_comfortably,COCO_val2014_000000005076.jpg,picnic table,sit comfortably,seats of picnic table,sit on the seats,Yes,success
sit_comfortably,COCO_val2014_000000005123.jpg,fire hydrant,sit comfortably,base of fire hydrant,sit on the base of the fire hydrant,Yes,success
sit_comfortably,COCO_val2014_000000005154.jpg,couch,sit comfortably,seat of couch,sit on the couch,Yes,success
sit_comfortably,COCO_val2014_000000005154.jpg,pillow,sit comfortably,back of couch,rest your back on the pillow,Yes,success
sit_comfortably,COCO_val2014_000000005314.jpg,toilet,sit comfortably,seat of toilet,sit on the toilet seat,Yes,success
sit_comfortably,COCO_val2014_000000005314.jpg,cabinet,sit comfortably,cabinet door,sit on the cabinet door,Yes,success
sit_comfortably,COCO_val2014_000000005325.jpg,woman,sit comfortably,legs,sit on legs,Yes,success
sit_comfortably,COCO_val2014_000000005325.jpg,wheelchair,sit comfortably,seat,sit on seat,Yes,success
sit_comfortably,COCO_val2014_000000005328.jpg,toilet,sit comfortably,seat of toilet,sit on toilet seat,Yes,success
sit_comfortably,COCO_val2014_000000005328.jpg,sink,sit comfortably,edge of sink,sit on edge of sink,Yes,success
sit_comfortably,COCO_val2014_000000005412.jpg,toilet,sit comfortably,seat of toilet,sit on toilet seat,Yes,success
sit_comfortably,COCO_val2014_000000005412.jpg,bidet,sit comfortably,base of bidet,sit on bidet base,Yes,success
sit_comfortably,COCO_val2014_000000005412.jpg,sink,sit comfortably,top of sink,sit on sink top,Yes,success
sit_comfortably,COCO_val2014_000000005486.jpg,couch,sit comfortably,seating area of couch,sit comfortably,Yes,success
sit_comfortably,COCO_val2014_000000005486.jpg,chair,sit comfortably,seating area of chair,sit comfortably,Yes,success
sit_comfortably,COCO_val2014_000000005503.jpg,toilet,sit comfortably,seat of toilet,sit on seat,Yes,success
sit_comfortably,COCO_val2014_000000005617.jpg,cat,sit comfortably,body,lie down,Yes,success
sit_comfortably,COCO_val2014_000000005617.jpg,pillow,sit comfortably,top of pillow,lie down,Yes,success
sit_comfortably,COCO_val2014_000000005804.jpg,cat,sit comfortably,body,lie down,Yes,success
sit_comfortably,COCO_val2014_000000005804.jpg,chair,sit comfortably,seat,sit,Yes,success
sit_comfortably,COCO_val2014_000000005816.jpg,bed,sit comfortably,top of bed,sit comfortably,Yes,success
sit_comfortably,COCO_val2014_000000005820.jpg,bench,sit comfortably,seat of bench,sit on the bench,Yes,success
sit_comfortably,COCO_val2014_000000006580.jpg,bed,sit comfortably,top part of bed,sit on the top part of the bed,Yes,success
sit_comfortably,COCO_val2014_000000006608.jpg,chair,sit comfortably,backrest and seat,sit comfortably,Yes,success
sit_comfortably,COCO_val2014_000000006662.jpg,bed,sit comfortably,lower part of bed,sit on the bed,Yes,success
sit_comfortably,COCO_val2014_000000006720.jpg,chair,sit comfortably,seat of chair,sit comfortably,Yes,success
sit_comfortably,COCO_val2014_000000006720.jpg,table,sit comfortably,table surface,sit comfortably,Yes,success
sit_comfortably,COCO_val2014_000000006861.jpg,toilet,sit comfortably,seat of toilet,sit comfortably,Yes,success
sit_comfortably,COCO_val2014_000000007149.jpg,hose,sit comfortably,end of hose,hold hose with hand,Yes,success
sit_comfortably,COCO_val2014_000000007149.jpg,chair,sit comfortably,seat of chair,sit on chair,Yes,success
sit_comfortably,COCO_val2014_000000007288.jpg,toilet,sit comfortably,seat of toilet,sit on the seat,Yes,success
sit_comfortably,COCO_val2014_000000007570.jpg,chair,sit comfortably,seating area of chair,sit comfortably,Yes,success
sit_comfortably,COCO_val2014_000000007789.jpg,bed,sit comfortably,entire bed,sit on bed,Yes,success
sit_comfortably,COCO_val2014_000000007795.jpg,bed,sit comfortably,the bed,sit on the bed,Yes,success
sit_comfortably,COCO_val2014_000000007816.jpg,motorcycle,sit comfortably,seated position,sit on the motorcycle,Yes,success
sit_comfortably,COCO_val2014_000000008188.jpg,chair,sit comfortably,backrest and seat,sit on chair,Yes,success
sit_comfortably,COCO_val2014_000000008211.jpg,chair,sit comfortably,seating area of chair,sit down,Yes,success
sit_comfortably,COCO_val2014_000000008267.jpg,toilet,sit comfortably,seat of toilet,sit on toilet,Yes,success
sit_comfortably,COCO_val2014_000000008351.jpg,dog,sit comfortably,body,sit down,Yes,success
sit_comfortably,COCO_val2014_000000008351.jpg,bench,sit comfortably,seat,sit down,Yes,success
sit_comfortably,COCO_val2014_000000008445.jpg,bench,sit comfortably,seated area of bench,sit on the bench,Yes,success
sit_comfortably,COCO_val2014_000000008676.jpg,bed,sit comfortably,top of bed,sit on the bed,Yes,success
sit_comfortably,COCO_val2014_000000008676.jpg,chair,sit comfortably,front of chair,sit on the chair,Yes,success
sit_comfortably,COCO_val2014_000000008688.jpg,bed,sit comfortably,headboard,sit on the headboard,Yes,success
sit_comfortably,COCO_val2014_000000008775.jpg,bed,sit comfortably,top part of bed,sit on top part of bed,Yes,success
sit_comfortably,COCO_val2014_000000009170.jpg,cat,sit comfortably,inside toilet bowl,simple action,Yes,success
sit_comfortably,COCO_val2014_000000009288.jpg,toilet,sit comfortably,seat of toilet,sit on the seat,Yes,success
sit_comfortably,COCO_val2014_000000009520.jpg,horse,sit comfortably,back of horse,sit on horse's back,Yes,success
sit_comfortably,COCO_val2014_000000009520.jpg,carriage,sit comfortably,seat in carriage,sit on carriage seat,Yes,success
sit_comfortably,COCO_val2014_000000009707.jpg,umbrella,sit comfortably,area under umbrella,sit under umbrella,Yes,success
sit_comfortably,COCO_val2014_000000009707.jpg,chair,sit comfortably,seat of chair,sit on chair,Yes,success
sit_comfortably,COCO_val2014_000000009813.jpg,horse,sit comfortably,back of horse,sit on horse's back,Yes,success
sit_comfortably,COCO_val2014_000000009813.jpg,carriage,sit comfortably,seat in carriage,sit in carriage seat,Yes,success
sit_comfortably,COCO_val2014_000000009857.jpg,bed,sit comfortably,comfortable part of bed,sit on bed,Yes,success
sit_comfortably,COCO_val2014_000000010008.jpg,bed,sit comfortably,the top part of the bed,sit on the top part of the bed,Yes,success
sit_comfortably,COCO_val2014_000000010040.jpg,bench,sit comfortably,seating area of bench,sit comfortably,Yes,success
sit_comfortably,COCO_val2014_000000010092.jpg,bed,sit comfortably,top of bed,sit on top of bed,Yes,success
sit_comfortably,COCO_val2014_000000010104.jpg,motorcycle,sit comfortably,seat of motorcycle,sit on seat,Yes,success
sit_comfortably,COCO_val2014_000000010115.jpg,toilet,sit comfortably,seat of toilet,sit on the toilet seat,Yes,success
sit_comfortably,COCO_val2014_000000010115.jpg,cabinet,sit comfortably,cabinet door,sit on the cabinet door,Yes,success
sit_comfortably,COCO_val2014_000000010192.jpg,table,sit comfortably,top of table,sit on the table,Yes,success
sit_comfortably,COCO_val2014_000000010192.jpg,chair,sit comfortably,back of chair,sit on the chair,Yes,success
sit_comfortably,COCO_val2014_000000010216.jpg,chair,sit comfortably,back of chair,sit on the back of the chair,Yes,success
sit_comfortably,COCO_val2014_000000010249.jpg,bench,sit comfortably,backrest of bench,sit on the backrest,Yes,success
sit_comfortably,COCO_val2014_000000010290.jpg,sink,sit comfortably,top part of sink,sit on the sink,Yes,success
sit_comfortably,COCO_val2014_000000010290.jpg,toilet,sit comfortably,seating area of toilet,sit on the toilet,Yes,success
sit_comfortably,COCO_val2014_000000010463.jpg,bench,sit comfortably,seat of bench,sit on the bench,Yes,success
sit_comfortably,COCO_val2014_000000010534.jpg,bench,sit comfortably,seated position on bench,sit on bench,Yes,success
sit_comfortably,COCO_val2014_000000010591.jpg,chair,sit comfortably,back of chair,sit on the back of the chair,Yes,success
sit_comfortably,COCO_val2014_000000010705.jpg,chair,sit comfortably,seated area of chair,sit on chair,Yes,success
sit_comfortably,COCO_val2014_000000010800.jpg,sink,sit comfortably,top of sink,sit on top of sink,Yes,success
sit_comfortably,COCO_val2014_000000010800.jpg,cabinet,sit comfortably,bottom of cabinet,sit on bottom of cabinet,Yes,success
sit_comfortably,COCO_val2014_000000010966.jpg,table,sit comfortably,table surface,sit on the table,Yes,success
sit_comfortably,COCO_val2014_000000010966.jpg,couch,sit comfortably,couch surface,sit on the couch,Yes,success
sit_comfortably,COCO_val2014_000000010977.jpg,toilet,sit comfortably,seat of toilet,sit on the seat,Yes,success
sit_comfortably,COCO_val2014_000000010977.jpg,sink,sit comfortably,top of sink,sit on the sink top,Yes,success
sit_comfortably,COCO_val2014_000000010995.jpg,bed,sit comfortably,bottom part of bed,sit on the bed,Yes,success
sit_comfortably,COCO_val2014_000000011034.jpg,couch,sit comfortably,couch,sit on the couch,Yes,success
sit_comfortably,COCO_val2014_000000011034.jpg,chair,sit comfortably,chair,sit on the chair,Yes,success
sit_comfortably,COCO_val2014_000000011300.jpg,skateboard,sit comfortably,bottom part of skateboard,sit on skateboard,Yes,success
sit_comfortably,COCO_val2014_000000011305.jpg,chair,sit comfortably,seat of chair,sit on chair,Yes,success
sit_comfortably,COCO_val2014_000000011305.jpg,table,sit comfortably,table surface,sit on table,Yes,success
sit_comfortably,COCO_val2014_000000011305.jpg,floor mat,sit comfortably,mat surface,sit on mat,Yes,success
sit_comfortably,COCO_val2014_000000011313.jpg,bed,sit comfortably,top part of bed,sit on the bed,Yes,success
sit_comfortably,COCO_val2014_000000011511.jpg,bench,sit comfortably,seated area of bench,sit on the bench,Yes,success
sit_comfortably,COCO_val2014_000000011696.jpg,laptop,sit comfortably,laptop screen,use laptop screen as a surface to sit on,Yes,success
sit_comfortably,COCO_val2014_000000011696.jpg,couch,sit comfortably,couch surface,sit on couch,Yes,success
sit_comfortably,COCO_val2014_000000011696.jpg,dog,sit comfortably,dog's back,sit on dog's back,Yes,success
sit_comfortably,COCO_val2014_000000011727.jpg,toilet,sit comfortably,seats of toilet,sit on toilet seats,Yes,success
sit_comfortably,COCO_val2014_000000011987.jpg,chair,sit comfortably,seat of chair,sit on chair,Yes,success
sit_comfortably,COCO_val2014_000000011987.jpg,couch,sit comfortably,seat of couch,sit on couch,Yes,success
sit_comfortably,COCO_val2014_000000011987.jpg,bed,sit comfortably,bed,sit on bed,Yes,success
sit_comfortably,COCO_val2014_000000012085.jpg,cat,sit comfortably,head of cat,simple action,Yes,success
sit_comfortably,COCO_val2014_000000012085.jpg,bed,sit comfortably,bottom of bed,simple action,Yes,success
sit_comfortably,COCO_val2014_000000012101.jpg,toilet,sit comfortably,seated area,sit on the toilet,Yes,success
sit_comfortably,COCO_val2014_000000012323.jpg,toilet,sit comfortably,seat of toilet,sit on toilet,Yes,success
sit_comfortably,COCO_val2014_000000012413.jpg,person,sit comfortably,seat of chair,sit on seat,Yes,success
sit_comfortably,COCO_val2014_000000012547.jpg,bench,sit comfortably,seated area of bench,sit down,Yes,success
sit_comfortably,COCO_val2014_000000012700.jpg,couch,sit comfortably,seated area of couch,sit comfortably,Yes,success
sit_comfortably,COCO_val2014_000000012700.jpg,chair,sit comfortably,seated area of chair,sit comfortably,Yes,success
sit_comfortably,COCO_val2014_000000012741.jpg,bed,sit comfortably,area for sitting,sit on the bed,Yes,success
sit_comfortably,COCO_val2014_000000012741.jpg,blanket,sit comfortably,area for sitting,sit on the blanket,Yes,success
sit_comfortably,COCO_val2014_000000012887.jpg,piano,sit comfortably,seating area around piano,sit on the piano bench,Yes,success
sit_comfortably,COCO_val2014_000000012887.jpg,couch,sit comfortably,couch seating area,sit on the couch,Yes,success
sit_comfortably,COCO_val2014_000000012887.jpg,chair,sit comfortably,chair seating area,sit on the chair,Yes,success
sit_comfortably,COCO_val2014_000000012943.jpg,chair,sit comfortably,seated area of chair,sit down,Yes,success
sit_comfortably,COCO_val2014_000000013081.jpg,laptop,sit comfortably,surface of laptop,place laptop on chair,Yes,success
sit_comfortably,COCO_val2014_000000013081.jpg,chair,sit comfortably,seat of chair,sit on chair,Yes,success
sit_comfortably,COCO_val2014_000000013132.jpg,bench,sit comfortably,seat of bench,sit on bench,Yes,success
sit_comfortably,COCO_val2014_000000013525.jpg,bed,sit comfortably,entire bed,sit on the bed,Yes,success
sit_comfortably,COCO_val2014_000000013659.jpg,chair,sit comfortably,seat of chair,sit comfortably,Yes,success
sit_comfortably,COCO_val2014_000000013721.jpg,sneakers,sit comfortably,foot,step onto the bench,Yes,success
sit_comfortably,COCO_val2014_000000013721.jpg,bench,sit comfortably,seat,sit down,Yes,success
sit_comfortably,COCO_val2014_000000013729.jpg,couch,sit comfortably,seating area of couch,sit comfortably,Yes,success
sit_comfortably,COCO_val2014_000000013729.jpg,table,sit comfortably,seating area of table,sit comfortably,Yes,success
sit_comfortably,COCO_val2014_000000013729.jpg,bottle,sit comfortably,top of table,sit comfortably,Yes,success
sit_comfortably,COCO_val2014_000000013769.jpg,toilet,sit comfortably,seated area of toilet,sit down,Yes,success
sit_comfortably,COCO_val2014_000000013876.jpg,bench,sit comfortably,seats of bench,sit on bench,Yes,success
sit_comfortably,COCO_val2014_000000013882.jpg,black dog,sit comfortably,body,lie down,Yes,success
sit_comfortably,COCO_val2014_000000013882.jpg,blue towel,sit comfortably,underneath dog,lie down,Yes,success
sit_comfortably,COCO_val2014_000000013923.jpg,couch,sit comfortably,seated area of couch,sit on couch,Yes,success
sit_comfortably,COCO_val2014_000000013923.jpg,chair,sit comfortably,seated area of chair,sit on chair,Yes,success
sit_comfortably,COCO_val2014_000000013923.jpg,table,sit comfortably,seated area of table,sit at table,Yes,success
sit_comfortably,COCO_val2014_000000013943.jpg,horse,sit comfortably,back of horse,sit on horse's back,Yes,success
sit_comfortably,COCO_val2014_000000013943.jpg,man,sit comfortably,back of man,sit on man's back,Yes,success
sit_comfortably,COCO_val2014_000000013985.jpg,chair,sit comfortably,back of chair,sit comfortably,Yes,success
sit_comfortably,COCO_val2014_000000014088.jpg,laptop,sit comfortably,top of laptop,sit on the chair,Yes,success
sit_comfortably,COCO_val2014_000000014088.jpg,chair,sit comfortably,back of chair,sit on the chair,Yes,success
sit_comfortably,COCO_val2014_000000014226.jpg,laptop,sit comfortably,laptop screen,use laptop screen as a surface to sit on,Yes,success
sit_comfortably,COCO_val2014_000000014226.jpg,chair,sit comfortably,chair back,sit on chair back,Yes,success
sit_comfortably,COCO_val2014_000000014248.jpg,pillow,sit comfortably,top part of pillow,simple action,Yes,success
sit_comfortably,COCO_val2014_000000014248.jpg,bedspread,sit comfortably,bottom part of bedspread,simple action,Yes,success
sit_comfortably,COCO_val2014_000000014352.jpg,toilet,sit comfortably,seat of toilet,sit comfortably,Yes,success
sit_comfortably,COCO_val2014_000000014713.jpg,couch,sit comfortably,seated on the couch,sit comfortably,Yes,success
sit_comfortably,COCO_val2014_000000014713.jpg,table,sit comfortably,seated on the table,sit comfortably,Yes,success
sit_comfortably,COCO_val2014_000000014781.jpg,toilet,sit comfortably,seat of toilet,sit on the seat,Yes,success
sit_comfortably,COCO_val2014_000000014821.jpg,backpack,sit comfortably,top of backpack,sit on top of backpack,Yes,success
sit_comfortably,COCO_val2014_000000014821.jpg,chair,sit comfortably,bottom of chair,sit on bottom of chair,Yes,success
sit_comfortably,COCO_val2014_000000014869.jpg,bench,sit comfortably,seating area of bench,sit,Yes,success
sit_comfortably,COCO_val2014_000000014921.jpg,toilet,sit comfortably,top part of toilet,sit on toilet,Yes,success
sit_comfortably,COCO_val2014_000000014921.jpg,sink,sit comfortably,top part of sink,sit on sink,Yes,success
sit_comfortably,COCO_val2014_000000014941.jpg,chair,sit comfortably,seat of chair,sit on the seat of the chair,Yes,success
sit_comfortably,COCO_val2014_000000014941.jpg,stuffed animal,sit comfortably,body of stuffed animal,sit on the body of the stuffed animal,Yes,success
sit_comfortably,COCO_val2014_000000015006.jpg,toilet,sit comfortably,seating area of toilet,sit comfortably,Yes,success
sit_comfortably,COCO_val2014_000000015140.jpg,couch,sit comfortably,area of couch used for sitting,sit on the couch,Yes,success
sit_comfortably,COCO_val2014_000000015140.jpg,pillow,sit comfortably,area of pillow used for sitting,sit on the pillow,Yes,success
sit_comfortably,COCO_val2014_000000015148.jpg,bench,sit comfortably,seating area of bench,sit on bench,Yes,success
sit_comfortably,COCO_val2014_000000015148.jpg,racket,sit comfortably,handle of racket,hold racket,Yes,success
sit_comfortably,COCO_val2014_000000015386.jpg,bed,sit comfortably,top part of bed,sit on the bed,Yes,success
sit_comfortably,COCO_val2014_000000015567.jpg,rocking chair,sit comfortably,seat of rocking chair,sit on the seat,Yes,success
sit_comfortably,COCO_val2014_000000015846.jpg,bench,sit comfortably,backrest of bench,sit on the backrest of the bench,Yes,success
sit_comfortably,COCO_val2014_000000015918.jpg,toilet,sit comfortably,seat of toilet,sit on the toilet seat,Yes,success
sit_comfortably,COCO_val2014_000000015947.jpg,couch,sit comfortably,seated area,sit comfortably,Yes,success
sit_comfortably,COCO_val2014_000000015947.jpg,sofa,sit comfortably,seated area,sit comfortably,Yes,success
sit_comfortably,COCO_val2014_000000015968.jpg,couch,sit comfortably,area where person can sit,sit on the couch,Yes,success
sit_comfortably,COCO_val2014_000000016228.jpg,horse,sit comfortably,saddle on horse,sit on saddle,Yes,success
sit_comfortably,COCO_val2014_000000016228.jpg,bench,sit comfortably,seat of bench,sit on seat,Yes,success
sit_comfortably,COCO_val2014_000000016249.jpg,bench,sit comfortably,seating area of bench,sit on the bench,Yes,success
sit_comfortably,COCO_val2014_000000016377.jpg,bench,sit comfortably,seat of bench,sit on bench,Yes,success
sit_comfortably,COCO_val2014_000000016523.jpg,toilet,sit comfortably,seat of toilet,sit comfortably,Yes,success
sit_comfortably,COCO_val2014_000000016523.jpg,sink,sit comfortably,top of sink,sit comfortably,Yes,success
sit_comfortably,COCO_val2014_000000016875.jpg,cat,sit comfortably,body of cat,simple action,Yes,success
sit_comfortably,COCO_val2014_000000016875.jpg,bed,sit comfortably,area under cat,simple action,Yes,success
sit_comfortably,COCO_val2014_000000016958.jpg,chair,sit comfortably,seating area,sit on chair,Yes,success
sit_comfortably,COCO_val2014_000000016958.jpg,desk,sit comfortably,seating area,sit on desk,Yes,success
sit_comfortably,COCO_val2014_000000016977.jpg,bench,sit comfortably,seated area of bench,sit on bench,Yes,success
sit_comfortably,COCO_val2014_000000017095.jpg,bench,sit comfortably,seated area of bench,sit on the bench,Yes,success
sit_comfortably,COCO_val2014_000000017235.jpg,toilet,sit comfortably,seat of toilet,sit comfortably,Yes,success
sit_comfortably,COCO_val2014_000000017436.jpg,bench,sit comfortably,seated area on bench,sit down,Yes,success
sit_comfortably,COCO_val2014_000000017655.jpg,couch,sit comfortably,couch,sit on the couch,Yes,success
sit_comfortably,COCO_val2014_000000017707.jpg,bed,sit comfortably,upper part of bed,sit on the bed,Yes,success
sit_comfortably,COCO_val2014_000000018485.jpg,bench,sit comfortably,seating area of bench,sit down,Yes,success
sit_comfortably,COCO_val2014_000000018888.jpg,bench,sit comfortably,seating area of bench,sit on bench,Yes,success
sit_comfortably,COCO_val2014_000000019322.jpg,bench,sit comfortably,seat of bench,sit on the bench,Yes,success
sit_comfortably,COCO_val2014_000000019322.jpg,dog,sit comfortably,body of dog,sit on the ground,Yes,success
sit_comfortably,COCO_val2014_000000019443.jpg,motorcycle,sit comfortably,seat of motorcycle,sit on seat,Yes,success
sit_comfortably,COCO_val2014_000000019589.jpg,couch,sit comfortably,seat of couch,sit comfortably,Yes,success
sit_comfortably,COCO_val2014_000000019589.jpg,ottoman,sit comfortably,seat of ottoman,sit comfortably,Yes,success
sit_comfortably,COCO_val2014_000000019592.jpg,bench,sit comfortably,seating area,sit on the bench,Yes,success
sit_comfortably,COCO_val2014_000000019592.jpg,tennis racket,sit comfortably,handle,hold the racket,Yes,success
sit_comfortably,COCO_val2014_000000019817.jpg,toilet,sit comfortably,seat of toilet,sit on toilet seat,Yes,success
sit_comfortably,COCO_val2014_000000019817.jpg,cabinet,sit comfortably,cabinet door,sit on cabinet door,Yes,success
sit_comfortably,COCO_val2014_000000019888.jpg,bed,sit comfortably,bottom of bed,sit on the bed,Yes,success
sit_comfortably,COCO_val2014_000000019888.jpg,chair,sit comfortably,right side of bed,sit on the chair,Yes,success
sit_comfortably,COCO_val2014_000000020038.jpg,couch,sit comfortably,seated area,sit down,Yes,success
sit_comfortably,COCO_val2014_000000020038.jpg,chair,sit comfortably,seated area,sit down,Yes,success
sit_comfortably,COCO_val2014_000000020305.jpg,chair,sit comfortably,back of chair,sit on chair,Yes,success
sit_comfortably,COCO_val2014_000000020307.jpg,bicycle,sit comfortably,seat of bicycle,sit on seat,Yes,success
sit_comfortably,COCO_val2014_000000020438.jpg,bed,sit comfortably,area where dog can sit,lie down,Yes,success
sit_comfortably,COCO_val2014_000000020536.jpg,toilet,sit comfortably,seat of toilet,sit on the toilet seat,Yes,success
sit_comfortably,COCO_val2014_000000020779.jpg,carriage,sit comfortably,seats in carriage,sit on seats,Yes,success
sit_comfortably,COCO_val2014_000000020820.jpg,toilet,sit comfortably,seat of toilet,sit on toilet seat,Yes,success
sit_comfortably,COCO_val2014_000000020935.jpg,chair,sit comfortably,seat of chair,sit on chair,Yes,success
sit_comfortably,COCO_val2014_000000020935.jpg,laptop,sit comfortably,keyboard of laptop,sit on chair with laptop,Yes,success
sit_comfortably,COCO_val2014_000000021001.jpg,bed,sit comfortably,top of bed,sit comfortably,Yes,success
sit_comfortably,COCO_val2014_000000021198.jpg,chair,sit comfortably,seat of chair,sit comfortably,Yes,success
sit_comfortably,COCO_val2014_000000021232.jpg,toilet,sit comfortably,seat of toilet,sit on seat,Yes,success
sit_comfortably,COCO_val2014_000000021232.jpg,bathtub,sit comfortably,bottom of bathtub,sit on edge,Yes,success
sit_comfortably,COCO_val2014_000000021396.jpg,couch,sit comfortably,entire couch,sit comfortably,Yes,success
sit_comfortably,COCO_val2014_000000021645.jpg,couch,sit comfortably,seating area of couch,sit comfortably,Yes,success
sit_comfortably,COCO_val2014_000000021645.jpg,chair,sit comfortably,seating area of chair,sit comfortably,Yes,success
sit_comfortably,COCO_val2014_000000021971.jpg,chair,sit comfortably,seat of chair,sit on chair,Yes,success
sit_comfortably,COCO_val2014_000000022191.jpg,toilet,sit comfortably,seat of toilet,sit on the toilet seat,Yes,success
sit_comfortably,COCO_val2014_000000022432.jpg,bed,sit comfortably,bed surface,sit on the bed,Yes,success
sit_comfortably,COCO_val2014_000000022432.jpg,bed,sit comfortably,bed surface,sit on the bed,Yes,success
sit_comfortably,COCO_val2014_000000022432.jpg,bed,sit comfortably,bed surface,sit on the bed,Yes,success
sit_comfortably,COCO_val2014_000000022432.jpg,bed,sit comfortably,bed surface,sit on the bed,Yes,success
sit_comfortably,COCO_val2014_000000022660.jpg,bench,sit comfortably,seating area of bench,sit on bench,Yes,success
sit_comfortably,COCO_val2014_000000022759.jpg,cat,sit comfortably,body of cat,sit on the pillow,Yes,success
sit_comfortably,COCO_val2014_000000022759.jpg,pillow,sit comfortably,pillow,lie on the pillow,Yes,success
sit_comfortably,COCO_val2014_000000023656.jpg,chair,sit comfortably,seat of chair,sit on the chair,Yes,success
sit_comfortably,COCO_val2014_000000023656.jpg,desk,sit comfortably,top of desk,sit on the desk,Yes,success
sit_comfortably,COCO_val2014_000000023666.jpg,toilet,sit comfortably,seating area,sit on the toilet,Yes,success
sit_comfortably,COCO_val2014_000000023666.jpg,bathtub,sit comfortably,seating area,sit in the bathtub,Yes,success
sit_comfortably,COCO_val2014_000000023696.jpg,toilet,sit comfortably,seating area of toilet,sit on the toilet,Yes,success
sit_comfortably,COCO_val2014_000000023731.jpg,chair,sit comfortably,seat of chair,sit comfortably,Yes,success
sit_comfortably,COCO_val2014_000000024053.jpg,toilet,sit comfortably,seat of toilet,sit on toilet seat,Yes,success
sit_comfortably,COCO_val2014_000000024061.jpg,sink,sit comfortably,center of sink,sit comfortably,Yes,success
sit_comfortably,COCO_val2014_000000024061.jpg,toilet,sit comfortably,top of toilet,sit comfortably,Yes,success
sit_comfortably,COCO_val2014_000000024243.jpg,fridge,sit comfortably,inside of fridge,sit on fridge door,Yes,success
sit_comfortably,COCO_val2014_000000024386.jpg,toilet,sit comfortably,seat of toilet,sit on the seat,Yes,success
sit_comfortably,COCO_val2014_000000024386.jpg,skirt,sit comfortably,waist of skirt,sit on the skirt,Yes,success
sit_comfortably,COCO_val2014_000000024610.jpg,chair,sit comfortably,seat of chair,sit on chair,Yes,success
sit_comfortably,COCO_val2014_000000024610.jpg,laptop,sit comfortably,laptop surface,use laptop,Yes,success
sit_comfortably,COCO_val2014_000000024610.jpg,book,sit comfortably,book cover,read book,Yes,success
sit_comfortably,COCO_val2014_000000024610.jpg,bookshelf,sit comfortably,shelf,sit on couch,Yes,success
sit_comfortably,COCO_val2014_000000024610.jpg,couch,sit comfortably,couch surface,sit on couch,Yes,success
sit_comfortably,COCO_val2014_000000025014.jpg,toilet,sit comfortably,seat of toilet,sit comfortably,Yes,success
sit_comfortably,COCO_val2014_000000025244.jpg,bench,sit comfortably,seat of bench,sit on the seat,Yes,success
sit_comfortably,COCO_val2014_000000025358.jpg,chair,sit comfortably,back of chair,sit on the back of the chair,Yes,success
sit_comfortably,COCO_val2014_000000025430.jpg,bench,sit comfortably,backrest of bench,sit on the backrest,Yes,success
sit_comfortably,COCO_val2014_000000025453.jpg,truck,sit comfortably,seating area,sit comfortably,Yes,success
sit_comfortably,COCO_val2014_000000025453.jpg,chair,sit comfortably,seating area,sit comfortably,Yes,success
sit_comfortably,COCO_val2014_000000025609.jpg,donut,sit comfortably,top of donut,simple action,Yes,success
sit_comfortably,COCO_val2014_000000025660.jpg,fountain,sit comfortably,base of fountain,sit on the base of the fountain,Yes,success
sit_comfortably,COCO_val2014_000000025717.jpg,bed,sit comfortably,top part of bed,sit on the bed,Yes,success
sit_comfortably,COCO_val2014_000000025853.jpg,bike,sit comfortably,seat of bike,sit on seat,Yes,success
sit_comfortably,COCO_val2014_000000025896.jpg,bench,sit comfortably,seats of bench,sit on bench,Yes,success
sit_comfortably,COCO_val2014_000000025972.jpg,couch,sit comfortably,cushion area of couch,sit on couch cushion,Yes,success
sit_comfortably,COCO_val2014_000000026630.jpg,bed,sit comfortably,any part of bed,sit comfortably on bed,Yes,success
sit_comfortably,COCO_val2014_000000026735.jpg,bed,sit comfortably,top part of bed,sit on the bed,Yes,success
sit_comfortably,COCO_val2014_000000026735.jpg,stool,sit comfortably,top part of stool,sit on the stool,Yes,success
sit_comfortably,COCO_val2014_000000026765.jpg,bed,sit comfortably,any part of bed,simple action,Yes,success
sit_comfortably,COCO_val2014_000000026765.jpg,dog,sit comfortably,body of dog,simple action,Yes,success
sit_comfortably,COCO_val2014_000000026942.jpg,cat,sit comfortably,body,lie down,Yes,success
sit_comfortably,COCO_val2014_000000026942.jpg,chair,sit comfortably,seat,sit,Yes,success
sit_comfortably,COCO_val2014_000000027065.jpg,toilet,sit comfortably,seat of toilet,sit on the toilet seat,Yes,success
sit_comfortably,COCO_val2014_000000027065.jpg,towel,sit comfortably,towel hanging on rack,hang the towel on the rack,Yes,success
sit_comfortably,COCO_val2014_000000027235.jpg,bear,sit comfortably,body of bear,sit on bed,Yes,success
sit_comfortably,COCO_val2014_000000027528.jpg,bench,sit comfortably,seated area of bench,sit down,Yes,success
sit_comfortably,COCO_val2014_000000027564.jpg,couch,sit comfortably,area where feet are placed,sit on the couch,Yes,success
sit_comfortably,COCO_val2014_000000027564.jpg,foot,sit comfortably,foot,place foot on the couch,Yes,success
sit_comfortably,COCO_val2014_000000027620.jpg,chair,sit comfortably,back of chair,sit comfortably,Yes,success
sit_comfortably,COCO_val2014_000000027789.jpg,couch,sit comfortably,seat of couch,sit down,Yes,success
sit_comfortably,COCO_val2014_000000027789.jpg,chair,sit comfortably,seat of chair,sit down,Yes,success
sit_comfortably,COCO_val2014_000000027969.jpg,bench,sit comfortably,seated area of bench,sit on bench,Yes,success
sit_comfortably,COCO_val2014_000000027982.jpg,toilet,sit comfortably,seat of toilet,sit on the seat,Yes,success
sit_comfortably,COCO_val2014_000000027982.jpg,sink,sit comfortably,edge of sink,sit on the edge,Yes,success
sit_comfortably,COCO_val2014_000000028239.jpg,table,sit comfortably,top surface of table,sit on table,Yes,success
sit_comfortably,COCO_val2014_000000028239.jpg,stool,sit comfortably,seat of stool,sit on stool,Yes,success
sit_comfortably,COCO_val2014_000000028719.jpg,table,sit comfortably,top surface of table,sit on the table,Yes,success
sit_comfortably,COCO_val2014_000000028719.jpg,chair,sit comfortably,back of chair,sit on the chair,Yes,success
sit_comfortably,COCO_val2014_000000028826.jpg,bench,sit comfortably,seating area of bench,sit on bench,Yes,success
sit_comfortably,COCO_val2014_000000028850.jpg,bed,sit comfortably,top of bed,sit on bed,Yes,success
sit_comfortably,COCO_val2014_000000028903.jpg,cat,sit comfortably,back of toilet,sit on the back of the toilet,Yes,success
sit_comfortably,COCO_val2014_000000028903.jpg,toilet,sit comfortably,top of toilet,sit on the top of the toilet,Yes,success
sit_comfortably,COCO_val2014_000000029074.jpg,bed,sit comfortably,top of bed,sit on bed,Yes,success
sit_comfortably,COCO_val2014_000000029074.jpg,couch,sit comfortably,couch,sit on couch,Yes,success
sit_comfortably,COCO_val2014_000000029224.jpg,toilet,sit comfortably,seat of toilet,sit on seat,Yes,success
sit_comfortably,COCO_val2014_000000029308.jpg,bed,sit comfortably,the bed,sit on the bed,Yes,success
sit_comfortably,COCO_val2014_000000029406.jpg,bench,sit comfortably,seating area of bench,sit on the bench,Yes,success
sit_comfortably,COCO_val2014_000000029449.jpg,toilet,sit comfortably,seat of toilet,sit,Yes,success
sit_comfortably,COCO_val2014_000000029449.jpg,sink,sit comfortably,top of sink,sit,Yes,success
sit_comfortably,COCO_val2014_000000029596.jpg,couch,sit comfortably,seat of couch,sit on couch,Yes,success
sit_comfortably,COCO_val2014_000000029596.jpg,table,sit comfortably,table surface,sit on table,Yes,success
sit_comfortably,COCO_val2014_000000029596.jpg,chair,sit comfortably,chair seat,sit on chair,Yes,success
sit_comfortably,COCO_val2014_000000029709.jpg,chair,sit comfortably,seats of chair,sit on chair,Yes,success
sit_comfortably,COCO_val2014_000000030198.jpg,skateboard,sit comfortably,top of skateboard,sit on top of skateboard,Yes,success
sit_comfortably,COCO_val2014_000000030254.jpg,toilet,sit comfortably,seat of toilet,sit on toilet seat,Yes,success
sit_comfortably,COCO_val2014_000000030270.jpg,bathtub,sit comfortably,bottom of bathtub,sit comfortably,Yes,success
sit_comfortably,COCO_val2014_000000030290.jpg,man,sit comfortably,upper body,use the couch for support,Yes,success
sit_comfortably,COCO_val2014_000000030290.jpg,bear,sit comfortably,body,use the bear for support,Yes,success
sit_comfortably,COCO_val2014_000000030356.jpg,cat,sit comfortably,top of toilet,simple action,Yes,success
sit_comfortably,COCO_val2014_000000030432.jpg,toilet,sit comfortably,seat of toilet,sit on the toilet seat,Yes,success
sit_comfortably,COCO_val2014_000000030455.jpg,couch,sit comfortably,back of couch,sit on the back of the couch,Yes,success
sit_comfortably,COCO_val2014_000000030465.jpg,horse,sit comfortably,body,sit on horse's back,Yes,success
sit_comfortably,COCO_val2014_000000030465.jpg,cart,sit comfortably,seat,sit in cart,Yes,success
sit_comfortably,COCO_val2014_000000030607.jpg,cat,sit comfortably,head of cat,simple action,Yes,success
sit_comfortably,COCO_val2014_000000030607.jpg,bed,sit comfortably,top of bed,simple action,Yes,success
sit_comfortably,COCO_val2014_000000030707.jpg,bed,sit comfortably,area for sitting,sit on the bed,Yes,success
sit_comfortably,COCO_val2014_000000030707.jpg,remote,sit comfortably,area for sitting,sit on the bed,Yes,success
sit_comfortably,COCO_val2014_000000030828.jpg,bench,sit comfortably,seat of bench,sit on the bench,Yes,success
sit_comfortably,COCO_val2014_000000030895.jpg,bed,sit comfortably,the bed surface,sit on the bed,Yes,success
sit_comfortably,COCO_val2014_000000030895.jpg,pillow,sit comfortably,the pillow,rest on the pillow,Yes,success
sit_comfortably,COCO_val2014_000000030958.jpg,handbag,sit comfortably,handle of handbag,place hand on handle,Yes,success
sit_comfortably,COCO_val2014_000000031043.jpg,couch,sit comfortably,seated area of couch,sit comfortably,Yes,success
sit_comfortably,COCO_val2014_000000031043.jpg,chair,sit comfortably,seated area of chair,sit comfortably,Yes,success
sit_comfortably,COCO_val2014_000000031049.jpg,couch,sit comfortably,couch,sit comfortably,Yes,success
sit_comfortably,COCO_val2014_000000031248.jpg,chair,sit comfortably,seat of chair,sit on chair,Yes,success
sit_comfortably,COCO_val2014_000000031248.jpg,couch,sit comfortably,seat of couch,sit on couch,Yes,success
sit_comfortably,COCO_val2014_000000031634.jpg,chair,sit comfortably,seated area of chair,sit on chair,Yes,success
sit_comfortably,COCO_val2014_000000031730.jpg,toilet,sit comfortably,seat of toilet,sit on toilet seat,Yes,success
sit_comfortably,COCO_val2014_000000031735.jpg,couch,sit comfortably,seat of couch,sit on the couch,Yes,success
sit_comfortably,COCO_val2014_000000031735.jpg,table,sit comfortably,table surface,sit on the table,Yes,success
sit_comfortably,COCO_val2014_000000031882.jpg,umbrella,sit comfortably,top part of umbrella,hold umbrella to sit,Yes,success
sit_comfortably,COCO_val2014_000000031971.jpg,bed,sit comfortably,upper part of bed,sit on the bed,Yes,success
sit_comfortably,COCO_val2014_000000032285.jpg,toilet,sit comfortably,seat of toilet,sit comfortably,Yes,success
sit_comfortably,COCO_val2014_000000032779.jpg,bed,sit comfortably,upper part of bed,sit on bed,Yes,success
sit_comfortably,COCO_val2014_000000032779.jpg,bathroom,sit comfortably,bathroom floor,sit on bathroom floor,Yes,success
sit_comfortably,COCO_val2014_000000032888.jpg,couch,sit comfortably,seated area,sit down,Yes,success
sit_comfortably,COCO_val2014_000000032888.jpg,coffee table,sit comfortably,surface,sit on,Yes,success
sit_comfortably,COCO_val2014_000000032907.jpg,toilet,sit comfortably,seat of toilet,sit on toilet seat,Yes,success
sit_comfortably,COCO_val2014_000000032947.jpg,toilet,sit comfortably,seats of toilet,sit comfortably,Yes,success
sit_comfortably,COCO_val2014_000000032947.jpg,sink,sit comfortably,top of sink,sit comfortably,Yes,success
sit_comfortably,COCO_val2014_000000033066.jpg,baby,sit comfortably,bottom of chair,sit on chair,Yes,success
sit_comfortably,COCO_val2014_000000033066.jpg,teddy bear,sit comfortably,chair,hold teddy bear,Yes,success
sit_comfortably,COCO_val2014_000000033270.jpg,couch,sit comfortably,couch,sit on couch,Yes,success
sit_comfortably,COCO_val2014_000000033270.jpg,lamp,sit comfortably,lamp,sit under lamp,Yes,success
sit_comfortably,COCO_val2014_000000033345.jpg,chair,sit comfortably,cushion of chair,sit comfortably,Yes,success
sit_comfortably,COCO_val2014_000000033626.jpg,bed,sit comfortably,area where person can sit,sit on the bed,Yes,success
sit_comfortably,COCO_val2014_000000033626.jpg,candle,sit comfortably,area where person can sit,sit on the bed next to the candle,Yes,success
sit_comfortably,COCO_val2014_000000033647.jpg,bench,sit comfortably,backrest and seat of bench,sit on bench,Yes,success
sit_comfortably,COCO_val2014_000000033650.jpg,bed,sit comfortably,canopy of bed,sit on canopy of bed,Yes,success
sit_comfortably,COCO_val2014_000000033753.jpg,bench,sit comfortably,seating area of bench,sit on the bench,Yes,success
sit_comfortably,COCO_val2014_000000033798.jpg,couch,sit comfortably,seating area of couch,sit comfortably,Yes,success
sit_comfortably,COCO_val2014_000000033798.jpg,chair,sit comfortably,seating area of chair,sit comfortably,Yes,success
sit_comfortably,COCO_val2014_000000033802.jpg,couch,sit comfortably,seated area of couch,sit comfortably,Yes,success
sit_comfortably,COCO_val2014_000000033802.jpg,chair,sit comfortably,seated area of chair,sit comfortably,Yes,success
sit_comfortably,COCO_val2014_000000033904.jpg,book,sit comfortably,top part of book,simple action,Yes,success
sit_comfortably,COCO_val2014_000000033904.jpg,chair,sit comfortably,back of chair,simple action,Yes,success
sit_comfortably,COCO_val2014_000000034115.jpg,bear,sit comfortably,back of seat,sit on the back of the seat,Yes,success
sit_comfortably,COCO_val2014_000000034115.jpg,toy,sit comfortably,middle of seat,sit on the middle of the seat,Yes,success
sit_comfortably,COCO_val2014_000000034299.jpg,bench,sit comfortably,seating area of bench,sit on the bench,Yes,success
sit_comfortably,COCO_val2014_000000034445.jpg,chair,sit comfortably,back of chair,sit comfortably,Yes,success
sit_comfortably,COCO_val2014_000000034471.jpg,couch,sit comfortably,seated on the couch,sit comfortably,Yes,success
sit_comfortably,COCO_val2014_000000034471.jpg,floor,sit comfortably,sitting on the floor,sit comfortably,Yes,success
sit_comfortably,COCO_val2014_000000034524.jpg,bed,sit comfortably,entire bed,sit comfortably,Yes,success
sit_comfortably,COCO_val2014_000000034535.jpg,bed,sit comfortably,top surface of bed,sit on the bed,Yes,success
sit_comfortably,COCO_val2014_000000034535.jpg,ottoman,sit comfortably,top surface of ottoman,sit on the ottoman,Yes,success
sit_comfortably,COCO_val2014_000000034657.jpg,couch,sit comfortably,seated area on couch,sit on the couch,Yes,success
sit_comfortably,COCO_val2014_000000034657.jpg,remote control,sit comfortably,hand holding remote control,hold remote control,Yes,success
sit_comfortably,COCO_val2014_000000034701.jpg,toilet,sit comfortably,seat of toilet,sit on toilet seat,Yes,success
sit_comfortably,COCO_val2014_000000034873.jpg,chair,sit comfortably,back of chair,sit comfortably,Yes,success
sit_comfortably,COCO_val2014_000000034904.jpg,book,sit comfortably,cover of book,read the book,Yes,success
sit_comfortably,COCO_val2014_000000034904.jpg,bench,sit comfortably,seat of bench,sit on the bench,Yes,success
sit_comfortably,COCO_val2014_000000034993.jpg,table,sit comfortably,top surface of table,sit on the table,Yes,success
sit_comfortably,COCO_val2014_000000034993.jpg,chair,sit comfortably,seat of chair,sit on the chair,Yes,success
sit_comfortably,COCO_val2014_000000035266.jpg,toilet,sit comfortably,seat of toilet,sit on seat,Yes,success
sit_comfortably,COCO_val2014_000000035313.jpg,bench,sit comfortably,seated area on bench,sit on bench,Yes,success
sit_comfortably,COCO_val2014_000000035435.jpg,red couch,sit comfortably,seats of the couch,sit on the couch,Yes,success
sit_comfortably,COCO_val2014_000000035435.jpg,red sofa,sit comfortably,seats of the sofa,sit on the sofa,Yes,success
sit_comfortably,COCO_val2014_000000035438.jpg,bench,sit comfortably,top part of bench,sit on the top part of the bench,Yes,success
sit_comfortably,COCO_val2014_000000035768.jpg,chair,sit comfortably,back of chair,sit comfortably,Yes,success
sit_comfortably,COCO_val2014_000000035825.jpg,couch,sit comfortably,back of couch,sit comfortably,Yes,success
sit_comfortably,COCO_val2014_000000035825.jpg,chair,sit comfortably,back of chair,sit comfortably,Yes,success
sit_comfortably,COCO_val2014_000000035827.jpg,chair,sit comfortably,seat of chair,sit comfortably,Yes,success
sit_comfortably,COCO_val2014_000000036149.jpg,chair,sit comfortably,back of chair,sit on chair,Yes,success
sit_comfortably,COCO_val2014_000000036149.jpg,table,sit comfortably,top of table,sit on table,Yes,success
sit_comfortably,COCO_val2014_000000036331.jpg,bench,sit comfortably,seat of bench,sit on the bench,Yes,success
sit_comfortably,COCO_val2014_000000036450.jpg,chair,sit comfortably,seat of chair,sit on chair,Yes,success
sit_comfortably,COCO_val2014_000000036450.jpg,desk,sit comfortably,top of desk,sit on desk,Yes,success
sit_comfortably,COCO_val2014_000000036494.jpg,chair,sit comfortably,back of chair,sit comfortably,Yes,success
sit_comfortably,COCO_val2014_000000036661.jpg,bed,sit comfortably,top of bed,sit on bed,Yes,success
sit_comfortably,COCO_val2014_000000036713.jpg,couch,sit comfortably,seat of couch,sit on the seat of the couch,Yes,success
sit_comfortably,COCO_val2014_000000036844.jpg,chair,sit comfortably,seat of chair,sit comfortably,Yes,success
sit_comfortably,COCO_val2014_000000036844.jpg,couch,sit comfortably,seat of couch,sit comfortably,Yes,success
sit_comfortably,COCO_val2014_000000036962.jpg,chair,sit comfortably,back of chair,sit comfortably,Yes,success
sit_comfortably,COCO_val2014_000000037456.jpg,sofa,sit comfortably,cushion,sit on the sofa,Yes,success
sit_comfortably,COCO_val2014_000000037456.jpg,chair,sit comfortably,seat,sit on the chair,Yes,success
sit_comfortably,COCO_val2014_000000037740.jpg,chair,sit comfortably,backrest of chair,sit comfortably,Yes,success
sit_comfortably,COCO_val2014_000000038070.jpg,toilet,sit comfortably,seat of toilet,sit on toilet seat,Yes,success
sit_comfortably,COCO_val2014_000000038090.jpg,couch,sit comfortably,seat of couch,sit comfortably,Yes,success
sit_comfortably,COCO_val2014_000000038090.jpg,chair,sit comfortably,seat of chair,sit comfortably,Yes,success
sit_comfortably,COCO_val2014_000000038726.jpg,man,sit comfortably,seated position,sit on the bench,Yes,success
sit_comfortably,COCO_val2014_000000038726.jpg,bench,sit comfortably,seated position,sit on the bench,Yes,success
sit_comfortably,COCO_val2014_000000038772.jpg,bench,sit comfortably,seats of bench,sit on the bench,Yes,success
sit_comfortably,COCO_val2014_000000039267.jpg,toilet,sit comfortably,seat of toilet,sit on toilet seat,Yes,success
sit_comfortably,COCO_val2014_000000039399.jpg,bench,sit comfortably,seating area of bench,sit on bench,Yes,success
sit_comfortably,COCO_val2014_000000039477.jpg,couch,sit comfortably,seat of couch,sit comfortably,Yes,success
sit_comfortably,COCO_val2014_000000039477.jpg,pillow,sit comfortably,back of couch,sit comfortably,Yes,success
sit_comfortably,COCO_val2014_000000039502.jpg,chair,sit comfortably,back of chair,sit on chair,Yes,success
sit_comfortably,COCO_val2014_000000039769.jpg,remote,sit comfortably,top of remote,simple action,Yes,success
sit_comfortably,COCO_val2014_000000039769.jpg,cat,sit comfortably,body of cat,simple action,Yes,success
sit_comfortably,COCO_val2014_000000039852.jpg,desk,sit comfortably,top surface of desk,sit on the desk,Yes,success
sit_comfortably,COCO_val2014_000000039852.jpg,chair,sit comfortably,back of chair,sit on the chair,Yes,success
sit_comfortably,COCO_val2014_000000039900.jpg,wagon,sit comfortably,seating area of wagon,sit on the wagon,Yes,success
sit_comfortably,COCO_val2014_000000039956.jpg,chair,sit comfortably,back of chair,sit comfortably,Yes,success
sit_comfortably,COCO_val2014_000000039963.jpg,bed,sit comfortably,top part of bed,sit on bed,Yes,success
sit_comfortably,COCO_val2014_000000039963.jpg,shelf,sit comfortably,top part of shelf,sit on shelf,Yes,success
sit_comfortably,COCO_val2014_000000040051.jpg,toilet,sit comfortably,seat of toilet,sit comfortably,Yes,success
sit_comfortably,COCO_val2014_000000040083.jpg,umbrella,sit comfortably,area under umbrella,sit under umbrella,Yes,success
sit_comfortably,COCO_val2014_000000040446.jpg,chair,sit comfortably,back of chair,sit on chair,Yes,success
sit_comfortably,COCO_val2014_000000040686.jpg,bed,sit comfortably,top of bed,sit comfortably,Yes,success
sit_comfortably,COCO_val2014_000000040894.jpg,boat,sit comfortably,seats on the boat,sit on the seats,Yes,success
sit_comfortably,COCO_val2014_000000041373.jpg,bed,sit comfortably,top of bed,lay down,Yes,success
sit_comfortably,COCO_val2014_000000041373.jpg,cat,sit comfortably,body of cat,lie down,Yes,success
sit_comfortably,COCO_val2014_000000041397.jpg,bench,sit comfortably,seating area of bench,sit on bench,Yes,success
sit_comfortably,COCO_val2014_000000041550.jpg,chair,sit comfortably,back of chair,sit on chair,Yes,success
sit_comfortably,COCO_val2014_000000041872.jpg,chair,sit comfortably,back of chair,sit comfortably,Yes,success
sit_comfortably,COCO_val2014_000000041872.jpg,ottoman,sit comfortably,top of ottoman,sit comfortably,Yes,success
sit_comfortably,COCO_val2014_000000042276.jpg,toilet,sit comfortably,seat of toilet,sit on toilet seat,Yes,success
sit_comfortably,COCO_val2014_000000042276.jpg,shoe,sit comfortably,top of shoe,sit on shoe,Yes,success
sit_comfortably,COCO_val2014_000000042383.jpg,toilet,sit comfortably,seat of toilet,sit on toilet seat,Yes,success
sit_comfortably,COCO_val2014_000000042856.jpg,dog,sit comfortably,body,lie down,Yes,success
sit_comfortably,COCO_val2014_000000042856.jpg,couch,sit comfortably,seat,lie down,Yes,success
sit_comfortably,COCO_val2014_000000043202.jpg,bench,sit comfortably,seats of bench,sit on bench,Yes,success
sit_comfortably,COCO_val2014_000000043771.jpg,toilet,sit comfortably,seat of toilet,sit on the seat,Yes,success
sit_comfortably,COCO_val2014_000000043851.jpg,cat,sit comfortably,body of cat,sit on the bed,Yes,success
sit_comfortably,COCO_val2014_000000043851.jpg,bed,sit comfortably,surface of bed,sit on the bed,Yes,success
sit_comfortably,COCO_val2014_000000044022.jpg,cat,sit comfortably,body,sit on the bed,Yes,success
sit_comfortably,COCO_val2014_000000044054.jpg,camera,sit comfortably,camera on a tripod,use camera to take a picture,Yes,success
sit_comfortably,COCO_val2014_000000044054.jpg,table,sit comfortably,table in the background,sit on the table,Yes,success
sit_comfortably,COCO_val2014_000000044068.jpg,chair,sit comfortably,seating area,sit on the chair,Yes,success
sit_comfortably,COCO_val2014_000000044151.jpg,bottle,sit comfortably,top of bottle,sit on top of bottle,Yes,success
sit_comfortably,COCO_val2014_000000044989.jpg,bed,sit comfortably,entire bed,sit comfortably,Yes,success
sit_comfortably,COCO_val2014_000000045016.jpg,toilet,sit comfortably,seating area,sit on toilet,Yes,success
sit_comfortably,COCO_val2014_000000045195.jpg,table,sit comfortably,top surface of table,sit on the table,Yes,success
sit_comfortably,COCO_val2014_000000045195.jpg,chair,sit comfortably,seat of chair,sit on the chair,Yes,success
sit_comfortably,COCO_val2014_000000045404.jpg,bed,sit comfortably,top of bed,sit on the bed,Yes,success
sit_comfortably,COCO_val2014_000000045404.jpg,table,sit comfortably,top of table,sit on the table,Yes,success
sit_comfortably,COCO_val2014_000000046048.jpg,bed,sit comfortably,area where person can sit,sit comfortably,Yes,success
sit_comfortably,COCO_val2014_000000046144.jpg,bench,sit comfortably,any part of the bench,sit on the bench,Yes,success
sit_comfortably,COCO_val2014_000000046316.jpg,cat,sit comfortably,entire cat,lie down,Yes,success
sit_comfortably,COCO_val2014_000000046433.jpg,bed,sit comfortably,top of bed,sit on bed,Yes,success
sit_comfortably,COCO_val2014_000000046433.jpg,couch,sit comfortably,top of couch,sit on couch,Yes,success
sit_comfortably,COCO_val2014_000000047055.jpg,bed,sit comfortably,bed surface,sit on bed,Yes,success
sit_comfortably,COCO_val2014_000000047234.jpg,car seat,sit comfortably,seat area,sit on the seat,Yes,success
sit_comfortably,COCO_val2014_000000047234.jpg,bear,sit comfortably,bear's body,sit on the bear,Yes,success
sit_comfortably,COCO_val2014_000000047559.jpg,toilet,sit comfortably,seat of toilet,sit comfortably,Yes,success
sit_comfortably,COCO_val2014_000000047559.jpg,bathroom sink,sit comfortably,top of sink,sit comfortably,Yes,success
sit_comfortably,COCO_val2014_000000047571.jpg,horse,sit comfortably,back of horse,sit on horse's back,Yes,success
sit_comfortably,COCO_val2014_000000047571.jpg,carriage,sit comfortably,seat of carriage,sit on carriage seat,Yes,success
sit_comfortably,COCO_val2014_000000047611.jpg,table,sit comfortably,top surface of table,sit on the table,Yes,success
sit_comfortably,COCO_val2014_000000047611.jpg,chair,sit comfortably,seat of chair,sit on the chair,Yes,success
sit_comfortably,COCO_val2014_000000047769.jpg,couch,sit comfortably,seating area,sit on the couch,Yes,success
sit_comfortably,COCO_val2014_000000047769.jpg,stool,sit comfortably,seating area,sit on the stool,Yes,success
sit_comfortably,COCO_val2014_000000047769.jpg,table,sit comfortably,seating area,sit on the table,Yes,success
sit_comfortably,COCO_val2014_000000047769.jpg,lamp,sit comfortably,seating area,sit under the lamp,Yes,success
sit_comfortably,COCO_val2014_000000047781.jpg,bed,sit comfortably,bed surface,sit on the bed,Yes,success
sit_comfortably,COCO_val2014_000000047882.jpg,chair,sit comfortably,seat of chair,sit comfortably,Yes,success
sit_comfortably,COCO_val2014_000000048014.jpg,bench,sit comfortably,seating area of bench,sit down,Yes,success
sit_comfortably,COCO_val2014_000000048708.jpg,chair,sit comfortably,back of chair,sit comfortably,Yes,success
sit_comfortably,COCO_val2014_000000048795.jpg,book,sit comfortably,cover of book,simple action,Yes,success
sit_comfortably,COCO_val2014_000000048850.jpg,table,sit comfortably,top surface of table,sit on table,Yes,success
sit_comfortably,COCO_val2014_000000048850.jpg,chair,sit comfortably,seat of chair,sit on chair,Yes,success
sit_comfortably,COCO_val2014_000000049006.jpg,couch,sit comfortably,seated area on couch,sit comfortably,Yes,success
sit_comfortably,COCO_val2014_000000049006.jpg,chair,sit comfortably,seated area on chair,sit comfortably,Yes,success
sit_comfortably,COCO_val2014_000000049151.jpg,couch,sit comfortably,seated area of couch,sit on couch,Yes,success
sit_comfortably,COCO_val2014_000000049151.jpg,chair,sit comfortably,seated area of chair,sit on chair,Yes,success
sit_comfortably,COCO_val2014_000000049370.jpg,bed,sit comfortably,top of bed,lie down,Yes,success
sit_comfortably,COCO_val2014_000000050431.jpg,horse,sit comfortably,back of horse,sit on horse,Yes,success
sit_comfortably,COCO_val2014_000000050431.jpg,carriage,sit comfortably,seat in carriage,sit on carriage seat,Yes,success
sit_comfortably,COCO_val2014_000000050828.jpg,bed,sit comfortably,bottom part of bed,sit on bed,Yes,success
sit_comfortably,COCO_val2014_000000050828.jpg,desk,sit comfortably,top part of desk,sit on desk,Yes,success
sit_comfortably,COCO_val2014_000000051028.jpg,chair,sit comfortably,seat of chair,sit comfortably,Yes,success
sit_comfortably,COCO_val2014_000000051028.jpg,keyboard,sit comfortably,surface of keyboard,sit comfortably,Yes,success
sit_comfortably,COCO_val2014_000000051054.jpg,woman,sit comfortably,seated position,sit on bed,Yes,success
sit_comfortably,COCO_val2014_000000051054.jpg,bed,sit comfortably,seated position,sit on bed,Yes,success
sit_comfortably,COCO_val2014_000000051181.jpg,bench,sit comfortably,back of bench,sit on the back of the bench,Yes,success
sit_comfortably,COCO_val2014_000000051203.jpg,couch,sit comfortably,seated area of couch,sit on the couch,Yes,success
sit_comfortably,COCO_val2014_000000051203.jpg,chair,sit comfortably,seated area of chair,sit on the chair,Yes,success
sit_comfortably,COCO_val2014_000000051272.jpg,couch,sit comfortably,entire couch,sit comfortably,Yes,success
sit_comfortably,COCO_val2014_000000051277.jpg,bed,sit comfortably,the bed,sit on the bed,Yes,success
sit_comfortably,COCO_val2014_000000051324.jpg,woman,sit comfortably,legs on seat,sit on seat,Yes,success
sit_comfortably,COCO_val2014_000000051324.jpg,seat,sit comfortably,seat area,sit on seat,Yes,success
sit_comfortably,COCO_val2014_000000051403.jpg,chair,sit comfortably,seat of chair,sit on the seat of the chair,Yes,success
sit_comfortably,COCO_val2014_000000051610.jpg,laptop,sit comfortably,keyboard area,sit on the keyboard,Yes,success
sit_comfortably,COCO_val2014_000000051738.jpg,bed,sit comfortably,bed surface,sit on bed,Yes,success
sit_comfortably,COCO_val2014_000000051738.jpg,lamp,sit comfortably,bedside table,sit next to lamp,Yes,success
sit_comfortably,COCO_val2014_000000051741.jpg,toilet,sit comfortably,seat of toilet,sit on the toilet seat,Yes,success
sit_comfortably,COCO_val2014_000000051741.jpg,sink,sit comfortably,top of sink,sit on the sink top,Yes,success
sit_comfortably,COCO_val2014_000000051746.jpg,couch,sit comfortably,seated area on couch,sit comfortably,Yes,success
sit_comfortably,COCO_val2014_000000051746.jpg,chair,sit comfortably,seated area on chair,sit comfortably,Yes,success
sit_comfortably,COCO_val2014_000000052132.jpg,chair,sit comfortably,seating area of chair,sit on chair,Yes,success
sit_comfortably,COCO_val2014_000000052132.jpg,couch,sit comfortably,seating area of couch,sit on couch,Yes,success
sit_comfortably,COCO_val2014_000000052232.jpg,bed,sit comfortably,upper part of bed,sit on bed,Yes,success
sit_comfortably,COCO_val2014_000000052232.jpg,chair,sit comfortably,seat of chair,sit on chair,Yes,success
sit_comfortably,COCO_val2014_000000052257.jpg,chair,sit comfortably,seating area of chair,sit on chair,Yes,success
sit_comfortably,COCO_val2014_000000052257.jpg,table,sit comfortably,table surface,sit on table,Yes,success
sit_comfortably,COCO_val2014_000000052546.jpg,chair,sit comfortably,back of chair,sit comfortably,Yes,success
sit_comfortably,COCO_val2014_000000052691.jpg,chair,sit comfortably,seating area of chair,sit on chair,Yes,success
sit_comfortably,COCO_val2014_000000052691.jpg,box,sit comfortably,top of box,sit on top of box,Yes,success
sit_comfortably,COCO_val2014_000000052925.jpg,cat,sit comfortably,back of cat,sit on back of cat,Yes,success
sit_comfortably,COCO_val2014_000000052925.jpg,bench,sit comfortably,front of bench,sit on front of bench,Yes,success
sit_comfortably,COCO_val2014_000000052996.jpg,stove,sit comfortably,burner,sit comfortably on the burner,Yes,success
sit_comfortably,COCO_val2014_000000052996.jpg,table,sit comfortably,top,sit comfortably on the table,Yes,success
sit_comfortably,COCO_val2014_000000053431.jpg,man,sit comfortably,seat of chair,sit on chair,Yes,success
sit_comfortably,COCO_val2014_000000053431.jpg,chair,sit comfortably,seat of chair,sit on chair,Yes,success
sit_comfortably,COCO_val2014_000000053434.jpg,toilet,sit comfortably,seat of toilet,sit on the toilet seat,Yes,success
sit_comfortably,COCO_val2014_000000053580.jpg,person,sit comfortably,back of seat,sit on the seat,Yes,success
sit_comfortably,COCO_val2014_000000053965.jpg,bed,sit comfortably,top of bed,sit on bed,Yes,success
sit_comfortably,COCO_val2014_000000054091.jpg,laptop,sit comfortably,laptop screen,simple action,Yes,success
sit_comfortably,COCO_val2014_000000054091.jpg,laptop,sit comfortably,laptop screen,simple action,Yes,success
sit_comfortably,COCO_val2014_000000054204.jpg,horse,sit comfortably,back of horse,sit on horse's back,Yes,success
sit_comfortably,COCO_val2014_000000054204.jpg,cart,sit comfortably,seat of cart,sit on cart's seat,Yes,success
sit_comfortably,COCO_val2014_000000054334.jpg,bed,sit comfortably,top part of bed,sit on bed,Yes,success
sit_comfortably,COCO_val2014_000000054334.jpg,chair,sit comfortably,chair back,sit on chair,Yes,success
sit_comfortably,COCO_val2014_000000054340.jpg,cat,sit comfortably,body,lie down,Yes,success
sit_comfortably,COCO_val2014_000000054358.jpg,pillow,sit comfortably,top of pillow,sit on pillow,Yes,success
sit_comfortably,COCO_val2014_000000054358.jpg,table,sit comfortably,top of table,sit on table,Yes,success
sit_comfortably,COCO_val2014_000000054540.jpg,bed,sit comfortably,top part of bed,sit on the bed,Yes,success
sit_comfortably,COCO_val2014_000000054540.jpg,pillow,sit comfortably,top part of bed,sit on the pillow,Yes,success
sit_comfortably,COCO_val2014_000000054671.jpg,bed,sit comfortably,foot of bed,sit on bed,Yes,success
sit_comfortably,COCO_val2014_000000054671.jpg,table,sit comfortably,top of table,sit on table,Yes,success
sit_comfortably,COCO_val2014_000000054761.jpg,luggage,sit comfortably,handle of luggage,hold luggage handle,Yes,success
sit_comfortably,COCO_val2014_000000054761.jpg,book,sit comfortably,cover of book,hold book,Yes,success
sit_comfortably,COCO_val2014_000000055002.jpg,toilet,sit comfortably,seat of toilet,sit on the seat,Yes,success
sit_comfortably,COCO_val2014_000000055223.jpg,couch,sit comfortably,seating area of couch,sit on the couch,Yes,success
sit_comfortably,COCO_val2014_000000055223.jpg,chair,sit comfortably,seating area of chair,sit in the chair,Yes,success
sit_comfortably,COCO_val2014_000000055467.jpg,table,sit comfortably,top surface of table,sit on the table,Yes,success
sit_comfortably,COCO_val2014_000000055467.jpg,chair,sit comfortably,backrest of chair,sit on the chair,Yes,success
sit_comfortably,COCO_val2014_000000056108.jpg,chair,sit comfortably,seating area of chair,sit comfortably,Yes,success
sit_comfortably,COCO_val2014_000000056205.jpg,bicycle,sit comfortably,seat of bicycle,sit on the seat of the bicycle,Yes,success
sit_comfortably,COCO_val2014_000000056212.jpg,toilet,sit comfortably,seat of toilet,sit on the seat,Yes,success
sit_comfortably,COCO_val2014_000000056248.jpg,chair,sit comfortably,back of chair,sit on the back of the chair,Yes,success
sit_comfortably,COCO_val2014_000000056426.jpg,sink,sit comfortably,top of sink,sit on top of sink,Yes,success
sit_comfortably,COCO_val2014_000000056426.jpg,toilet,sit comfortably,toilet seat,sit on toilet seat,Yes,success
sit_comfortably,COCO_val2014_000000056426.jpg,bathtub,sit comfortably,inside bathtub,sit in bathtub,Yes,success
sit_comfortably,COCO_val2014_000000056433.jpg,table,sit comfortably,top surface of table,sit on the table,Yes,success
sit_comfortably,COCO_val2014_000000056433.jpg,laptop,sit comfortably,top surface of laptop,sit on the laptop,Yes,success
sit_comfortably,COCO_val2014_000000056624.jpg,bench,sit comfortably,seated area of bench,sit on bench,Yes,success
sit_comfortably,COCO_val2014_000000056638.jpg,bench,sit comfortably,backrest of bench,sit on backrest,Yes,success
sit_comfortably,COCO_val2014_000000056701.jpg,couch,sit comfortably,seat of couch,sit on couch,Yes,success
sit_comfortably,COCO_val2014_000000056701.jpg,dog,sit comfortably,floor,lie down,Yes,success
sit_comfortably,COCO_val2014_000000057124.jpg,toilet,sit comfortably,seat of toilet,sit on the seat,Yes,success
sit_comfortably,COCO_val2014_000000057232.jpg,bats,sit comfortably,handle of bat,place the handle of a bat on the seat of a chair,Yes,success
sit_comfortably,COCO_val2014_000000057232.jpg,globes,sit comfortably,base of globe,place the base of a globe on the seat of a chair,Yes,success
sit_comfortably,COCO_val2014_000000057232.jpg,vases,sit comfortably,base of vase,place the base of a vase on the seat of a chair,Yes,success
sit_comfortably,COCO_val2014_000000057359.jpg,chair,sit comfortably,back of chair,sit on chair,Yes,success
sit_comfortably,COCO_val2014_000000057359.jpg,bag,sit comfortably,bottom of bag,sit on bag,Yes,success
sit_comfortably,COCO_val2014_000000057508.jpg,suitcase,sit comfortably,inside of suitcase,simple action,Yes,success
sit_comfortably,COCO_val2014_000000057812.jpg,cat,sit comfortably,body of cat,simple action,Yes,success
sit_comfortably,COCO_val2014_000000057812.jpg,laptop,sit comfortably,laptop screen,simple action,Yes,success
sit_comfortably,COCO_val2014_000000057917.jpg,bench,sit comfortably,seats of bench,sit on bench,Yes,success
sit_comfortably,COCO_val2014_000000058001.jpg,remote control,sit comfortably,bottom part of remote control,simple action,Yes,success
sit_comfortably,COCO_val2014_000000058001.jpg,remote control,sit comfortably,top part of remote control,simple action,Yes,success
sit_comfortably,COCO_val2014_000000058001.jpg,remote control,sit comfortably,bottom part of remote control,simple action,Yes,success
sit_comfortably,COCO_val2014_000000058001.jpg,remote control,sit comfortably,top part of remote control,simple action,Yes,success
sit_comfortably,COCO_val2014_000000058139.jpg,couch,sit comfortably,seat of couch,sit on the seat of the couch,Yes,success
sit_comfortably,COCO_val2014_000000058364.jpg,table,sit comfortably,top surface of table,sit on the table,Yes,success
sit_comfortably,COCO_val2014_000000058364.jpg,chair,sit comfortably,seat of chair,sit on the chair,Yes,success
sit_comfortably,COCO_val2014_000000058393.jpg,bench,sit comfortably,seating area of bench,sit on bench,Yes,success
sit_comfortably,COCO_val2014_000000058690.jpg,piano,sit comfortably,seating area of piano,sit on the piano seat,Yes,success
sit_comfortably,COCO_val2014_000000058690.jpg,bench,sit comfortably,seating area of bench,sit on the bench,Yes,success
sit_comfortably,COCO_val2014_000000058851.jpg,bench,sit comfortably,top of bench,sit on top of bench,Yes,success
sit_comfortably,COCO_val2014_000000059000.jpg,couch,sit comfortably,seat of couch,sit on the couch,Yes,success
sit_comfortably,COCO_val2014_000000059000.jpg,chair,sit comfortably,seat of chair,sit on the chair,Yes,success
sit_comfortably,COCO_val2014_000000059920.jpg,toilet,sit comfortably,seat of toilet,sit comfortably,Yes,success
sit_comfortably,COCO_val2014_000000059920.jpg,bidet,sit comfortably,seat of bidet,sit comfortably,Yes,success
sit_comfortably,COCO_val2014_000000060177.jpg,umbrella,sit comfortably,top part of umbrella,use umbrella to provide shade and support while sitting,Yes,success
sit_comfortably,COCO_val2014_000000060177.jpg,bike,sit comfortably,seat of bike,sit on the seat of the bike,Yes,success
sit_comfortably,COCO_val2014_000000060213.jpg,bed,sit comfortably,comfortable surface,sit comfortably,Yes,success
sit_comfortably,COCO_val2014_000000060213.jpg,pillow,sit comfortably,pillow,sit comfortably,Yes,success
sit_comfortably,COCO_val2014_000000060347.jpg,bench,sit comfortably,seated area of bench,sit down,Yes,success
sit_comfortably,COCO_val2014_000000060364.jpg,toilet,sit comfortably,seat of toilet,sit on the toilet seat,Yes,success
sit_comfortably,COCO_val2014_000000060364.jpg,shower curtain,sit comfortably,area behind shower curtain,sit behind the shower curtain,Yes,success
sit_comfortably,COCO_val2014_000000060448.jpg,bed,sit comfortably,lower part of bed,sit down,Yes,success
sit_comfortably,COCO_val2014_000000060449.jpg,laptop,sit comfortably,laptop screen,sit on the laptop screen,Yes,success
sit_comfortably,COCO_val2014_000000060449.jpg,table,sit comfortably,table surface,sit on the table surface,Yes,success
sit_comfortably,COCO_val2014_000000060548.jpg,couch,sit comfortably,couch,sit on the couch,Yes,success
sit_comfortably,COCO_val2014_000000060548.jpg,bed,sit comfortably,bed,sit on the bed,Yes,success
sit_comfortably,COCO_val2014_000000060596.jpg,bed,sit comfortably,area for sitting,sit on the bed,Yes,success
sit_comfortably,COCO_val2014_000000060596.jpg,remote control,sit comfortably,area for holding,hold the remote control,Yes,success
sit_comfortably,COCO_val2014_000000060730.jpg,picnic table,sit comfortably,seating area of table,sit,Yes,success
sit_comfortably,COCO_val2014_000000060899.jpg,couch,sit comfortably,seating area of couch,sit on the couch,Yes,success
sit_comfortably,COCO_val2014_000000060899.jpg,chair,sit comfortably,seating area of chair,sit on the chair,Yes,success
sit_comfortably,COCO_val2014_000000061333.jpg,cat,sit comfortably,entire body,sit on blanket,Yes,success
sit_comfortably,COCO_val2014_000000061333.jpg,blanket,sit comfortably,entire blanket,lie on cat,Yes,success
sit_comfortably,COCO_val2014_000000061418.jpg,chair,sit comfortably,seat of chair,sit on chair,Yes,success
sit_comfortably,COCO_val2014_000000061422.jpg,sink,sit comfortably,top of sink,sit on sink,Yes,success
sit_comfortably,COCO_val2014_000000061422.jpg,toilet,sit comfortably,seat of toilet,sit on toilet,Yes,success
sit_comfortably,COCO_val2014_000000061584.jpg,horse statue,sit comfortably,seat of horse statue,sit on the seat of the horse statue,Yes,success
sit_comfortably,COCO_val2014_000000061584.jpg,brick wall,sit comfortably,brick wall,sit against the brick wall,Yes,success
sit_comfortably,COCO_val2014_000000061717.jpg,bed,sit comfortably,top part of bed,sit on bed,Yes,success
sit_comfortably,COCO_val2014_000000061925.jpg,bed,sit comfortably,upper part of bed,sit on the bed,Yes,success
sit_comfortably,COCO_val2014_000000061925.jpg,couch,sit comfortably,upper part of couch,sit on the couch,Yes,success
sit_comfortably,COCO_val2014_000000061960.jpg,bed,sit comfortably,entire bed,sit on bed,Yes,success
sit_comfortably,COCO_val2014_000000061983.jpg,bed,sit comfortably,area for sitting,sit on the bed,Yes,success
sit_comfortably,COCO_val2014_000000061983.jpg,laptop,sit comfortably,area for resting hands,rest hands on the laptop,Yes,success
sit_comfortably,COCO_val2014_000000062398.jpg,cat,sit comfortably,body,lie down,Yes,success
sit_comfortably,COCO_val2014_000000062398.jpg,blanket,sit comfortably,surface,lie on,Yes,success
sit_comfortably,COCO_val2014_000000062423.jpg,sink,sit comfortably,top part of sink,sit on top of sink,Yes,success
sit_comfortably,COCO_val2014_000000062491.jpg,sink,sit comfortably,top part of sink,sit on top of sink,Yes,success
sit_comfortably,COCO_val2014_000000062491.jpg,toilet,sit comfortably,seating area of toilet,sit on toilet seat,Yes,success
sit_comfortably,COCO_val2014_000000062500.jpg,bench,sit comfortably,seating area of bench,sit on bench,Yes,success
sit_comfortably,COCO_val2014_000000062623.jpg,bed,sit comfortably,entire bed,lie down on bed,Yes,success
sit_comfortably,COCO_val2014_000000062623.jpg,laptop,sit comfortably,laptop screen,use laptop screen,Yes,success
sit_comfortably,COCO_val2014_000000063647.jpg,red couch,sit comfortably,seated area on couch,sit comfortably,Yes,success
sit_comfortably,COCO_val2014_000000063647.jpg,red ottoman,sit comfortably,seated area on ottoman,sit comfortably,Yes,success
sit_comfortably,COCO_val2014_000000063882.jpg,toilet,sit comfortably,seat of toilet,sit on toilet seat,Yes,success
sit_comfortably,COCO_val2014_000000064621.jpg,horse,sit comfortably,back of horse,sit on horse's back,Yes,success
sit_comfortably,COCO_val2014_000000064621.jpg,cart,sit comfortably,seats in cart,sit in cart,Yes,success
sit_comfortably,COCO_val2014_000000065074.jpg,bed,sit comfortably,top part of bed,sit on top of bed,Yes,success
sit_comfortably,COCO_val2014_000000065170.jpg,bench,sit comfortably,seated area of bench,sit on the bench,Yes,success
sit_comfortably,COCO_val2014_000000065267.jpg,couch,sit comfortably,seat of couch,sit comfortably,Yes,success
sit_comfortably,COCO_val2014_000000065267.jpg,ottoman,sit comfortably,top of ottoman,sit comfortably,Yes,success
sit_comfortably,COCO_val2014_000000065270.jpg,toilet,sit comfortably,seat of toilet,sit on toilet seat,Yes,success
sit_comfortably,COCO_val2014_000000065520.jpg,teddy bear,sit comfortably,body of teddy bear,sit on the bed,Yes,success
sit_comfortably,COCO_val2014_000000065773.jpg,chair,sit comfortably,seat of chair,sit on chair,Yes,success
sit_comfortably,COCO_val2014_000000065773.jpg,table,sit comfortably,table surface,sit on table,Yes,success
sit_comfortably,COCO_val2014_000000065889.jpg,toilet,sit comfortably,seating area of toilet,sit on toilet,Yes,success
sit_comfortably,COCO_val2014_000000065948.jpg,chair,sit comfortably,back of chair,sit on chair,Yes,success
sit_comfortably,COCO_val2014_000000065948.jpg,table,sit comfortably,table surface,sit on table,Yes,success
sit_comfortably,COCO_val2014_000000066355.jpg,bed,sit comfortably,surface of bed,sit on the bed,Yes,success
sit_comfortably,COCO_val2014_000000066355.jpg,cat,sit comfortably,body of cat,sit on the cat,Yes,success
sit_comfortably,COCO_val2014_000000066523.jpg,bed,sit comfortably,top of bed,sit on top of bed,Yes,success
sit_comfortably,COCO_val2014_000000066879.jpg,toilet,sit comfortably,seat of toilet,sit on the toilet seat,Yes,success
sit_comfortably,COCO_val2014_000000066879.jpg,sink,sit comfortably,edge of sink,sit on the edge of the sink,Yes,success
sit_comfortably,COCO_val2014_000000066960.jpg,bed,sit comfortably,entire bed,lie down,Yes,success
sit_comfortably,COCO_val2014_000000066960.jpg,basket,sit comfortably,basket,sit,Yes,success
sit_comfortably,COCO_val2014_000000067122.jpg,chair,sit comfortably,seat of chair,sit comfortably,Yes,success
sit_comfortably,COCO_val2014_000000068078.jpg,sink,sit comfortably,top of sink,sit on top of sink,Yes,success
sit_comfortably,COCO_val2014_000000068078.jpg,toilet,sit comfortably,seat of toilet,sit on toilet seat,Yes,success
sit_comfortably,COCO_val2014_000000068198.jpg,bed,sit comfortably,top part of bed,sit on bed,Yes,success
sit_comfortably,COCO_val2014_000000068198.jpg,stroller,sit comfortably,seat of stroller,sit in stroller,Yes,success
sit_comfortably,COCO_val2014_000000068286.jpg,bed,sit comfortably,top of bed,sit on bed,Yes,success
sit_comfortably,COCO_val2014_000000068286.jpg,couch,sit comfortably,couch,sit on couch,Yes,success
sit_comfortably,COCO_val2014_000000068331.jpg,chair,sit comfortably,seating area of chair,sit on chair,Yes,success
sit_comfortably,COCO_val2014_000000068331.jpg,bed,sit comfortably,bed surface,lie down on bed,Yes,success
sit_comfortably,COCO_val2014_000000068650.jpg,bench,sit comfortably,seating area of bench,sit on bench,Yes,success
sit_comfortably,COCO_val2014_000000068650.jpg,giraffe,sit comfortably,area where giraffe's head is,sit close to giraffe,Yes,success
sit_comfortably,COCO_val2014_000000068674.jpg,suitcase,sit comfortably,inside of suitcase,sit comfortably,Yes,success
sit_comfortably,COCO_val2014_000000068771.jpg,teddy bear,sit comfortably,body of teddy bear,hold teddy bear,Yes,success
sit_comfortably,COCO_val2014_000000068771.jpg,airplane seat,sit comfortably,back of seat,sit on seat,Yes,success
sit_comfortably,COCO_val2014_000000068864.jpg,chair,sit comfortably,back of chair,sit on chair,Yes,success
sit_comfortably,COCO_val2014_000000069000.jpg,bench,sit comfortably,seats of bench,sit on the bench,Yes,success
sit_comfortably,COCO_val2014_000000069000.jpg,camera,sit comfortably,body of camera,hold the camera,Yes,success
sit_comfortably,COCO_val2014_000000069021.jpg,couch,sit comfortably,back of couch,sit on the back of the couch,Yes,success
sit_comfortably,COCO_val2014_000000069021.jpg,pillow,sit comfortably,top of pillow,sit on the top of the pillow,Yes,success
sit_comfortably,COCO_val2014_000000069236.jpg,bench,sit comfortably,seats of bench,sit on bench,Yes,success
sit_comfortably,COCO_val2014_000000069293.jpg,toilet,sit comfortably,seating area of toilet,sit comfortably,Yes,success
sit_comfortably,COCO_val2014_000000069494.jpg,toilet,sit comfortably,seat of toilet,sit on toilet seat,Yes,success
sit_comfortably,COCO_val2014_000000069668.jpg,oven,sit comfortably,bottom of oven,sit on the bottom of the oven,Yes,success
sit_comfortably,COCO_val2014_000000069668.jpg,man,sit comfortably,upper body,sit on the man's upper body,Yes,success
sit_comfortably,COCO_val2014_000000069773.jpg,toilet,sit comfortably,seat of toilet,sit on the seat,Yes,success
sit_comfortably,COCO_val2014_000000069914.jpg,stool,sit comfortably,seat of stool,sit comfortably,Yes,success
sit_comfortably,COCO_val2014_000000069914.jpg,chair,sit comfortably,seat of chair,sit comfortably,Yes,success
sit_comfortably,COCO_val2014_000000070190.jpg,bench,sit comfortably,seats of bench,sit on bench,Yes,success
sit_comfortably,COCO_val2014_000000070192.jpg,bed,sit comfortably,bottom part of bed,sit on bed,Yes,success
sit_comfortably,COCO_val2014_000000070229.jpg,table,sit comfortably,top surface of table,sit on the table,Yes,success
sit_comfortably,COCO_val2014_000000070229.jpg,bench,sit comfortably,backrest of bench,sit on the bench,Yes,success
sit_comfortably,COCO_val2014_000000070370.jpg,chair,sit comfortably,seat of chair,sit on chair,Yes,success
sit_comfortably,COCO_val2014_000000070478.jpg,chair,sit comfortably,back of chair,sit comfortably,Yes,success
sit_comfortably,COCO_val2014_000000070813.jpg,bed,sit comfortably,area where person can sit,sit on bed,Yes,success
sit_comfortably,COCO_val2014_000000071004.jpg,bench,sit comfortably,seat of bench,sit on the bench,Yes,success
sit_comfortably,COCO_val2014_000000071004.jpg,dog,sit comfortably,body of dog,sit on the grass,Yes,success
sit_comfortably,COCO_val2014_000000071215.jpg,horse,sit comfortably,back of horse,sit on horse's back,Yes,success
sit_comfortably,COCO_val2014_000000071215.jpg,carriage,sit comfortably,seats in carriage,sit in carriage seats,Yes,success
sit_comfortably,COCO_val2014_000000071226.jpg,bed,sit comfortably,entire bed,sit on the bed,Yes,success
sit_comfortably,COCO_val2014_000000071226.jpg,cat,sit comfortably,cat's body,sit on the cat,Yes,success
sit_comfortably,COCO_val2014_000000071226.jpg,dog,sit comfortably,dog's body,sit on the dog,Yes,success
sit_comfortably,COCO_val2014_000000071283.jpg,couch,sit comfortably,seated area of couch,sit comfortably,Yes,success
sit_comfortably,COCO_val2014_000000071283.jpg,chair,sit comfortably,seated area of chair,sit comfortably,Yes,success
sit_comfortably,COCO_val2014_000000071302.jpg,bed,sit comfortably,top part of bed,sit on the bed,Yes,success
sit_comfortably,COCO_val2014_000000071302.jpg,pillow,sit comfortably,top part of bed,sit on the pillow,Yes,success
sit_comfortably,COCO_val2014_000000071451.jpg,bed,sit comfortably,top of bed,sit on bed,Yes,success
sit_comfortably,COCO_val2014_000000071451.jpg,towels,sit comfortably,top of bed,sit on towels,Yes,success
sit_comfortably,COCO_val2014_000000071618.jpg,toilet,sit comfortably,seating area,sit,Yes,success
sit_comfortably,COCO_val2014_000000071738.jpg,chair,sit comfortably,back of chair,sit on the back of the chair,Yes,success
sit_comfortably,COCO_val2014_000000072018.jpg,bed,sit comfortably,top of bed,sit comfortably,Yes,success
sit_comfortably,COCO_val2014_000000072018.jpg,dresser,sit comfortably,top of dresser,sit comfortably,Yes,success
sit_comfortably,COCO_val2014_000000072077.jpg,bed,sit comfortably,bed frame,sit on bed frame,Yes,success
sit_comfortably,COCO_val2014_000000072155.jpg,bench,sit comfortably,seated position on bench,sit on bench,Yes,success
sit_comfortably,COCO_val2014_000000072338.jpg,table,sit comfortably,top surface of table,sit on table,Yes,success
sit_comfortably,COCO_val2014_000000072338.jpg,chair,sit comfortably,seat of chair,sit on chair,Yes,success
sit_comfortably,COCO_val2014_000000072428.jpg,toilet,sit comfortably,seat of toilet,sit on the seat,Yes,success
sit_comfortably,COCO_val2014_000000072656.jpg,chair,sit comfortably,seat of chair,sit on the seat of the chair,Yes,success
sit_comfortably,COCO_val2014_000000072657.jpg,woman,sit comfortably,legs,sit on legs,Yes,success
sit_comfortably,COCO_val2014_000000072657.jpg,dog,sit comfortably,body,lie down,Yes,success
sit_comfortably,COCO_val2014_000000072752.jpg,table,sit comfortably,top surface of table,sit on the table,Yes,success
sit_comfortably,COCO_val2014_000000072752.jpg,chair,sit comfortably,back of chair,sit on the chair,Yes,success
sit_comfortably,COCO_val2014_000000072753.jpg,teddy bear,sit comfortably,body,sit on the table,Yes,success
sit_comfortably,COCO_val2014_000000072753.jpg,snowman,sit comfortably,body,sit on the table,Yes,success
sit_comfortably,COCO_val2014_000000072810.jpg,bicycle,sit comfortably,seat of bicycle,sit on the seat,Yes,success
sit_comfortably,COCO_val2014_000000072813.jpg,bed,sit comfortably,surface of bed,lie down,Yes,success
sit_comfortably,COCO_val2014_000000072813.jpg,dog,sit comfortably,body of dog,sit,Yes,success
sit_comfortably,COCO_val2014_000000072813.jpg,blanket,sit comfortably,top of blanket,lay on top,Yes,success
sit_comfortably,COCO_val2014_000000072829.jpg,chair,sit comfortably,back of chair,sit on the back of the chair,Yes,success
sit_comfortably,COCO_val2014_000000072839.jpg,umbrella,sit comfortably,handle of umbrella,hold umbrella while sitting,Yes,success
sit_comfortably,COCO_val2014_000000072839.jpg,bench,sit comfortably,seat of bench,sit on bench,Yes,success
sit_comfortably,COCO_val2014_000000072873.jpg,bed,sit comfortably,couch area,sit on the bed,Yes,success
sit_comfortably,COCO_val2014_000000073020.jpg,bed,sit comfortably,top of bed,sit on bed,Yes,success
sit_comfortably,COCO_val2014_000000073445.jpg,horse,sit comfortably,back of horse,sit on horse's back,Yes,success
sit_comfortably,COCO_val2014_000000073445.jpg,wagon,sit comfortably,seats in wagon,sit in wagon,Yes,success
sit_comfortably,COCO_val2014_000000073521.jpg,luggage,sit comfortably,bottom of luggage,sit on the bottom of the luggage,Yes,success
sit_comfortably,COCO_val2014_000000073521.jpg,chair,sit comfortably,back of chair,sit on the back of the chair,Yes,success
sit_comfortably,COCO_val2014_000000073533.jpg,child,sit comfortably,seated position,sit on a bench,Yes,success
sit_comfortably,COCO_val2014_000000073533.jpg,child,sit comfortably,seated position,sit on a bench,Yes,success
sit_comfortably,COCO_val2014_000000073533.jpg,child,sit comfortably,seated position,sit on a bench,Yes,success
sit_comfortably,COCO_val2014_000000073533.jpg,child,sit comfortably,seated position,sit on a bench,Yes,success
sit_comfortably,COCO_val2014_000000073738.jpg,toilet,sit comfortably,seating area of toilet,sit on toilet,Yes,success
sit_comfortably,COCO_val2014_000000073773.jpg,bench,sit comfortably,seating area of bench,sit on bench,Yes,success
sit_comfortably,COCO_val2014_000000074035.jpg,dog,sit comfortably,body,lie down,Yes,success
sit_comfortably,COCO_val2014_000000074035.jpg,couch,sit comfortably,couch surface,lie down,Yes,success
sit_comfortably,COCO_val2014_000000074209.jpg,stool,sit comfortably,seat of stool,sit comfortably,Yes,success
sit_comfortably,COCO_val2014_000000074268.jpg,bench,sit comfortably,seat of bench,sit on the seat of the bench,Yes,success
sit_comfortably,COCO_val2014_000000074430.jpg,chairs,sit comfortably,seat of chair,sit on chair,Yes,success
sit_comfortably,COCO_val2014_000000074430.jpg,tables,sit comfortably,table surface,sit on table,Yes,success
sit_comfortably,COCO_val2014_000000074458.jpg,bed,sit comfortably,top part of bed,sit on bed,Yes,success
sit_comfortably,COCO_val2014_000000074458.jpg,ottoman,sit comfortably,top part of ottoman,sit on ottoman,Yes,success
sit_comfortably,COCO_val2014_000000074638.jpg,couch,sit comfortably,back of couch,sit on the couch,Yes,success
sit_comfortably,COCO_val2014_000000074638.jpg,chair,sit comfortably,back of chair,sit on the chair,Yes,success
sit_comfortably,COCO_val2014_000000075046.jpg,bed,sit comfortably,top part of bed,sit on top part of bed,Yes,success
sit_comfortably,COCO_val2014_000000075046.jpg,rug,sit comfortably,bottom part of bed,sit on bottom part of bed,Yes,success
sit_comfortably,COCO_val2014_000000075051.jpg,toilet,sit comfortably,seat of toilet,sit on the seat,Yes,success
sit_comfortably,COCO_val2014_000000075076.jpg,bench,sit comfortably,seating area of bench,sit on the bench,Yes,success
sit_comfortably,COCO_val2014_000000075095.jpg,bench,sit comfortably,seats of the bench,sit on the bench,Yes,success
sit_comfortably,COCO_val2014_000000075173.jpg,bench,sit comfortably,seated area of bench,sit on bench,Yes,success
sit_comfortably,COCO_val2014_000000075183.jpg,laptop,sit comfortably,top of laptop,sit on top of laptop,Yes,success
sit_comfortably,COCO_val2014_000000075183.jpg,couch,sit comfortably,bottom of couch,sit on bottom of couch,Yes,success
sit_comfortably,COCO_val2014_000000075183.jpg,chair,sit comfortably,back of chair,sit on back of chair,Yes,success
sit_comfortably,COCO_val2014_000000075285.jpg,chair,sit comfortably,seat of chair,sit comfortably,Yes,success
sit_comfortably,COCO_val2014_000000075344.jpg,chair,sit comfortably,seating area,sit down,Yes,success
sit_comfortably,COCO_val2014_000000075595.jpg,bench,sit comfortably,seats of bench,sit on bench,Yes,success
sit_comfortably,COCO_val2014_000000075595.jpg,sandals,sit comfortably,soles of sandals,step into sandals,Yes,success
sit_comfortably,COCO_val2014_000000075768.jpg,bed,sit comfortably,entire bed,lie down,Yes,success
sit_comfortably,COCO_val2014_000000075768.jpg,man,sit comfortably,upper body,lay down,Yes,success
sit_comfortably,COCO_val2014_000000075768.jpg,dog,sit comfortably,head and neck,rest,Yes,success
sit_comfortably,COCO_val2014_000000075857.jpg,pews,sit comfortably,back of pew,sit,Yes,success
sit_comfortably,COCO_val2014_000000075923.jpg,bicycle,sit comfortably,seat of bicycle,sit on the seat,Yes,success
sit_comfortably,COCO_val2014_000000075932.jpg,boat,sit comfortably,seating area on the boat,sit on the boat's seating area,Yes,success
sit_comfortably,COCO_val2014_000000076029.jpg,umbrella,sit comfortably,handle of umbrella,hold umbrella while sitting,Yes,success
sit_comfortably,COCO_val2014_000000076029.jpg,bag,sit comfortably,handle of bag,hold bag while sitting,Yes,success
sit_comfortably,COCO_val2014_000000076409.jpg,bed,sit comfortably,bed surface,sit comfortably on bed,Yes,success
sit_comfortably,COCO_val2014_000000076547.jpg,table,sit comfortably,top surface of table,sit on the table,Yes,success
sit_comfortably,COCO_val2014_000000076547.jpg,bench,sit comfortably,seat of bench,sit on the bench,Yes,success
sit_comfortably,COCO_val2014_000000076674.jpg,bench,sit comfortably,seats of bench,sit on bench,Yes,success
sit_comfortably,COCO_val2014_000000077296.jpg,bench,sit comfortably,seating area of bench,sit on the bench,Yes,success
sit_comfortably,COCO_val2014_000000077394.jpg,couch,sit comfortably,seating area of couch,sit comfortably,Yes,success
sit_comfortably,COCO_val2014_000000077394.jpg,chair,sit comfortably,seating area of chair,sit comfortably,Yes,success
sit_comfortably,COCO_val2014_000000077615.jpg,bench,sit comfortably,seating area of bench,sit comfortably,Yes,success
sit_comfortably,COCO_val2014_000000077648.jpg,couch,sit comfortably,back of couch,sit comfortably,Yes,success
sit_comfortably,COCO_val2014_000000077648.jpg,chair,sit comfortably,back of chair,sit comfortably,Yes,success
sit_comfortably,COCO_val2014_000000078032.jpg,bench,sit comfortably,seating area of bench,sit on the bench,Yes,success
sit_comfortably,COCO_val2014_000000078188.jpg,cat,sit comfortably,body of cat,simple action,Yes,success
sit_comfortably,COCO_val2014_000000078188.jpg,laptop,sit comfortably,keyboard of laptop,simple action,Yes,success
sit_comfortably,COCO_val2014_000000078194.jpg,couch,sit comfortably,back of couch,sit on the back of the couch,Yes,success
sit_comfortably,COCO_val2014_000000078194.jpg,pillow,sit comfortably,pillow under child,sit on the pillow,Yes,success
sit_comfortably,COCO_val2014_000000078260.jpg,chair,sit comfortably,seats of chair,sit comfortably,Yes,success
sit_comfortably,COCO_val2014_000000078404.jpg,bench,sit comfortably,seats of bench,sit on the bench,Yes,success
sit_comfortably,COCO_val2014_000000079121.jpg,bed,sit comfortably,top of bed,sit on the bed,Yes,success
sit_comfortably,COCO_val2014_000000079121.jpg,chair,sit comfortably,seat of chair,sit on the chair,Yes,success
sit_comfortably,COCO_val2014_000000079415.jpg,bathroom sink,sit comfortably,top of sink,sit on top of sink,Yes,success
sit_comfortably,COCO_val2014_000000079415.jpg,bathtub,sit comfortably,side of bathtub,sit on side of bathtub,Yes,success
sit_comfortably,COCO_val2014_000000079446.jpg,sink,sit comfortably,top of sink,sit on sink,Yes,success
sit_comfortably,COCO_val2014_000000079446.jpg,toilet,sit comfortably,top of toilet,sit on toilet,Yes,success
sit_comfortably,COCO_val2014_000000079619.jpg,chair,sit comfortably,seating area of chair,sit on the chair,Yes,success
sit_comfortably,COCO_val2014_000000079686.jpg,chair,sit comfortably,seating area of chair,sit comfortably,Yes,success
sit_comfortably,COCO_val2014_000000079686.jpg,couch,sit comfortably,seating area of couch,sit comfortably,Yes,success
sit_comfortably,COCO_val2014_000000079878.jpg,toilet,sit comfortably,seat of toilet,sit on the toilet seat,Yes,success
sit_comfortably,COCO_val2014_000000079878.jpg,toilet paper,sit comfortably,roll of toilet paper,sit on the toilet paper roll,Yes,success
sit_comfortably,COCO_val2014_000000079906.jpg,couch,sit comfortably,couch,sit comfortably,Yes,success
sit_comfortably,COCO_val2014_000000079906.jpg,chair,sit comfortably,chair,sit comfortably,Yes,success
sit_comfortably,COCO_val2014_000000080017.jpg,toilet,sit comfortably,seat of toilet,sit on the seat,Yes,success
sit_comfortably,COCO_val2014_000000080066.jpg,chair,sit comfortably,back of chair,sit on chair,Yes,success
sit_comfortably,COCO_val2014_000000080066.jpg,table,sit comfortably,top of table,sit on table,Yes,success
sit_comfortably,COCO_val2014_000000080185.jpg,woman,sit comfortably,sitting on bench,sit on bench,Yes,success
sit_comfortably,COCO_val2014_000000080185.jpg,bench,sit comfortably,area where woman is sitting,sit on bench,Yes,success
sit_comfortably,COCO_val2014_000000080369.jpg,table,sit comfortably,top surface of table,sit on the table,Yes,success
sit_comfortably,COCO_val2014_000000080369.jpg,chair,sit comfortably,back of chair,sit on the chair,Yes,success
sit_comfortably,COCO_val2014_000000080646.jpg,dog,sit comfortably,body of dog,lie down,Yes,success
sit_comfortably,COCO_val2014_000000080646.jpg,bed,sit comfortably,surface of bed,lie down,Yes,success
sit_comfortably,COCO_val2014_000000080652.jpg,bar stool,sit comfortably,seat of stool,sit on stool,Yes,success
sit_comfortably,COCO_val2014_000000080666.jpg,cat,sit comfortably,back of cat,sit on the back of the bench,Yes,success
sit_comfortably,COCO_val2014_000000080757.jpg,couch,sit comfortably,entire couch,sit comfortably,Yes,success
sit_comfortably,COCO_val2014_000000080834.jpg,bed,sit comfortably,area for sitting,sit on the bed,Yes,success
sit_comfortably,COCO_val2014_000000080834.jpg,blanket,sit comfortably,area for sitting,sit on the blanket,Yes,success
sit_comfortably,COCO_val2014_000000081000.jpg,chair,sit comfortably,seating area of chair,sit down,Yes,success
sit_comfortably,COCO_val2014_000000081056.jpg,camera,sit comfortably,top part of camera,place camera on bench,Yes,success
sit_comfortably,COCO_val2014_000000081056.jpg,bench,sit comfortably,wooden slats of bench,sit on bench,Yes,success
sit_comfortably,COCO_val2014_000000081061.jpg,couch,sit comfortably,seat of couch,sit on the seat of the couch,Yes,success
sit_comfortably,COCO_val2014_000000081061.jpg,chair,sit comfortably,seat of chair,sit on the seat of the chair,Yes,success
sit_comfortably,COCO_val2014_000000081469.jpg,bed,sit comfortably,entire bed,sit on bed,Yes,success
sit_comfortably,COCO_val2014_000000081469.jpg,lamp,sit comfortably,base of lamp,sit on lamp base,Yes,success
sit_comfortably,COCO_val2014_000000081552.jpg,couch,sit comfortably,entire couch,sit on the couch,Yes,success
sit_comfortably,COCO_val2014_000000081897.jpg,bench,sit comfortably,seats of bench,sit on the bench,Yes,success
sit_comfortably,COCO_val2014_000000081943.jpg,toilet,sit comfortably,seat of toilet,sit on the seat,Yes,success
sit_comfortably,COCO_val2014_000000082042.jpg,cat,sit comfortably,body of cat,lie down,Yes,success
sit_comfortably,COCO_val2014_000000082042.jpg,pillow,sit comfortably,pillow,rest on,Yes,success
sit_comfortably,COCO_val2014_000000082042.jpg,duck,sit comfortably,duck,lie down,Yes,success
sit_comfortably,COCO_val2014_000000082138.jpg,giraffe,sit comfortably,bottom of giraffe,sit on the bottom of the giraffe,Yes,success
sit_comfortably,COCO_val2014_000000082138.jpg,horse,sit comfortably,bottom of horse,sit on the bottom of the horse,Yes,success
sit_comfortably,COCO_val2014_000000082174.jpg,chair,sit comfortably,seating area of chair,sit on chair,Yes,success
sit_comfortably,COCO_val2014_000000082180.jpg,bear,sit comfortably,bottom of bear,sit on bear's bottom,Yes,success
sit_comfortably,COCO_val2014_000000082180.jpg,cat,sit comfortably,bottom of cat,sit on cat's bottom,Yes,success
sit_comfortably,COCO_val2014_000000082488.jpg,bed,sit comfortably,any part of bed,sit comfortably,Yes,success
sit_comfortably,COCO_val2014_000000082530.jpg,toilet,sit comfortably,seat of toilet,sit on toilet seat,Yes,success
sit_comfortably,COCO_val2014_000000082558.jpg,bed,sit comfortably,the part of the bed that can be used for sitting,sit on the bed,Yes,success
sit_comfortably,COCO_val2014_000000082668.jpg,chair,sit comfortably,seat of chair,sit on chair,Yes,success
sit_comfortably,COCO_val2014_000000082668.jpg,umbrella,sit comfortably,umbrella canopy,sit under umbrella,Yes,success
sit_comfortably,COCO_val2014_000000082696.jpg,chair,sit comfortably,back of chair,sit on the back of the chair,Yes,success
sit_comfortably,COCO_val2014_000000083059.jpg,couch,sit comfortably,seated area of couch,sit on couch,Yes,success
sit_comfortably,COCO_val2014_000000083059.jpg,chair,sit comfortably,seated area of chair,sit on chair,Yes,success
sit_comfortably,COCO_val2014_000000083059.jpg,ottoman,sit comfortably,seated area of ottoman,sit on ottoman,Yes,success
sit_comfortably,COCO_val2014_000000083110.jpg,bed,sit comfortably,the part of the bed where the man is sitting,sit on the bed,Yes,success
sit_comfortably,COCO_val2014_000000083441.jpg,sofa,sit comfortably,cushion area,sit on the sofa,Yes,success
sit_comfortably,COCO_val2014_000000083441.jpg,couch,sit comfortably,cushion area,sit on the couch,Yes,success
sit_comfortably,COCO_val2014_000000083476.jpg,cat,sit comfortably,body,lie down,Yes,success
sit_comfortably,COCO_val2014_000000083476.jpg,remote control,sit comfortably,top of remote control,rest on top of,Yes,success
sit_comfortably,COCO_val2014_000000083557.jpg,bench,sit comfortably,backrest and seat,sit comfortably,Yes,success
sit_comfortably,COCO_val2014_000000084064.jpg,toilet,sit comfortably,seat of toilet,sit on seat,Yes,success
sit_comfortably,COCO_val2014_000000084362.jpg,couch,sit comfortably,back of couch,sit on back of couch,Yes,success
sit_comfortably,COCO_val2014_000000084362.jpg,cat,sit comfortably,back of couch,sit on back of couch,Yes,success
sit_comfortably,COCO_val2014_000000084389.jpg,bench,sit comfortably,seating area of bench,sit on bench,Yes,success
sit_comfortably,COCO_val2014_000000084454.jpg,bed,sit comfortably,top part of bed,sit on the bed,Yes,success
sit_comfortably,COCO_val2014_000000084454.jpg,chair,sit comfortably,back of chair,sit on the chair,Yes,success
sit_comfortably,COCO_val2014_000000084460.jpg,bench,sit comfortably,backrest of bench,sit on the backrest,Yes,success
sit_comfortably,COCO_val2014_000000084477.jpg,umbrella,sit comfortably,area under umbrella,sit under umbrella,Yes,success
sit_comfortably,COCO_val2014_000000084477.jpg,chair,sit comfortably,seat of chair,sit on chair,Yes,success
sit_comfortably,COCO_val2014_000000084701.jpg,suitcase,sit comfortably,bottom of suitcase,sit on the bottom of the suitcase,Yes,success
sit_comfortably,COCO_val2014_000000084701.jpg,couch,sit comfortably,couch backrest,sit on the couch backrest,Yes,success
sit_comfortably,COCO_val2014_000000084701.jpg,table,sit comfortably,table surface,sit on the table surface,Yes,success
sit_comfortably,COCO_val2014_000000085568.jpg,table,sit comfortably,top surface of table,sit on the top surface of the table,Yes,success
sit_comfortably,COCO_val2014_000000085568.jpg,bench,sit comfortably,seat of bench,sit on the seat of the bench,Yes,success
sit_comfortably,COCO_val2014_000000085795.jpg,suitcase,sit comfortably,bottom of suitcase,sit on the bottom of the suitcase,Yes,success
sit_comfortably,COCO_val2014_000000085795.jpg,girl,sit comfortably,upper body,sit on the floor,Yes,success
sit_comfortably,COCO_val2014_000000086250.jpg,couch,sit comfortably,seated area on couch,sit on couch,Yes,success
sit_comfortably,COCO_val2014_000000086250.jpg,table,sit comfortably,seated area on table,sit on table,Yes,success
sit_comfortably,COCO_val2014_000000086323.jpg,bed,sit comfortably,top of bed,sit on bed,Yes,success
sit_comfortably,COCO_val2014_000000086323.jpg,suitcases,sit comfortably,side of suitcases,sit on suitcases,Yes,success
sit_comfortably,COCO_val2014_000000086426.jpg,chair,sit comfortably,backrest and seat,sit comfortably,Yes,success
sit_comfortably,COCO_val2014_000000086650.jpg,chair,sit comfortably,seating area of chair,sit on chair,Yes,success
sit_comfortably,COCO_val2014_000000086835.jpg,bench,sit comfortably,backrest of bench,sit on backrest,Yes,success
sit_comfortably,COCO_val2014_000000086839.jpg,chair,sit comfortably,seat of chair,sit comfortably,Yes,success
sit_comfortably,COCO_val2014_000000086839.jpg,ottoman,sit comfortably,top of ottoman,sit comfortably,Yes,success
sit_comfortably,COCO_val2014_000000086946.jpg,red umbrella,sit comfortably,underside of umbrella,stand the umbrella up,Yes,success
sit_comfortably,COCO_val2014_000000086946.jpg,blue chair,sit comfortably,seat of chair,sit on the chair,Yes,success
sit_comfortably,COCO_val2014_000000087199.jpg,man,sit comfortably,seated area on bench,sit on bench,Yes,success
sit_comfortably,COCO_val2014_000000087199.jpg,child,sit comfortably,seated area on bench,sit on bench,Yes,success
sit_comfortably,COCO_val2014_000000087230.jpg,bed,sit comfortably,top of bed,sit on bed,Yes,success
sit_comfortably,COCO_val2014_000000087230.jpg,nightstand,sit comfortably,side of bed,sit on nightstand,Yes,success
sit_comfortably,COCO_val2014_000000087561.jpg,toilet,sit comfortably,seating area of toilet,sit on toilet,Yes,success
sit_comfortably,COCO_val2014_000000087885.jpg,chair,sit comfortably,seating area of chair,sit on chair,Yes,success
sit_comfortably,COCO_val2014_000000088183.jpg,couch,sit comfortably,seated area of couch,sit on couch,Yes,success
sit_comfortably,COCO_val2014_000000088183.jpg,chair,sit comfortably,seated area of chair,sit on chair,Yes,success
sit_comfortably,COCO_val2014_000000088244.jpg,chair,sit comfortably,back of chair,sit comfortably,Yes,success
sit_comfortably,COCO_val2014_000000088436.jpg,laptop,sit comfortably,keyboard area,sit on the keyboard,Yes,success
sit_comfortably,COCO_val2014_000000088436.jpg,chair,sit comfortably,seat area,sit on the seat,Yes,success
sit_comfortably,COCO_val2014_000000088899.jpg,table,sit comfortably,top surface of table,sit on the table,Yes,success
sit_comfortably,COCO_val2014_000000088899.jpg,chair,sit comfortably,seat of chair,sit on the chair,Yes,success
sit_comfortably,COCO_val2014_000000088951.jpg,bench,sit comfortably,seat of bench,sit on the bench,Yes,success
sit_comfortably,COCO_val2014_000000088951.jpg,dog,sit comfortably,floor,sit on the ground,Yes,success
sit_comfortably,COCO_val2014_000000089045.jpg,piano,sit comfortably,seating area of piano,sit on the piano bench,Yes,success
sit_comfortably,COCO_val2014_000000089045.jpg,couch,sit comfortably,seating area of couch,sit on the couch,Yes,success
sit_comfortably,COCO_val2014_000000089391.jpg,sink,sit comfortably,top part of sink,sit on the edge of sink,Yes,success
sit_comfortably,COCO_val2014_000000089391.jpg,toilet,sit comfortably,seat of toilet,sit on the toilet seat,Yes,success
sit_comfortably,COCO_val2014_000000089430.jpg,cat,sit comfortably,body,lie down,Yes,success
sit_comfortably,COCO_val2014_000000089430.jpg,chair,sit comfortably,seat,sit,Yes,success
sit_comfortably,COCO_val2014_000000089648.jpg,chair,sit comfortably,back of chair,sit on the back of the chair,Yes,success
sit_comfortably,COCO_val2014_000000090108.jpg,sink,sit comfortably,top part of sink,sit on top of sink,Yes,success
sit_comfortably,COCO_val2014_000000090108.jpg,bathtub,sit comfortably,bottom part of bathtub,sit in bathtub,Yes,success
sit_comfortably,COCO_val2014_000000090108.jpg,toilet,sit comfortably,seat of toilet,sit on toilet seat,Yes,success
sit_comfortably,COCO_val2014_000000090239.jpg,couch,sit comfortably,couch,sit on the couch,Yes,success
sit_comfortably,COCO_val2014_000000090239.jpg,chair,sit comfortably,chair,sit on the chair,Yes,success
sit_comfortably,COCO_val2014_000000090501.jpg,bench,sit comfortably,seated area of bench,sit down,Yes,success
sit_comfortably,COCO_val2014_000000090935.jpg,bed,sit comfortably,back of bed,sit on the back of the bed,Yes,success
sit_comfortably,COCO_val2014_000000091283.jpg,Jeep,sit comfortably,seating area,sit comfortably,Yes,success
sit_comfortably,COCO_val2014_000000091283.jpg,flags,sit comfortably,top of vehicle,hang flags,Yes,success
sit_comfortably,COCO_val2014_000000091374.jpg,chair,sit comfortably,seat of chair,sit on chair,Yes,success
sit_comfortably,COCO_val2014_000000091374.jpg,ottoman,sit comfortably,seat of ottoman,sit on ottoman,Yes,success
sit_comfortably,COCO_val2014_000000091500.jpg,chair,sit comfortably,seating area of chair,sit on chair,Yes,success
sit_comfortably,COCO_val2014_000000091885.jpg,couch,sit comfortably,couch,sit on the couch,Yes,success
sit_comfortably,COCO_val2014_000000091885.jpg,cat,sit comfortably,cat,sit on the cat,Yes,success
sit_comfortably,COCO_val2014_000000092091.jpg,couch,sit comfortably,seated area on couch,sit comfortably,Yes,success
sit_comfortably,COCO_val2014_000000092091.jpg,chair,sit comfortably,seated area on chair,sit comfortably,Yes,success
sit_comfortably,COCO_val2014_000000092134.jpg,umbrella,sit comfortably,area under umbrella,sit under umbrella,Yes,success
sit_comfortably,COCO_val2014_000000092134.jpg,chair,sit comfortably,seat of chair,sit on chair,Yes,success
sit_comfortably,COCO_val2014_000000092377.jpg,bird,sit comfortably,perched on wooden rail,sit on the bench,Yes,success
sit_comfortably,COCO_val2014_000000092768.jpg,bench,sit comfortably,seating area of bench,sit on bench,Yes,success
sit_comfortably,COCO_val2014_000000092795.jpg,bench,sit comfortably,seat of bench,sit on the seat,Yes,success
sit_comfortably,COCO_val2014_000000093893.jpg,table,sit comfortably,top surface of table,sit on the table,Yes,success
sit_comfortably,COCO_val2014_000000093893.jpg,mug,sit comfortably,top of mug,sit on the mug,Yes,success
sit_comfortably,COCO_val2014_000000094038.jpg,bed,sit comfortably,area for sitting,sit on the bed,Yes,success
sit_comfortably,COCO_val2014_000000094038.jpg,dog,sit comfortably,area for sitting,sit on the dog,Yes,success
sit_comfortably,COCO_val2014_000000094052.jpg,chair,sit comfortably,seats of chair,sit comfortably,Yes,success
sit_comfortably,COCO_val2014_000000094140.jpg,dog,sit comfortably,back seat,simple action,Yes,success
sit_comfortably,COCO_val2014_000000094326.jpg,bench,sit comfortably,seat of bench,sit on bench,Yes,success
sit_comfortably,COCO_val2014_000000094774.jpg,chair,sit comfortably,back of chair,sit comfortably,Yes,success
sit_comfortably,COCO_val2014_000000095295.jpg,couch,sit comfortably,cushion area,sit on the couch,Yes,success
sit_comfortably,COCO_val2014_000000095295.jpg,seat,sit comfortably,backrest area,sit on the seat,Yes,success
sit_comfortably,COCO_val2014_000000096097.jpg,chair,sit comfortably,seat of chair,sit on the seat of the chair,Yes,success
sit_comfortably,COCO_val2014_000000096107.jpg,sink,sit comfortably,area around sink,sit comfortably,Yes,success
sit_comfortably,COCO_val2014_000000096107.jpg,dish rack,sit comfortably,area around dish rack,sit comfortably,Yes,success
sit_comfortably,COCO_val2014_000000096402.jpg,chair,sit comfortably,seat of chair,sit on the chair,Yes,success
sit_comfortably,COCO_val2014_000000096402.jpg,couch,sit comfortably,seat of couch,sit on the couch,Yes,success
sit_comfortably,COCO_val2014_000000096420.jpg,horse,sit comfortably,saddle on horse,sit on saddle,Yes,success
sit_comfortably,COCO_val2014_000000096420.jpg,carriage,sit comfortably,seat in carriage,sit in seat,Yes,success
sit_comfortably,COCO_val2014_000000096539.jpg,couch,sit comfortably,seat of couch,sit comfortably,Yes,success
sit_comfortably,COCO_val2014_000000096539.jpg,chair,sit comfortably,seat of chair,sit comfortably,Yes,success
sit_comfortably,COCO_val2014_000000096711.jpg,bench,sit comfortably,seat of bench,sit on the seat,Yes,success
sit_comfortably,COCO_val2014_000000096983.jpg,cat,sit comfortably,body,sit on the bench,Yes,success
sit_comfortably,COCO_val2014_000000097337.jpg,couch,sit comfortably,seat of couch,sit on the couch,Yes,success
sit_comfortably,COCO_val2014_000000097337.jpg,table,sit comfortably,top of table,sit on the table,Yes,success
sit_comfortably,COCO_val2014_000000097479.jpg,bench,sit comfortably,seated area of bench,sit down,Yes,success
sit_comfortably,COCO_val2014_000000097561.jpg,desk,sit comfortably,top surface of desk,sit on chair,Yes,success
sit_comfortably,COCO_val2014_000000097561.jpg,chair,sit comfortably,seat of chair,sit on chair,Yes,success
sit_comfortably,COCO_val2014_000000097577.jpg,bed,sit comfortably,top of bed,sit on bed,Yes,success
sit_comfortably,COCO_val2014_000000097577.jpg,couch,sit comfortably,couch,sit on couch,Yes,success
sit_comfortably,COCO_val2014_000000097693.jpg,bed,sit comfortably,top part of bed,sit on the bed,Yes,success
sit_comfortably,COCO_val2014_000000097693.jpg,chair,sit comfortably,seat of chair,sit on the chair,Yes,success
sit_comfortably,COCO_val2014_000000098141.jpg,horse,sit comfortably,saddle on horse,sit on saddle,Yes,success
sit_comfortably,COCO_val2014_000000098141.jpg,saddle,sit comfortably,saddle on horse,sit on saddle,Yes,success
sit_comfortably,COCO_val2014_000000098716.jpg,bench,sit comfortably,seated area of bench,sit on the bench,Yes,success
sit_comfortably,COCO_val2014_000000098832.jpg,stool,sit comfortably,seat of stool,sit on stool,Yes,success
sit_comfortably,COCO_val2014_000000098832.jpg,couch,sit comfortably,seat of couch,sit on couch,Yes,success
sit_comfortably,COCO_val2014_000000099342.jpg,bed,sit comfortably,bottom part of bed,sit on bed,Yes,success
sit_comfortably,COCO_val2014_000000099342.jpg,checkers,sit comfortably,bottom part of checkers,sit on checkers,Yes,success
sit_comfortably,COCO_val2014_000000099938.jpg,bed,sit comfortably,entire bed,sit on the bed,Yes,success
sit_comfortably,COCO_val2014_000000099938.jpg,book,sit comfortably,book cover,read the book,Yes,success
sit_comfortably,COCO_val2014_000000100111.jpg,laptop,sit comfortably,keyboard area,sit on the keyboard,Yes,success
sit_comfortably,COCO_val2014_000000100111.jpg,table,sit comfortably,top surface,sit on the table,Yes,success
sit_comfortably,COCO_val2014_000000100215.jpg,bed,sit comfortably,any part of bed,sit on bed,Yes,success
sit_comfortably,COCO_val2014_000000100539.jpg,truck,sit comfortably,back of truck,sit on the back of the truck,Yes,success
sit_comfortably,COCO_val2014_000000100539.jpg,chair,sit comfortably,back of truck,sit on the chair in the back of the truck,Yes,success
sit_comfortably,COCO_val2014_000000100711.jpg,couch,sit comfortably,back of couch,sit on the back of the couch,Yes,success
sit_comfortably,COCO_val2014_000000100711.jpg,chair,sit comfortably,back of chair,sit on the back of the chair,Yes,success
sit_comfortably,COCO_val2014_000000100726.jpg,couch,sit comfortably,back of couch,sit on the back of the couch,Yes,success
sit_comfortably,COCO_val2014_000000100848.jpg,couch,sit comfortably,area for sitting,sit on the couch,Yes,success
sit_comfortably,COCO_val2014_000000100848.jpg,ottoman,sit comfortably,area for sitting,sit on the ottoman,Yes,success
sit_comfortably,COCO_val2014_000000101420.jpg,couch,sit comfortably,back of couch,sit on back of couch,Yes,success
sit_comfortably,COCO_val2014_000000101420.jpg,pillow,sit comfortably,side of couch,sit on side of couch,Yes,success
sit_comfortably,COCO_val2014_000000101660.jpg,bed,sit comfortably,top of bed,sit on the bed,Yes,success
sit_comfortably,COCO_val2014_000000101660.jpg,table,sit comfortably,top of table,sit on the table,Yes,success
sit_comfortably,COCO_val2014_000000101913.jpg,bench,sit comfortably,backrest of bench,sit on the backrest,Yes,success
sit_comfortably,COCO_val2014_000000102446.jpg,chair,sit comfortably,backrest,sit comfortably on the backrest,Yes,success
sit_comfortably,COCO_val2014_000000102446.jpg,table,sit comfortably,top surface,sit comfortably on the top surface,Yes,success
sit_comfortably,COCO_val2014_000000102503.jpg,chair,sit comfortably,seat of chair,sit comfortably,Yes,success
sit_comfortably,COCO_val2014_000000102858.jpg,bench,sit comfortably,backrest and seat of bench,sit on bench,Yes,success
sit_comfortably,COCO_val2014_000000102904.jpg,couch,sit comfortably,seated area of couch,sit comfortably,Yes,success
sit_comfortably,COCO_val2014_000000102904.jpg,chair,sit comfortably,seated area of chair,sit comfortably,Yes,success
sit_comfortably,COCO_val2014_000000103017.jpg,bed,sit comfortably,top of bed,sit on bed,Yes,success
sit_comfortably,COCO_val2014_000000103017.jpg,pillow,sit comfortably,top of bed,sit on pillow,Yes,success
sit_comfortably,COCO_val2014_000000103375.jpg,bed,sit comfortably,top part of bed,sit on bed,Yes,success
sit_comfortably,COCO_val2014_000000103710.jpg,couch,sit comfortably,seat of couch,sit comfortably on the seat of the couch,Yes,success
sit_comfortably,COCO_val2014_000000103710.jpg,chair,sit comfortably,seat of chair,sit comfortably on the seat of the chair,Yes,success
sit_comfortably,COCO_val2014_000000103855.jpg,bench,sit comfortably,seat of bench,sit on the bench,Yes,success
sit_comfortably,COCO_val2014_000000103863.jpg,stove,sit comfortably,top of stove,sit on top of stove,Yes,success
sit_comfortably,COCO_val2014_000000103863.jpg,sink,sit comfortably,top of sink,sit on top of sink,Yes,success
sit_comfortably,COCO_val2014_000000104137.jpg,chair,sit comfortably,backrest and seat,simple action,Yes,success
sit_comfortably,COCO_val2014_000000104150.jpg,chair,sit comfortably,seat of chair,sit on chair,Yes,success
sit_comfortably,COCO_val2014_000000104150.jpg,cat,sit comfortably,body of cat,lie on chair,Yes,success
sit_comfortably,COCO_val2014_000000105303.jpg,bench,sit comfortably,back of bench,sit on the back of the bench,Yes,success
sit_comfortably,COCO_val2014_000000105866.jpg,bed,sit comfortably,bed surface,sit on the bed,Yes,success
sit_comfortably,COCO_val2014_000000106096.jpg,bench,sit comfortably,seating area of bench,sit on bench,Yes,success
sit_comfortably,COCO_val2014_000000106120.jpg,toilet,sit comfortably,seat of toilet,sit comfortably,Yes,success
sit_comfortably,COCO_val2014_000000106216.jpg,carriage,sit comfortably,seats in carriage,sit on seats,Yes,success
sit_comfortably,COCO_val2014_000000106235.jpg,couch,sit comfortably,seated area of couch,sit on couch,Yes,success
sit_comfortably,COCO_val2014_000000106235.jpg,ottoman,sit comfortably,seated area of ottoman,sit on ottoman,Yes,success
sit_comfortably,COCO_val2014_000000106356.jpg,dog,sit comfortably,back of dog,simple action,Yes,success
sit_comfortably,COCO_val2014_000000106356.jpg,pillow,sit comfortably,top of pillow,simple action,Yes,success
sit_comfortably,COCO_val2014_000000106389.jpg,chair,sit comfortably,backrest and seat of chair,sit on chair,Yes,success
sit_comfortably,COCO_val2014_000000106793.jpg,bed,sit comfortably,area where person can sit,sit on the bed,Yes,success
sit_comfortably,COCO_val2014_000000106793.jpg,pillow,sit comfortably,area where person can sit,sit on the pillow,Yes,success
sit_comfortably,COCO_val2014_000000106794.jpg,horse,sit comfortably,back of horse,sit on horse's back,Yes,success
sit_comfortably,COCO_val2014_000000106794.jpg,carriage,sit comfortably,seats in carriage,sit in carriage seats,Yes,success
sit_comfortably,COCO_val2014_000000106909.jpg,chair,sit comfortably,seated area of chair,sit comfortably,Yes,success
sit_comfortably,COCO_val2014_000000107339.jpg,couch,sit comfortably,seating area,sit on the couch,Yes,success
sit_comfortably,COCO_val2014_000000107339.jpg,ottoman,sit comfortably,seating area,sit on the ottoman,Yes,success
sit_comfortably,COCO_val2014_000000107427.jpg,toilet,sit comfortably,seat of toilet,sit comfortably,Yes,success
sit_comfortably,COCO_val2014_000000107542.jpg,bench,sit comfortably,any part of the bench,sit on the bench,Yes,success
sit_comfortably,COCO_val2014_000000108425.jpg,chair,sit comfortably,back of chair,sit comfortably,Yes,success
sit_comfortably,COCO_val2014_000000108548.jpg,sink,sit comfortably,top part of sink,sit comfortably,Yes,success
sit_comfortably,COCO_val2014_000000108548.jpg,toilet,sit comfortably,top part of toilet,sit comfortably,Yes,success
sit_comfortably,COCO_val2014_000000108645.jpg,chair,sit comfortably,seat of chair,sit on the chair,Yes,success
sit_comfortably,COCO_val2014_000000108668.jpg,dog,sit comfortably,body of dog,lie down,Yes,success
sit_comfortably,COCO_val2014_000000108668.jpg,bed,sit comfortably,top of bed,lie down,Yes,success
sit_comfortably,COCO_val2014_000000108674.jpg,bed,sit comfortably,bed frame,sit on bed frame,Yes,success
sit_comfortably,COCO_val2014_000000108679.jpg,bed,sit comfortably,bottom of bed,sit on the bed,Yes,success
sit_comfortably,COCO_val2014_000000108679.jpg,bicycle,sit comfortably,seat of bicycle,sit on the bicycle seat,Yes,success
sit_comfortably,COCO_val2014_000000108803.jpg,umbrella,sit comfortably,handle of umbrella,hold umbrella to sit,Yes,success
sit_comfortably,COCO_val2014_000000109118.jpg,chair,sit comfortably,back of chair,sit on the back of the chair,Yes,success
sit_comfortably,COCO_val2014_000000109707.jpg,couch,sit comfortably,seat of couch,sit on the couch,Yes,success
sit_comfortably,COCO_val2014_000000109707.jpg,pillow,sit comfortably,pillow on the couch,sit on the pillow,Yes,success
sit_comfortably,COCO_val2014_000000110027.jpg,table,sit comfortably,top surface of table,sit on chair,Yes,success
sit_comfortably,COCO_val2014_000000110027.jpg,chair,sit comfortably,seat of chair,sit on chair,Yes,success
sit_comfortably,COCO_val2014_000000110415.jpg,couch,sit comfortably,back of couch,sit on the back of the couch,Yes,success
sit_comfortably,COCO_val2014_000000110415.jpg,bed,sit comfortably,side of bed,sit on the side of the bed,Yes,success
sit_comfortably,COCO_val2014_000000110562.jpg,laptop,sit comfortably,laptop screen,use laptop screen as support,Yes,success
sit_comfortably,COCO_val2014_000000110562.jpg,couch,sit comfortably,couch surface,sit on couch,Yes,success
sit_comfortably,COCO_val2014_000000110783.jpg,toilet,sit comfortably,seat of toilet,sit on the toilet seat,Yes,success
sit_comfortably,COCO_val2014_000000110857.jpg,chair,sit comfortably,backrest and seat,sit comfortably,Yes,success
sit_comfortably,COCO_val2014_000000110857.jpg,bed,sit comfortably,bed surface,sit comfortably,Yes,success
sit_comfortably,COCO_val2014_000000111014.jpg,toilet,sit comfortably,seat of toilet,sit on seat,Yes,success
sit_comfortably,COCO_val2014_000000111014.jpg,bidet,sit comfortably,seat of bidet,sit on seat,Yes,success
sit_comfortably,COCO_val2014_000000111062.jpg,chair,sit comfortably,back of chair,sit comfortably,Yes,success
sit_comfortably,COCO_val2014_000000111076.jpg,toilet,sit comfortably,top of toilet,sit comfortably,Yes,success
sit_comfortably,COCO_val2014_000000111076.jpg,sink,sit comfortably,top of sink,sit comfortably,Yes,success
sit_comfortably,COCO_val2014_000000111099.jpg,bench,sit comfortably,seated area of bench,sit down,Yes,success
sit_comfortably,COCO_val2014_000000111211.jpg,bed,sit comfortably,bottom of bed,sit on bed,Yes,success
sit_comfortably,COCO_val2014_000000111211.jpg,chair,sit comfortably,seat of chair,sit on chair,Yes,success
sit_comfortably,COCO_val2014_000000111951.jpg,sink,sit comfortably,top of sink,sit on top of sink,Yes,success
sit_comfortably,COCO_val2014_000000111951.jpg,toilet,sit comfortably,top of toilet,sit on top of toilet,Yes,success
sit_comfortably,COCO_val2014_000000112065.jpg,couch,sit comfortably,seated area of couch,sit on couch,Yes,success
sit_comfortably,COCO_val2014_000000112065.jpg,chair,sit comfortably,backrest of chair,sit on chair,Yes,success
sit_comfortably,COCO_val2014_000000112915.jpg,chair,sit comfortably,back of chair,sit on the back of the chair,Yes,success
sit_comfortably,COCO_val2014_000000112915.jpg,chair,sit comfortably,front of chair,sit on the front of the chair,Yes,success
sit_comfortably,COCO_val2014_000000112915.jpg,chair,sit comfortably,back of chair,sit on the back of the chair,Yes,success
sit_comfortably,COCO_val2014_000000112915.jpg,chair,sit comfortably,front of chair,sit on the front of the chair,Yes,success
sit_comfortably,COCO_val2014_000000113058.jpg,couch,sit comfortably,seated area on couch,sit comfortably,Yes,success
sit_comfortably,COCO_val2014_000000113058.jpg,chair,sit comfortably,seated area on chair,sit comfortably,Yes,success
sit_comfortably,COCO_val2014_000000113097.jpg,couch,sit comfortably,seating area of couch,sit on couch,Yes,success
sit_comfortably,COCO_val2014_000000113097.jpg,chair,sit comfortably,seating area of chair,sit on chair,Yes,success
sit_comfortably,COCO_val2014_000000113128.jpg,bench,sit comfortably,seating area of bench,sit on the bench,Yes,success
sit_comfortably,COCO_val2014_000000113246.jpg,woman,sit comfortably,legs,sit on the couch,Yes,success
sit_comfortably,COCO_val2014_000000113246.jpg,man,sit comfortably,legs,sit on the couch,Yes,success
sit_comfortably,COCO_val2014_000000113461.jpg,couch,sit comfortably,seat of couch,sit on the couch,Yes,success
sit_comfortably,COCO_val2014_000000113461.jpg,pillow,sit comfortably,pillow on couch,sit on the pillow,Yes,success
sit_comfortably,COCO_val2014_000000113701.jpg,bed,sit comfortably,area for sitting,sit on bed,Yes,success
sit_comfortably,COCO_val2014_000000113701.jpg,pillow,sit comfortably,area for sitting,sit on pillow,Yes,success
sit_comfortably,COCO_val2014_000000114173.jpg,toilet,sit comfortably,seat of toilet,sit on toilet seat,Yes,success
sit_comfortably,COCO_val2014_000000114173.jpg,bathtub,sit comfortably,edge of bathtub,sit on bathtub edge,Yes,success
sit_comfortably,COCO_val2014_000000114183.jpg,bench,sit comfortably,seated area of bench,sit on the bench,Yes,success
sit_comfortably,COCO_val2014_000000114399.jpg,crib,sit comfortably,top of crib,sit on top of crib,Yes,success
sit_comfortably,COCO_val2014_000000114399.jpg,pillow,sit comfortably,pillow on crib,sit on pillow,Yes,success
sit_comfortably,COCO_val2014_000000114458.jpg,pillow,sit comfortably,top part of pillow,rest head on pillow,Yes,success
sit_comfortably,COCO_val2014_000000114458.jpg,blanket,sit comfortably,bottom part of blanket,curl up under blanket,Yes,success
sit_comfortably,COCO_val2014_000000114717.jpg,teddy bear,sit comfortably,body of teddy bear,simple action,Yes,success
sit_comfortably,COCO_val2014_000000114717.jpg,baby,sit comfortably,body of baby,simple action,Yes,success
sit_comfortably,COCO_val2014_000000114870.jpg,bear,sit comfortably,body of bear,sit on the bear,Yes,success
sit_comfortably,COCO_val2014_000000115245.jpg,chair,sit comfortably,back of chair,sit on the back of the chair,Yes,success
sit_comfortably,COCO_val2014_000000115709.jpg,toilet,sit comfortably,seat of toilet,sit on toilet seat,Yes,success
sit_comfortably,COCO_val2014_000000115870.jpg,couch,sit comfortably,seated area of couch,sit down,Yes,success
sit_comfortably,COCO_val2014_000000115870.jpg,sofa,sit comfortably,seated area of sofa,sit down,Yes,success
sit_comfortably,COCO_val2014_000000116354.jpg,bench,sit comfortably,seated area of bench,sit on bench,Yes,success
sit_comfortably,COCO_val2014_000000116405.jpg,laptop,sit comfortably,laptop screen,simple action,Yes,success
sit_comfortably,COCO_val2014_000000116405.jpg,chair,sit comfortably,chair back,simple action,Yes,success
sit_comfortably,COCO_val2014_000000116556.jpg,chair,sit comfortably,seat and backrest,sit comfortably,Yes,success
sit_comfortably,COCO_val2014_000000116678.jpg,bed,sit comfortably,area where person can sit,sit on the bed,Yes,success
sit_comfortably,COCO_val2014_000000116786.jpg,toilet,sit comfortably,seating area of toilet,sit on toilet,Yes,success
sit_comfortably,COCO_val2014_000000117223.jpg,laptop,sit comfortably,keyboard area,sit on the keyboard,Yes,success
sit_comfortably,COCO_val2014_000000117223.jpg,laptop,sit comfortably,screen area,sit on the screen,Yes,success
sit_comfortably,COCO_val2014_000000117223.jpg,laptop,sit comfortably,keyboard area,sit on the keyboard,Yes,success
sit_comfortably,COCO_val2014_000000117223.jpg,laptop,sit comfortably,screen area,sit on the screen,Yes,success
sit_comfortably,COCO_val2014_000000117701.jpg,chair,sit comfortably,back of chair,sit on chair,Yes,success
sit_comfortably,COCO_val2014_000000117701.jpg,desk,sit comfortably,top of desk,sit on desk,Yes,success
sit_comfortably,COCO_val2014_000000118237.jpg,chair,sit comfortably,seat of chair,sit comfortably,Yes,success
sit_comfortably,COCO_val2014_000000118237.jpg,couch,sit comfortably,seat of couch,sit comfortably,Yes,success
sit_comfortably,COCO_val2014_000000118515.jpg,bench,sit comfortably,seat of bench,sit on the seat of the bench,Yes,success
sit_comfortably,COCO_val2014_000000119861.jpg,bench,sit comfortably,seats of bench,sit on bench,Yes,success
sit_comfortably,COCO_val2014_000000120099.jpg,chair,sit comfortably,seat of chair,sit on chair,Yes,success
sit_comfortably,COCO_val2014_000000120099.jpg,desk,sit comfortably,desk surface,sit on desk,Yes,success
sit_comfortably,COCO_val2014_000000120285.jpg,sofa,sit comfortably,couch area,sit comfortably,Yes,success
sit_comfortably,COCO_val2014_000000120285.jpg,couch,,,,No,success
sit_comfortably,COCO_val2014_000000120356.jpg,chair,sit comfortably,seating area of chair,sit on chair,Yes,success
sit_comfortably,COCO_val2014_000000120428.jpg,skirt,sit comfortably,waist,sit on the skirt,Yes,success
sit_comfortably,COCO_val2014_000000120428.jpg,bottle,sit comfortably,hand,hold the bottle,Yes,success
sit_comfortably,COCO_val2014_000000120648.jpg,bed,sit comfortably,area where person can sit,sit on bed,Yes,success
sit_comfortably,COCO_val2014_000000121242.jpg,horse,sit comfortably,back of horse,sit on horse's back,Yes,success
sit_comfortably,COCO_val2014_000000121242.jpg,man,sit comfortably,seated man,sit on man's lap,Yes,success
sit_comfortably,COCO_val2014_000000121417.jpg,umbrella,sit comfortably,handle of umbrella,hold umbrella to rest on back,Yes,success
sit_comfortably,COCO_val2014_000000121417.jpg,bench,sit comfortably,seat of bench,sit on bench,Yes,success
sit_comfortably,COCO_val2014_000000121817.jpg,couch,sit comfortably,seated area on couch,sit on couch,Yes,success
sit_comfortably,COCO_val2014_000000121817.jpg,man,sit comfortably,seated area on couch,sit on couch,Yes,success
sit_comfortably,COCO_val2014_000000121817.jpg,woman,sit comfortably,seated area on couch,sit on couch,Yes,success
sit_comfortably,COCO_val2014_000000122787.jpg,couch,sit comfortably,seating area of couch,sit on couch,Yes,success
sit_comfortably,COCO_val2014_000000122787.jpg,rug,sit comfortably,area under couch,sit on rug,Yes,success
sit_comfortably,COCO_val2014_000000122869.jpg,chair,sit comfortably,back of chair,sit comfortably,Yes,success
sit_comfortably,COCO_val2014_000000123136.jpg,chair,sit comfortably,seating area,sit comfortably,Yes,success
sit_comfortably,COCO_val2014_000000125291.jpg,diaper,sit comfortably,part of diaper used,simple action,Yes,success
sit_comfortably,COCO_val2014_000000126163.jpg,table,sit comfortably,top surface of table,sit on table,Yes,success
sit_comfortably,COCO_val2014_000000126163.jpg,bear,sit comfortably,body of bear,sit on bear,Yes,success
sit_comfortably,COCO_val2014_000000126822.jpg,bench,sit comfortably,seats of bench,sit comfortably,Yes,success
sit_comfortably,COCO_val2014_000000126941.jpg,toilet,sit comfortably,seat of toilet,sit on toilet seat,Yes,success
sit_comfortably,COCO_val2014_000000127050.jpg,chair,sit comfortably,back of chair,sit on chair,Yes,success
sit_comfortably,COCO_val2014_000000127477.jpg,cat,sit comfortably,whole cat,sit on top of suitcase,Yes,success
sit_comfortably,COCO_val2014_000000127477.jpg,suitcase,sit comfortably,top of suitcase,sit on top of suitcase,Yes,success
sit_comfortably,COCO_val2014_000000127496.jpg,toilet,sit comfortably,seat of toilet,sit comfortably,Yes,success
sit_comfortably,COCO_val2014_000000127576.jpg,chair,sit comfortably,seat of chair,sit on chair,Yes,success
sit_comfortably,COCO_val2014_000000128148.jpg,sofa,sit comfortably,seating area of sofa,sit comfortably,Yes,success
sit_comfortably,COCO_val2014_000000128201.jpg,chair,sit comfortably,seated area of chair,sit down,Yes,success
sit_comfortably,COCO_val2014_000000128377.jpg,plate,sit comfortably,edge of plate,simple action,Yes,success
sit_comfortably,COCO_val2014_000000128377.jpg,pizza,sit comfortably,edge of pizza,simple action,Yes,success
sit_comfortably,COCO_val2014_000000128392.jpg,toilet,sit comfortably,seat of toilet,sit comfortably,Yes,success
sit_comfortably,COCO_val2014_000000128515.jpg,bed,sit comfortably,area for sitting,sit on the bed,Yes,success
sit_comfortably,COCO_val2014_000000129139.jpg,cat,sit comfortably,back of chair,simple action,Yes,success
sit_comfortably,COCO_val2014_000000129139.jpg,remote control,sit comfortably,side of chair,simple action,Yes,success
sit_comfortably,COCO_val2014_000000129739.jpg,couch,sit comfortably,seated area of couch,sit comfortably,Yes,success
sit_comfortably,COCO_val2014_000000129739.jpg,chair,sit comfortably,seated area of chair,sit comfortably,Yes,success
sit_comfortably,COCO_val2014_000000129784.jpg,table,sit comfortably,top surface of table,sit on the table,Yes,success
sit_comfortably,COCO_val2014_000000129784.jpg,chair,sit comfortably,back of chair,sit on the chair,Yes,success
sit_comfortably,COCO_val2014_000000129786.jpg,couch,sit comfortably,seated area of couch,sit comfortably,Yes,success
sit_comfortably,COCO_val2014_000000129786.jpg,chair,sit comfortably,seated area of chair,sit comfortably,Yes,success
sit_comfortably,COCO_val2014_000000130030.jpg,table,sit comfortably,top surface of table,sit on the table,Yes,success
sit_comfortably,COCO_val2014_000000130030.jpg,chair,sit comfortably,seat of chair,sit on the chair,Yes,success
sit_comfortably,COCO_val2014_000000130118.jpg,bed,sit comfortably,top of bed,simple action,Yes,success
sit_comfortably,COCO_val2014_000000130399.jpg,bed,sit comfortably,upper part of bed,lie down,Yes,success
sit_comfortably,COCO_val2014_000000130399.jpg,chair,sit comfortably,seat of chair,sit,Yes,success
sit_comfortably,COCO_val2014_000000130456.jpg,couch,sit comfortably,seated area on couch,sit comfortably,Yes,success
sit_comfortably,COCO_val2014_000000130456.jpg,table,sit comfortably,seated area on table,sit comfortably,Yes,success
sit_comfortably,COCO_val2014_000000130826.jpg,bench,sit comfortably,seats of bench,sit on the bench,Yes,success
sit_comfortably,COCO_val2014_000000132578.jpg,window sill,sit comfortably,entire window sill,lie down,Yes,success
sit_comfortably,COCO_val2014_000000132578.jpg,cat,sit comfortably,entire cat,lie down,Yes,success
sit_comfortably,COCO_val2014_000000132682.jpg,toilet,sit comfortably,seat of toilet,sit on seat,Yes,success
sit_comfortably,COCO_val2014_000000133210.jpg,chair,sit comfortably,seats of chair,sit on chair,Yes,success
sit_comfortably,COCO_val2014_000000133210.jpg,bench,sit comfortably,seats of bench,sit on bench,Yes,success
sit_comfortably,COCO_val2014_000000133645.jpg,bench,sit comfortably,backrest and seat of bench,sit on bench,Yes,success
sit_comfortably,COCO_val2014_000000133679.jpg,chair,sit comfortably,seated area of chair,sit down,Yes,success
sit_comfortably,COCO_val2014_000000133679.jpg,couch,sit comfortably,seated area of couch,sit down,Yes,success
sit_comfortably,COCO_val2014_000000133707.jpg,cat,sit comfortably,entire cat,lie down,Yes,success
sit_comfortably,COCO_val2014_000000133876.jpg,bed,sit comfortably,bed surface,sit on bed,Yes,success
sit_comfortably,COCO_val2014_000000133876.jpg,hospital bed,sit comfortably,bed surface,sit on bed,Yes,success
sit_comfortably,COCO_val2014_000000133933.jpg,couch,sit comfortably,area where person can sit,sit on the couch,Yes,success
sit_comfortably,COCO_val2014_000000133933.jpg,couch,sit comfortably,area where person can sit,sit on the couch,Yes,success
sit_comfortably,COCO_val2014_000000134112.jpg,laptop,sit comfortably,laptop base,simple action,Yes,success
sit_comfortably,COCO_val2014_000000134112.jpg,dog,sit comfortably,dog's body,simple action,Yes,success
sit_comfortably,COCO_val2014_000000134178.jpg,man,sit comfortably,seated position,sit on a bench,Yes,success
sit_comfortably,COCO_val2014_000000134178.jpg,woman,sit comfortably,seated position,sit on a bench,Yes,success
sit_comfortably,COCO_val2014_000000134178.jpg,child,sit comfortably,seated position,sit on a bench,Yes,success
sit_comfortably,COCO_val2014_000000134278.jpg,chair,sit comfortably,seat of chair,sit comfortably,Yes,success
sit_comfortably,COCO_val2014_000000134343.jpg,bench,sit comfortably,seats of bench,sit on the bench,Yes,success
sit_comfortably,COCO_val2014_000000134882.jpg,bed,sit comfortably,top of bed,lie down,Yes,success
sit_comfortably,COCO_val2014_000000134882.jpg,cat,sit comfortably,on bed,lie down,Yes,success
sit_comfortably,COCO_val2014_000000135158.jpg,cat,sit comfortably,body,lie down,Yes,success
sit_comfortably,COCO_val2014_000000135158.jpg,remote control,sit comfortably,bottom,rest on,Yes,success
sit_comfortably,COCO_val2014_000000135161.jpg,toilet,sit comfortably,seat of toilet,sit on the toilet seat,Yes,success
sit_comfortably,COCO_val2014_000000135797.jpg,couch,sit comfortably,couch seat,sit on couch,Yes,success
sit_comfortably,COCO_val2014_000000135797.jpg,chair,sit comfortably,chair seat,sit on chair,Yes,success
sit_comfortably,COCO_val2014_000000135872.jpg,chair,sit comfortably,seat of chair,sit comfortably,Yes,success
sit_comfortably,COCO_val2014_000000135972.jpg,toilet,sit comfortably,seating area of toilet,sit on the toilet,Yes,success
sit_comfortably,COCO_val2014_000000136008.jpg,bench,sit comfortably,seating area of bench,sit on bench,Yes,success
sit_comfortably,COCO_val2014_000000136181.jpg,bed,sit comfortably,bed surface,sit on bed,Yes,success
sit_comfortably,COCO_val2014_000000136464.jpg,bench,sit comfortably,seating area,sit down,Yes,success
sit_comfortably,COCO_val2014_000000137118.jpg,chair,sit comfortably,seating area,sit comfortably,Yes,success
sit_comfortably,COCO_val2014_000000137321.jpg,bed,sit comfortably,top part of bed,sit on the bed,Yes,success
sit_comfortably,COCO_val2014_000000137321.jpg,quilt,sit comfortably,middle part of quilt,sit on the quilt,Yes,success
sit_comfortably,COCO_val2014_000000137507.jpg,cat,sit comfortably,entire cat,lie down,Yes,success
sit_comfortably,COCO_val2014_000000137861.jpg,chair,sit comfortably,seat of chair,sit comfortably,Yes,success
sit_comfortably,COCO_val2014_000000138070.jpg,couch,sit comfortably,seated area on couch,sit comfortably,Yes,success
sit_comfortably,COCO_val2014_000000138070.jpg,ottoman,sit comfortably,seated area on ottoman,sit comfortably,Yes,success
sit_comfortably,COCO_val2014_000000138204.jpg,laptop,sit comfortably,keyboard area,sit on the keyboard,Yes,success
sit_comfortably,COCO_val2014_000000138204.jpg,couch,sit comfortably,couch surface,sit on the couch,Yes,success
sit_comfortably,COCO_val2014_000000139486.jpg,bed,sit comfortably,bed surface,sit on bed,Yes,success
sit_comfortably,COCO_val2014_000000139684.jpg,couch,sit comfortably,seated area on couch,sit on couch,Yes,success
sit_comfortably,COCO_val2014_000000139684.jpg,chair,sit comfortably,seated area on chair,sit on chair,Yes,success
sit_comfortably,COCO_val2014_000000140286.jpg,carriage,sit comfortably,seats in carriage,sit on seats,Yes,success
sit_comfortably,COCO_val2014_000000140294.jpg,bed,sit comfortably,bottom part of bed,sit on bed,Yes,success
sit_comfortably,COCO_val2014_000000140294.jpg,couch,sit comfortably,couch,sit on couch,Yes,success
sit_comfortably,COCO_val2014_000000140435.jpg,bed,sit comfortably,upper part of bed,sit on bed,Yes,success
sit_comfortably,COCO_val2014_000000141017.jpg,chair,sit comfortably,seating area of chair,sit comfortably,Yes,success
sit_comfortably,COCO_val2014_000000141017.jpg,couch,sit comfortably,seating area of couch,sit comfortably,Yes,success
sit_comfortably,COCO_val2014_000000141040.jpg,couch,sit comfortably,area where person is sitting,sit comfortably,Yes,success
sit_comfortably,COCO_val2014_000000141040.jpg,table,sit comfortably,area where person is sitting,sit comfortably,Yes,success
sit_comfortably,COCO_val2014_000000141278.jpg,chair,sit comfortably,seat and backrest,sit on chair,Yes,success
sit_comfortably,COCO_val2014_000000141946.jpg,chair,sit comfortably,seat of chair,sit comfortably,Yes,success
sit_comfortably,COCO_val2014_000000142246.jpg,chair,sit comfortably,seating area of chair,sit on chair,Yes,success
sit_comfortably,COCO_val2014_000000142246.jpg,armchair,sit comfortably,seating area of armchair,sit on armchair,Yes,success
sit_comfortably,COCO_val2014_000000142248.jpg,couch,sit comfortably,seated area of couch,sit down,Yes,success
sit_comfortably,COCO_val2014_000000142248.jpg,chair,sit comfortably,seated area of chair,sit down,Yes,success
sit_comfortably,COCO_val2014_000000142999.jpg,bed,sit comfortably,top of bed,sit on bed,Yes,success
sit_comfortably,COCO_val2014_000000142999.jpg,nightstand,sit comfortably,side of bed,sit on nightstand,Yes,success
sit_comfortably,COCO_val2014_000000143154.jpg,chair,sit comfortably,back of chair,sit on the back of the chair,Yes,success
sit_comfortably,COCO_val2014_000000143483.jpg,couch,sit comfortably,seating area of couch,sit on couch,Yes,success
sit_comfortably,COCO_val2014_000000143483.jpg,chair,sit comfortably,seating area of chair,sit on chair,Yes,success
sit_comfortably,COCO_val2014_000000143975.jpg,chair,sit comfortably,seat of chair,sit on chair,Yes,success
sit_comfortably,COCO_val2014_000000143975.jpg,couch,sit comfortably,seat of couch,sit on couch,Yes,success
sit_comfortably,COCO_val2014_000000144635.jpg,bed,sit comfortably,upper part of bed,sit on bed,Yes,success
sit_comfortably,COCO_val2014_000000144635.jpg,dresser,sit comfortably,lower part of dresser,sit on dresser,Yes,success
sit_comfortably,COCO_val2014_000000145199.jpg,chair,sit comfortably,seats of chair,sit on chair,Yes,success
sit_comfortably,COCO_val2014_000000145284.jpg,bench,sit comfortably,seat of bench,sit comfortably,Yes,success
sit_comfortably,COCO_val2014_000000145325.jpg,chair,sit comfortably,backrest,sit comfortably,Yes,success
sit_comfortably,COCO_val2014_000000145426.jpg,bench,sit comfortably,top part of bench,sit on top part of bench,Yes,success
sit_comfortably,COCO_val2014_000000146742.jpg,bench,sit comfortably,seats of bench,sit on the bench,Yes,success
sit_comfortably,COCO_val2014_000000146813.jpg,pillow,sit comfortably,top part of pillow,sit on top of pillow,Yes,success
sit_comfortably,COCO_val2014_000000146813.jpg,bed,sit comfortably,bottom part of bed,sit on bed,Yes,success
sit_comfortably,COCO_val2014_000000146963.jpg,couch,sit comfortably,seat of couch,sit on the couch,Yes,success
sit_comfortably,COCO_val2014_000000146963.jpg,pillow,sit comfortably,back of couch,sit on the couch,Yes,success
sit_comfortably,COCO_val2014_000000146981.jpg,bench,sit comfortably,seating area of bench,sit comfortably,Yes,success
sit_comfortably,COCO_val2014_000000147030.jpg,toilet,sit comfortably,seated area of toilet,sit down,Yes,success
sit_comfortably,COCO_val2014_000000147919.jpg,plate,sit comfortably,top of plate,simple action,Yes,success
sit_comfortably,COCO_val2014_000000147919.jpg,table,sit comfortably,bottom of table,simple action,Yes,success
sit_comfortably,COCO_val2014_000000148766.jpg,vase,sit comfortably,top of vase,sit on top of vase,Yes,success
sit_comfortably,COCO_val2014_000000149197.jpg,bed,sit comfortably,bottom part of bed,sit on the bed,Yes,success
sit_comfortably,COCO_val2014_000000149197.jpg,chair,sit comfortably,bottom part of chair,sit on the chair,Yes,success
sit_comfortably,COCO_val2014_000000149304.jpg,toilet,sit comfortably,seating area of toilet,sit on the toilet seat,Yes,success
sit_comfortably,COCO_val2014_000000149304.jpg,sink,sit comfortably,top of sink,sit on the sink top,Yes,success
sit_comfortably,COCO_val2014_000000149592.jpg,bench,sit comfortably,seating area of bench,sit on bench,Yes,success
sit_comfortably,COCO_val2014_000000149676.jpg,chair,sit comfortably,back of chair,sit comfortably,Yes,success
sit_comfortably,COCO_val2014_000000150347.jpg,bed,sit comfortably,top of bed,sit on bed,Yes,success
sit_comfortably,COCO_val2014_000000150358.jpg,couch,sit comfortably,area where person is sitting,sit on the couch,Yes,success
sit_comfortably,COCO_val2014_000000150358.jpg,teddy bear,sit comfortably,area where teddy bear is placed,sit on the teddy bear,Yes,success
sit_comfortably,COCO_val2014_000000150508.jpg,bench,sit comfortably,seating area of bench,sit on the bench,Yes,success
sit_comfortably,COCO_val2014_000000150675.jpg,bed,sit comfortably,area where person can sit,sit on bed,Yes,success
sit_comfortably,COCO_val2014_000000150675.jpg,lamp,sit comfortably,area where person can sit,sit next to lamp,Yes,success
sit_comfortably,COCO_val2014_000000150874.jpg,bed,sit comfortably,top part of bed,sit on top part of bed,Yes,success
sit_comfortably,COCO_val2014_000000150874.jpg,chair,sit comfortably,back of chair,sit on back of chair,Yes,success
sit_comfortably,COCO_val2014_000000152103.jpg,bed,sit comfortably,top part of bed,sit on bed,Yes,success
sit_comfortably,COCO_val2014_000000152103.jpg,dog,sit comfortably,body of dog,sit on dog,Yes,success
sit_comfortably,COCO_val2014_000000152336.jpg,pizza,sit comfortably,top part of pizza,simple action,Yes,success
sit_comfortably,COCO_val2014_000000152336.jpg,bench,sit comfortably,bottom part of bench,simple action,Yes,success
sit_comfortably,COCO_val2014_000000152398.jpg,bed,sit comfortably,bed surface,sit on bed,Yes,success
sit_comfortably,COCO_val2014_000000152609.jpg,couch,sit comfortably,seated position on the couch,sit comfortably,Yes,success
sit_comfortably,COCO_val2014_000000152609.jpg,television,sit comfortably,seated position in front of the television,sit comfortably,Yes,success
sit_comfortably,COCO_val2014_000000153231.jpg,table,sit comfortably,top surface of table,sit on the table,Yes,success
sit_comfortably,COCO_val2014_000000153231.jpg,plate,sit comfortably,top surface of plate,sit on the plate,Yes,success
sit_comfortably,COCO_val2014_000000153231.jpg,sandwich,sit comfortably,top surface of sandwich,sit on the sandwich,Yes,success
sit_comfortably,COCO_val2014_000000153445.jpg,couch,sit comfortably,seated area,sit on the couch,Yes,success
sit_comfortably,COCO_val2014_000000153445.jpg,ottoman,sit comfortably,seated area,sit on the ottoman,Yes,success
sit_comfortably,COCO_val2014_000000153574.jpg,chair,sit comfortably,cushion area,sit comfortably,Yes,success
sit_comfortably,COCO_val2014_000000153931.jpg,man,sit comfortably,seated position,sit on the bench,Yes,success
sit_comfortably,COCO_val2014_000000153931.jpg,bench,sit comfortably,seated position,sit on the bench,Yes,success
sit_comfortably,COCO_val2014_000000154607.jpg,bench,sit comfortably,seat of bench,sit on the seat,Yes,success
sit_comfortably,COCO_val2014_000000155546.jpg,couch,sit comfortably,seating area of couch,sit comfortably,Yes,success
sit_comfortably,COCO_val2014_000000155546.jpg,ottoman,sit comfortably,top of ottoman,sit comfortably,Yes,success
sit_comfortably,COCO_val2014_000000156025.jpg,dog bed,sit comfortably,entire dog bed,sit on the dog bed,Yes,success
sit_comfortably,COCO_val2014_000000156372.jpg,chair,sit comfortably,seating area of chair,sit on chair,Yes,success
sit_comfortably,COCO_val2014_000000156466.jpg,bench,sit comfortably,seating area of bench,sit on bench,Yes,success
sit_comfortably,COCO_val2014_000000156497.jpg,couch,sit comfortably,seated area of couch,sit comfortably,Yes,success
sit_comfortably,COCO_val2014_000000156497.jpg,table,sit comfortably,seated area of table,sit comfortably,Yes,success
sit_comfortably,COCO_val2014_000000157918.jpg,bench,sit comfortably,seating area of bench,sit down,Yes,success
sit_comfortably,COCO_val2014_000000158288.jpg,bed,sit comfortably,top part of bed,sit on the bed,Yes,success
sit_comfortably,COCO_val2014_000000158288.jpg,pillow,sit comfortably,top part of bed,sit on the pillow,Yes,success
sit_comfortably,COCO_val2014_000000159240.jpg,chair,sit comfortably,seating area of chair,sit on chair,Yes,success
sit_comfortably,COCO_val2014_000000159458.jpg,bed,sit comfortably,top of bed,simple action,Yes,success
sit_comfortably,COCO_val2014_000000160393.jpg,bed,sit comfortably,top of bed,lay down,Yes,success
sit_comfortably,COCO_val2014_000000160393.jpg,headboard,sit comfortably,top of bed,lay down,Yes,success
sit_comfortably,COCO_val2014_000000160875.jpg,picnic table,sit comfortably,table top,sit on table top,Yes,success
sit_comfortably,COCO_val2014_000000161940.jpg,bed,sit comfortably,entire bed,sit comfortably,Yes,success
sit_comfortably,COCO_val2014_000000164464.jpg,bench,sit comfortably,backrest,sit on the backrest,Yes,success
sit_comfortably,COCO_val2014_000000164464.jpg,skateboard,sit comfortably,bottom,sit on the skateboard,Yes,success
sit_comfortably,COCO_val2014_000000165919.jpg,bench,sit comfortably,seats of bench,sit on bench,Yes,success
sit_comfortably,COCO_val2014_000000166478.jpg,laptop,sit comfortably,laptop screen,use laptop screen as support,Yes,success
sit_comfortably,COCO_val2014_000000166478.jpg,man,sit comfortably,man's legs,use legs for support,Yes,success
sit_comfortably,COCO_val2014_000000166482.jpg,chair,sit comfortably,seat of chair,sit on the seat of the chair,Yes,success
sit_comfortably,COCO_val2014_000000166551.jpg,chair,sit comfortably,seats of chair,sit on the chair,Yes,success
sit_comfortably,COCO_val2014_000000166913.jpg,couch,sit comfortably,seated area of couch,sit on the couch,Yes,success
sit_comfortably,COCO_val2014_000000166913.jpg,remote control,sit comfortably,area around remote control,sit on the couch near the remote control,Yes,success
sit_comfortably,COCO_val2014_000000167155.jpg,bench,sit comfortably,backrest of bench,sit on the backrest,Yes,success
sit_comfortably,COCO_val2014_000000168146.jpg,cat,sit comfortably,back of cat,sit on cat's back,Yes,success
sit_comfortably,COCO_val2014_000000168146.jpg,bed,sit comfortably,top of bed,sit on top of bed,Yes,success
sit_comfortably,COCO_val2014_000000168543.jpg,cat,sit comfortably,back of cat,sit on the back of the cat,Yes,success
sit_comfortably,COCO_val2014_000000168543.jpg,toilet,sit comfortably,top of toilet,sit on the top of the toilet,Yes,success
sit_comfortably,COCO_val2014_000000168593.jpg,chair,sit comfortably,seat of chair,sit comfortably,Yes,success
sit_comfortably,COCO_val2014_000000168626.jpg,toilet,sit comfortably,seat of toilet,sit on toilet,Yes,success
sit_comfortably,COCO_val2014_000000168650.jpg,laptop,sit comfortably,laptop screen,use laptop screen as support,Yes,success
sit_comfortably,COCO_val2014_000000168650.jpg,bed,sit comfortably,bed surface,lie down on bed,Yes,success
sit_comfortably,COCO_val2014_000000168837.jpg,bed,sit comfortably,surface of bed,lie down,Yes,success
sit_comfortably,COCO_val2014_000000168837.jpg,pillow,sit comfortably,pillow,rest on pillow,Yes,success
sit_comfortably,COCO_val2014_000000169250.jpg,couch,sit comfortably,back of couch,sit comfortably,Yes,success
sit_comfortably,COCO_val2014_000000169250.jpg,television,sit comfortably,front of television,sit comfortably,Yes,success
sit_comfortably,COCO_val2014_000000169438.jpg,chair,sit comfortably,back of chair,sit on the back of the chair,Yes,success
sit_comfortably,COCO_val2014_000000169562.jpg,chair,sit comfortably,back of chair,sit on chair,Yes,success
sit_comfortably,COCO_val2014_000000169562.jpg,couch,sit comfortably,back of couch,sit on couch,Yes,success
sit_comfortably,COCO_val2014_000000170007.jpg,bench,sit comfortably,seating area of bench,sit on the bench,Yes,success
sit_comfortably,COCO_val2014_000000170099.jpg,couch,sit comfortably,couch,sit comfortably,Yes,success
sit_comfortably,COCO_val2014_000000170191.jpg,bed,sit comfortably,bed surface,sit on bed,Yes,success
sit_comfortably,COCO_val2014_000000170191.jpg,red suitcase,sit comfortably,suitcase lid,sit on suitcase lid,Yes,success
sit_comfortably,COCO_val2014_000000170442.jpg,bed,sit comfortably,bed surface,sit on bed,Yes,success
sit_comfortably,COCO_val2014_000000170442.jpg,lamp,sit comfortably,bed surface,sit on bed,Yes,success
sit_comfortably,COCO_val2014_000000171058.jpg,bench,sit comfortably,seat of bench,sit on the seat,Yes,success
sit_comfortably,COCO_val2014_000000171753.jpg,bench,sit comfortably,seats of bench,sit on bench,Yes,success
sit_comfortably,COCO_val2014_000000172595.jpg,chair,sit comfortably,seat of chair,sit on seat,Yes,success
sit_comfortably,COCO_val2014_000000172877.jpg,chair,sit comfortably,seated position on chair,sit comfortably,Yes,success
sit_comfortably,COCO_val2014_000000172877.jpg,tie,sit comfortably,positioned around neck,sit comfortably,Yes,success
sit_comfortably,COCO_val2014_000000173302.jpg,chair,sit comfortably,seats of chair,sit comfortably,Yes,success
sit_comfortably,COCO_val2014_000000173334.jpg,cart,sit comfortably,seating area,sit comfortably,Yes,success
sit_comfortably,COCO_val2014_000000173400.jpg,bed,sit comfortably,top of bed,sit on the bed,Yes,success
sit_comfortably,COCO_val2014_000000173400.jpg,dog,sit comfortably,on the bed,sit on the dog,Yes,success
sit_comfortably,COCO_val2014_000000173464.jpg,chair,sit comfortably,seating area of chair,sit comfortably,Yes,success
sit_comfortably,COCO_val2014_000000173640.jpg,bed,sit comfortably,top of bed,sit on bed,Yes,success
sit_comfortably,COCO_val2014_000000174866.jpg,bed,sit comfortably,top of bed,lay down,Yes,success
sit_comfortably,COCO_val2014_000000174866.jpg,table,sit comfortably,top of table,sit down,Yes,success
sit_comfortably,COCO_val2014_000000175494.jpg,bed,sit comfortably,surface of bed,lie down,Yes,success
sit_comfortably,COCO_val2014_000000175494.jpg,dog,sit comfortably,body of dog,lie down,Yes,success
sit_comfortably,COCO_val2014_000000177496.jpg,chair,sit comfortably,seat of chair,sit on chair,Yes,success
sit_comfortably,COCO_val2014_000000177496.jpg,couch,sit comfortably,seat of couch,sit on couch,Yes,success
sit_comfortably,COCO_val2014_000000177802.jpg,couch,sit comfortably,seated area of couch,sit comfortably,Yes,success
sit_comfortably,COCO_val2014_000000177802.jpg,chair,sit comfortably,seated area of chair,sit comfortably,Yes,success
sit_comfortably,COCO_val2014_000000177927.jpg,couch,sit comfortably,seated area of couch,sit on couch,Yes,success
sit_comfortably,COCO_val2014_000000177927.jpg,chair,sit comfortably,seated area of chair,sit on chair,Yes,success
sit_comfortably,COCO_val2014_000000178671.jpg,bed,sit comfortably,upper part of bed,sit on bed,Yes,success
sit_comfortably,COCO_val2014_000000178671.jpg,chair,sit comfortably,front of chair,sit on chair,Yes,success
sit_comfortably,COCO_val2014_000000180662.jpg,table,sit comfortably,top surface of table,sit on table,Yes,success
sit_comfortably,COCO_val2014_000000180662.jpg,chair,sit comfortably,back of chair,sit on chair,Yes,success
sit_comfortably,COCO_val2014_000000181133.jpg,person,sit comfortably,back of chair,sit on chair,Yes,success
sit_comfortably,COCO_val2014_000000181133.jpg,chair,sit comfortably,back of chair,sit on chair,Yes,success
sit_comfortably,COCO_val2014_000000181169.jpg,bench,sit comfortably,seat of bench,sit on the seat,Yes,success
sit_comfortably,COCO_val2014_000000181572.jpg,bench,sit comfortably,seating area of bench,sit on bench,Yes,success
sit_comfortably,COCO_val2014_000000181753.jpg,chair,sit comfortably,back of chair,sit on chair,Yes,success
sit_comfortably,COCO_val2014_000000181753.jpg,couch,sit comfortably,back of couch,sit on couch,Yes,success
sit_comfortably,COCO_val2014_000000181816.jpg,bench,sit comfortably,seating area of bench,sit on the bench,Yes,success
sit_comfortably,COCO_val2014_000000182403.jpg,bench,sit comfortably,backrest of bench,sit on the backrest of the bench,Yes,success
sit_comfortably,COCO_val2014_000000182834.jpg,couch,sit comfortably,back of couch,sit on couch,Yes,success
sit_comfortably,COCO_val2014_000000182834.jpg,table,sit comfortably,table surface,sit on table,Yes,success
sit_comfortably,COCO_val2014_000000182840.jpg,chair,sit comfortably,back of chair,sit on the back of the chair,Yes,success
sit_comfortably,COCO_val2014_000000183803.jpg,couch,sit comfortably,seated area of couch,sit comfortably,Yes,success
sit_comfortably,COCO_val2014_000000183803.jpg,chair,sit comfortably,seated area of chair,sit comfortably,Yes,success
sit_comfortably,COCO_val2014_000000184830.jpg,couch,sit comfortably,seat of couch,sit comfortably,Yes,success
sit_comfortably,COCO_val2014_000000184830.jpg,ottoman,sit comfortably,seat of ottoman,sit comfortably,Yes,success
sit_comfortably,COCO_val2014_000000184994.jpg,table,sit comfortably,top surface of table,sit on table,Yes,success
sit_comfortably,COCO_val2014_000000184994.jpg,chair,sit comfortably,seat of chair,sit on chair,Yes,success
sit_comfortably,COCO_val2014_000000185197.jpg,baby,sit comfortably,whole body,lie down,Yes,success
sit_comfortably,COCO_val2014_000000185197.jpg,teddy bear,sit comfortably,whole body,lie down,Yes,success
sit_comfortably,COCO_val2014_000000186165.jpg,chair,sit comfortably,seat of chair,sit comfortably,Yes,success
sit_comfortably,COCO_val2014_000000186816.jpg,water bottle,sit comfortably,top of bottle,hold bottle,Yes,success
sit_comfortably,COCO_val2014_000000186816.jpg,tennis racket,sit comfortably,handle of racket,hold racket,Yes,success
sit_comfortably,COCO_val2014_000000187079.jpg,child,sit comfortably,seated position,sit on the chair,Yes,success
sit_comfortably,COCO_val2014_000000187079.jpg,chair,sit comfortably,seated position,sit on the chair,Yes,success
sit_comfortably,COCO_val2014_000000187329.jpg,bed,sit comfortably,entire bed,sit on bed,Yes,success
sit_comfortably,COCO_val2014_000000188109.jpg,bed,sit comfortably,the mattress,sit on the bed,Yes,success
sit_comfortably,COCO_val2014_000000188109.jpg,chair,sit comfortably,the seat,sit on the chair,Yes,success
sit_comfortably,COCO_val2014_000000188460.jpg,laptop,sit comfortably,laptop screen,simple action,Yes,success
sit_comfortably,COCO_val2014_000000188460.jpg,wii remote,sit comfortably,wii remote in hand,simple action,Yes,success
sit_comfortably,COCO_val2014_000000188735.jpg,bench,sit comfortably,seating area of bench,sit on the bench,Yes,success
sit_comfortably,COCO_val2014_000000188941.jpg,couch,sit comfortably,seat of couch,sit on the couch,Yes,success
sit_comfortably,COCO_val2014_000000188941.jpg,chair,sit comfortably,seat of chair,sit on the chair,Yes,success
sit_comfortably,COCO_val2014_000000189103.jpg,bench,sit comfortably,seated area of bench,sit down,Yes,success
sit_comfortably,COCO_val2014_000000189213.jpg,chair,sit comfortably,seating area of chair,sit on chair,Yes,success
sit_comfortably,COCO_val2014_000000189310.jpg,chair,sit comfortably,seated area of chair,sit comfortably,Yes,success
sit_comfortably,COCO_val2014_000000189475.jpg,plate,sit comfortably,top of plate,simple action,Yes,success
sit_comfortably,COCO_val2014_000000189475.jpg,napkin,sit comfortably,on table,simple action,Yes,success
sit_comfortably,COCO_val2014_000000189782.jpg,bench,sit comfortably,seating area of bench,sit on the bench,Yes,success
sit_comfortably,COCO_val2014_000000189820.jpg,chair,sit comfortably,seat of chair,sit comfortably,Yes,success
sit_comfortably,COCO_val2014_000000190236.jpg,chair,sit comfortably,seat of chair,sit comfortably,Yes,success
sit_comfortably,COCO_val2014_000000190829.jpg,bench,sit comfortably,seating area of bench,sit on the bench,Yes,success
sit_comfortably,COCO_val2014_000000193021.jpg,chair,sit comfortably,seating area of chair,sit comfortably,Yes,success
sit_comfortably,COCO_val2014_000000193021.jpg,table,sit comfortably,top surface of table,sit comfortably,Yes,success
sit_comfortably,COCO_val2014_000000193388.jpg,bench,sit comfortably,seating area of bench,sit down,Yes,success
sit_comfortably,COCO_val2014_000000193449.jpg,bed,sit comfortably,top of bed,sit on top of bed,Yes,success
sit_comfortably,COCO_val2014_000000193494.jpg,bed,sit comfortably,upper part of bed,sit on bed,Yes,success
sit_comfortably,COCO_val2014_000000194532.jpg,bed,sit comfortably,upper part of bed,sit comfortably,Yes,success
sit_comfortably,COCO_val2014_000000194559.jpg,bed,sit comfortably,bed surface,sit on bed,Yes,success
sit_comfortably,COCO_val2014_000000194729.jpg,bench,sit comfortably,seating area of bench,sit on the bench,Yes,success
sit_comfortably,COCO_val2014_000000195211.jpg,couch,sit comfortably,couch seat,sit comfortably,Yes,success
sit_comfortably,COCO_val2014_000000195211.jpg,chair,sit comfortably,chair seat,sit comfortably,Yes,success
sit_comfortably,COCO_val2014_000000195798.jpg,bench,sit comfortably,seat of bench,sit on bench,Yes,success
sit_comfortably,COCO_val2014_000000195798.jpg,umbrella,sit comfortably,handle of umbrella,hold umbrella,Yes,success
sit_comfortably,COCO_val2014_000000195815.jpg,chair,sit comfortably,seated area of chair,sit comfortably,Yes,success
sit_comfortably,COCO_val2014_000000195842.jpg,couch,sit comfortably,back of couch,sit comfortably on the couch,Yes,success
sit_comfortably,COCO_val2014_000000195842.jpg,chair,sit comfortably,back of chair,sit comfortably on the chair,Yes,success
sit_comfortably,COCO_val2014_000000195894.jpg,chair,sit comfortably,back of chair,sit on chair,Yes,success
sit_comfortably,COCO_val2014_000000195894.jpg,bed,sit comfortably,bed,sit on bed,Yes,success
sit_comfortably,COCO_val2014_000000197840.jpg,couch,sit comfortably,seat of couch,sit comfortably,Yes,success
sit_comfortably,COCO_val2014_000000197840.jpg,pillow,sit comfortably,back of couch,sit comfortably,Yes,success
sit_comfortably,COCO_val2014_000000197859.jpg,bed,sit comfortably,bottom part of bed,sit on the bed,Yes,success
sit_comfortably,COCO_val2014_000000199358.jpg,bed,sit comfortably,upper part of bed,sit on the bed,Yes,success
sit_comfortably,COCO_val2014_000000199449.jpg,couch,sit comfortably,seating area of couch,sit down,Yes,success
sit_comfortably,COCO_val2014_000000199449.jpg,armchair,sit comfortably,seating area of armchair,sit down,Yes,success
sit_comfortably,COCO_val2014_000000203438.jpg,chair,sit comfortably,seat of chair,sit comfortably,Yes,success
sit_comfortably,COCO_val2014_000000205089.jpg,couch,sit comfortably,cushion on couch,sit on cushion,Yes,success
sit_comfortably,COCO_val2014_000000205089.jpg,bed,sit comfortably,bed frame,sit on bed frame,Yes,success
sit_comfortably,COCO_val2014_000000205344.jpg,couch,sit comfortably,couch,sit comfortably on the couch,Yes,success
sit_comfortably,COCO_val2014_000000205344.jpg,chair,sit comfortably,chair,sit comfortably on the chair,Yes,success
sit_comfortably,COCO_val2014_000000205514.jpg,chair,sit comfortably,seat of chair,sit on chair,Yes,success
sit_comfortably,COCO_val2014_000000205514.jpg,couch,sit comfortably,seat of couch,sit on couch,Yes,success
sit_comfortably,COCO_val2014_000000212553.jpg,sofa,sit comfortably,seating area of sofa,sit on sofa,Yes,success
sit_comfortably,COCO_val2014_000000212553.jpg,couch,sit comfortably,seating area of couch,sit on couch,Yes,success
sit_comfortably,COCO_val2014_000000212553.jpg,chair,sit comfortably,seating area of chair,sit on chair,Yes,success
sit_comfortably,COCO_val2014_000000212553.jpg,armchair,sit comfortably,seating area of armchair,sit on armchair,Yes,success
sit_comfortably,COCO_val2014_000000212553.jpg,table,sit comfortably,seating area of table,sit on table,Yes,success
sit_comfortably,COCO_val2014_000000212553.jpg,coffeetable,sit comfortably,seating area of coffeetable,sit on coffeetable,Yes,success
sit_comfortably,COCO_val2014_000000212553.jpg,lamp,sit comfortably,seating area of lamp,sit on lamp,Yes,success
sit_comfortably,COCO_val2014_000000212553.jpg,floorlamp,sit comfortably,seating area of floorlamp,sit on floorlamp,Yes,success
sit_comfortably,COCO_val2014_000000212553.jpg,candle,sit comfortably,candle on table,sit on candle,Yes,success
sit_comfortably,COCO_val2014_000000212553.jpg,candleholder,sit comfortably,candleholder on table,sit on candleholder,Yes,success
sit_comfortably,COCO_val2014_000000217009.jpg,bench,sit comfortably,seating area of bench,sit on the bench,Yes,success
sit_comfortably,COCO_val2014_000000217219.jpg,quilt,sit comfortably,top part of quilt,lay down on top of quilt,Yes,success
sit_comfortably,COCO_val2014_000000217219.jpg,pillow,sit comfortably,top part of pillow,lay down on top of pillow,Yes,success
sit_comfortably,COCO_val2014_000000219261.jpg,horse,sit comfortably,saddle on horse,sit on saddle,Yes,success
sit_comfortably,COCO_val2014_000000219261.jpg,carriage,sit comfortably,seat in carriage,sit on seat,Yes,success
sit_comfortably,COCO_val2014_000000219269.jpg,chair,sit comfortably,seating area of chair,sit comfortably,Yes,success
sit_comfortably,COCO_val2014_000000220176.jpg,bed,sit comfortably,top part of bed,sit on top of bed,Yes,success
sit_comfortably,COCO_val2014_000000220176.jpg,chair,sit comfortably,back of chair,sit on chair,Yes,success
sit_comfortably,COCO_val2014_000000220915.jpg,table,sit comfortably,top surface of table,sit on the table,Yes,success
sit_comfortably,COCO_val2014_000000220915.jpg,chair,sit comfortably,seat of chair,sit on the chair,Yes,success
sit_comfortably,COCO_val2014_000000221000.jpg,bed,sit comfortably,area to sit on,sit comfortably,Yes,success
sit_comfortably,COCO_val2014_000000221610.jpg,couch,sit comfortably,seated area on couch,sit down,Yes,success
sit_comfortably,COCO_val2014_000000221610.jpg,floor,sit comfortably,floor under couch,sit down,Yes,success
sit_comfortably,COCO_val2014_000000226938.jpg,cat,sit comfortably,body,lie down,Yes,success
sit_comfortably,COCO_val2014_000000226938.jpg,bed,sit comfortably,surface,lie down,Yes,success
sit_comfortably,COCO_val2014_000000237720.jpg,bed,sit comfortably,top of bed,sit on bed,Yes,success
sit_comfortably,COCO_val2014_000000237767.jpg,couch,sit comfortably,seat of couch,sit comfortably,Yes,success
sit_comfortably,COCO_val2014_000000237767.jpg,remote control,sit comfortably,side of couch,sit comfortably,Yes,success
sit_comfortably,COCO_val2014_000000237767.jpg,basket,sit comfortably,on couch,sit comfortably,Yes,success
sit_comfortably,COCO_val2014_000000253964.jpg,chair,sit comfortably,back of chair,sit on back of chair,Yes,success
sit_comfortably,COCO_val2014_000000254022.jpg,bed,sit comfortably,area where person can sit,sit on bed,Yes,success
sit_comfortably,COCO_val2014_000000254022.jpg,nightstand,sit comfortably,area where person can sit,sit on nightstand,Yes,success
sit_comfortably,COCO_val2014_000000255691.jpg,couch,sit comfortably,seating area of couch,sit down,Yes,success
sit_comfortably,COCO_val2014_000000255691.jpg,chair,sit comfortably,seating area of chair,sit down,Yes,success
sit_comfortably,COCO_val2014_000000255827.jpg,bed,sit comfortably,top part of bed,simple action,Yes,success
sit_comfortably,COCO_val2014_000000255827.jpg,yellow pillow,sit comfortably,middle part of pillow,simple action,Yes,success
sit_comfortably,COCO_val2014_000000255827.jpg,stuffed animal,sit comfortably,back of animal,simple action,Yes,success
sit_comfortably,COCO_val2014_000000258734.jpg,laptop,sit comfortably,laptop keyboard,type on keyboard,Yes,success
sit_comfortably,COCO_val2014_000000258734.jpg,couch,sit comfortably,couch seat,sit on couch,Yes,success
sit_comfortably,COCO_val2014_000000262162.jpg,chair,sit comfortably,backrest,sit comfortably,Yes,success
sit_comfortably,COCO_val2014_000000262162.jpg,desk,sit comfortably,surface,sit comfortably,Yes,success
sit_comfortably,COCO_val2014_000000265648.jpg,couch,sit comfortably,seated area on couch,sit comfortably,Yes,success
sit_comfortably,COCO_val2014_000000265648.jpg,ottoman,sit comfortably,seated area on ottoman,sit comfortably,Yes,success
sit_comfortably,COCO_val2014_000000266117.jpg,black leather couch,sit comfortably,couch,sit on couch,Yes,success
sit_comfortably,COCO_val2014_000000266117.jpg,black leather chair,sit comfortably,chair,sit on chair,Yes,success
sit_comfortably,COCO_val2014_000000269815.jpg,bed,sit comfortably,red blanket on bed,lie down on bed,Yes,success
sit_comfortably,COCO_val2014_000000272870.jpg,bed,sit comfortably,top of bed,sit on bed,Yes,success
sit_comfortably,COCO_val2014_000000272870.jpg,chair,sit comfortably,back of chair,sit on chair,Yes,success
sit_comfortably,COCO_val2014_000000272870.jpg,couch,sit comfortably,couch,sit on couch,Yes,success
sit_comfortably,COCO_val2014_000000275668.jpg,bed,sit comfortably,bottom of bed,sit on the bed,Yes,success
sit_comfortably,COCO_val2014_000000275668.jpg,chair,sit comfortably,seat of chair,sit on the chair,Yes,success
sit_comfortably,COCO_val2014_000000285832.jpg,black couch,sit comfortably,seated area of couch,sit comfortably,Yes,success
sit_comfortably,COCO_val2014_000000285832.jpg,black armchair,sit comfortably,seated area of armchair,sit comfortably,Yes,success
sit_comfortably,COCO_val2014_000000299067.jpg,couch,sit comfortably,back of couch,sit on the back of the couch,Yes,success
sit_comfortably,COCO_val2014_000000299067.jpg,chair,sit comfortably,cushion of chair,sit on the cushion of the chair,Yes,success
sit_comfortably,COCO_val2014_000000299067.jpg,ottoman,sit comfortably,cushion of ottoman,sit on the cushion of the ottoman,Yes,success
sit_comfortably,COCO_val2014_000000311954.jpg,couch,sit comfortably,seated area of couch,sit comfortably,Yes,success
sit_comfortably,COCO_val2014_000000311954.jpg,chair,sit comfortably,seated area of chair,sit comfortably,Yes,success
sit_comfortably,COCO_val2014_000000363461.jpg,chair,sit comfortably,backrest of chair,sit comfortably,Yes,success
sit_comfortably,COCO_val2014_000000363461.jpg,desk,sit comfortably,top of desk,sit comfortably,Yes,success
sit_comfortably,COCO_val2014_000000395405.jpg,couch,sit comfortably,seated area on couch,sit comfortably,Yes,success
sit_comfortably,COCO_val2014_000000395405.jpg,chair,sit comfortably,seated area on chair,sit comfortably,Yes,success
sit_comfortably,COCO_val2014_000000462345.jpg,bench,sit comfortably,seating area of bench,sit down,Yes,success
smear_butter,000000424.jpg,knife,smear butter,blade of knife,use knife to spread butter on bread,Yes,success
smear_butter,000009939.jpg,toaster,smear butter,top of toaster,use the spatula to spread butter on the toast,Yes,success
smear_butter,000014871.jpg,knife,smear butter,blade,use blade to smear butter,Yes,success
smear_butter,000014877.jpg,knife,smear butter,blade,use the blade to smear butter,Yes,success
smear_butter,000014882.jpg,knife,smear butter,blade,use blade to spread butter,Yes,success
smear_butter,000014970.jpg,knife,smear butter,blade,smear butter on the blade,Yes,success
smear_butter,000014988.jpg,knife,smear butter,blade,use blade to spread butter,Yes,success
smear_butter,000014994.jpg,knife,smear butter,blade,use the blade to spread butter,Yes,success
smear_butter,000014995.jpg,knife,smear butter,blade,use blade to spread butter,Yes,success
smear_butter,000015037.jpg,knife,smear butter,blade,åˆ®å¼€é»„æ²¹,Yes,success
smear_butter,000016787.jpg,knife,smear butter,blade,åˆ®é–‹é»ƒæ²¹,Yes,success
smear_butter,000016788.jpg,,,,,No,timeout
smear_butter,000041637.jpg,knife,smear butter,blade,use blade to spread butter,Yes,success
smear_butter,000041638.jpg,knife,smear butter,blade,simple action,Yes,success
smear_butter,000041654.jpg,knife,smear butter,blade,use blade to smear butter,Yes,success
smear_butter,000041654.jpg,scissors,smear butter,blades,use blades to smear butter,Yes,success
smear_butter,000041655.jpg,Victorinox Swiss Army Knife,smear butter,blade,use blade to spread butter,Yes,success
smear_butter,000041663.jpg,knife,smear butter,blade,use blade to spread butter,Yes,success
smear_butter,000041669.jpg,Victorinox Swiss Army Knife,smear butter,blade,use blade to spread butter,Yes,success
smear_butter,000041676.jpg,knife,smear butter,blade,use the blade to smear butter,Yes,success
smear_butter,000041697.jpg,knife,smear butter,blade,use blade to spread butter,Yes,success
smear_butter,000041851.jpg,knife,smear butter,blade,cut butter,Yes,success
smear_butter,000041851.jpg,ammunition,smear butter,bullet,insert into butter,Yes,success
smear_butter,000054753.jpg,pan,smear butter,bottom of pan,smear butter on the bottom of the pan,Yes,success
smear_butter,000057341.jpg,pan,smear butter,top surface of pan,simple action,Yes,success
smear_butter,000063884.jpg,knife,smear butter,blade,simple action,Yes,success
smear_butter,000063884.jpg,sheath,smear butter,handle,simple action,Yes,success
smear_butter,000063890.jpg,knife,smear butter,blade,use blade to spread butter,Yes,success
smear_butter,000063896.jpg,knife,smear butter,blade,use the blade to spread butter,Yes,success
smear_butter,000063909.jpg,knife,smear butter,blade,use blade to spread butter,Yes,success
smear_butter,000063909.jpg,sheath,smear butter,side of sheath,use sheath to spread butter,Yes,success
smear_butter,000064019.jpg,knife,smear butter,blade,use blade to spread butter,Yes,success
smear_butter,000064025.jpg,knife,smear butter,blade,use blade to smear butter,Yes,success
smear_butter,000064027.jpg,knife,smear butter,blade,use blade to spread butter,Yes,success
smear_butter,000064031.jpg,knife,smear butter,blade,use blade to spread butter,Yes,success
smear_butter,000064035.jpg,knife,smear butter,blade,rub blade with butter,Yes,success
smear_butter,000064047.jpg,knife,smear butter,blade,smear butter on the blade,Yes,success
smear_butter,000064059.jpg,knife,smear butter,blade,use blade to spread butter,Yes,success
smear_butter,000064062.jpg,knife,smear butter,blade,use blade to spread butter,Yes,success
smear_butter,000064083.jpg,knife,smear butter,blade,use the blade to spread butter,Yes,success
smear_butter,000064257.jpg,knife,smear butter,blade,use blade to spread butter,Yes,success
smear_butter,000066989.jpg,knife,smear butter,blade,use blade to spread butter,Yes,success
smear_butter,000066993.jpg,scissors,smear butter,blade,simple action,Yes,success
smear_butter,000067000.jpg,knife,smear butter,blade,simple action,Yes,success
smear_butter,000067010.jpg,knife,smear butter,blade,simple action,Yes,success
smear_butter,000067016.jpg,knife,smear butter,blade,use blade to spread butter,Yes,success
smear_butter,000067024.jpg,,,,,No,timeout
smear_butter,000067027.jpg,knife,smear butter,blade,use blade to spread butter,Yes,success
smear_butter,000070872.jpg,knife,smear butter,blade of knife,use blade to spread butter,Yes,success
smear_butter,000076882.jpg,,,,,No,timeout
smear_butter,000105650.jpg,knife,smear butter,blade,use blade to spread butter,Yes,success
smear_butter,000105679.jpg,knife,smear butter,blade,smear butter on the blade,Yes,success
